hash_id,case,comment_anon,emojis,themes_a,themes_b,themes_rev,disagreement,kappa_rev_a,kappa_rev_b,theme_C1_a,theme_C2_a,theme_C3_a,theme_C4_a,theme_C5_a,theme_NA_a,character_a,tone_a,confidence_a,theme_C1_b,theme_C2_b,theme_C3_b,theme_C4_b,theme_C5_b,theme_NA_b,character_b,tone_b,confidence_b,theme_C1_rev,theme_C2_rev,theme_C3_rev,theme_C4_rev,theme_C5_rev,theme_NA_rev,character_rev,tone_rev,confidence_rev,theme_C1_h,theme_C2_h,theme_C3_h,theme_C4_h,theme_C5_h,theme_NA_h,character_h,tone_h,human_notes,reviewed_by,reviewed_at,classification_source,needs_human_review
BRUNO_MARS_3347,Bruno_Mars,Até q enfim virou aqui,,C5,C1,C4,C1: só B; C4: só rev; C5: só A,-0.25,-0.25,0,0,0,0,1,0,Afetivo,Positivo,0.75,1,0,0,0,0,0,Afetivo,Positivo,0.75,0,0,0,1,0,0,Afetivo,Positivo,0.85,,,,,,,,,,,,llm_reviewer,True
BRUNO_MARS_5462,Bruno_Mars,Que rufem os tambores!!!🥁🥁🥁🥁🥁🥁🥁🥁🥁🥁🥁🥁🥁,🥁,C5,C1,C4,C1: só B; C4: só rev; C5: só A,-0.25,-0.25,0,0,0,0,1,0,Afetivo,Positivo,0.88,1,0,0,0,0,0,Afetivo,Positivo,0.78,0,0,0,1,0,0,Afetivo,Positivo,0.82,,,,,,,,,,,,llm_reviewer,True
BRUNO_MARS_5621,Bruno_Mars,5MIL GENTE!!!!!! CONTAGEM REGRESSSIVA COMEÇOU 💣,💣,C1,C5,C4,C1: só A; C4: só rev; C5: só B,-0.25,-0.25,1,0,0,0,0,0,Afetivo,Positivo,0.72,0,0,0,0,1,0,Afetivo,Positivo,0.8,0,0,0,1,0,0,Afetivo,Positivo,0.87,,,,,,,,,,,,llm_reviewer,True
BRUNO_MARS_7586,Bruno_Mars,"Só acredito vendo, eu vendo 😳",😳,C5,C2,C4,C2: só B; C4: só rev; C5: só A,-0.25,-0.25,0,0,0,0,1,0,Afetivo,Neutro,0.75,0,1,0,0,0,0,Afetivo,Negativo,0.72,0,0,0,1,0,0,Afetivo,Positivo,0.85,,,,,,,,,,,,llm_reviewer,True
CR7_0712,CR7,Essa foi a mensagem mais bonita de todos os grandes jogadores de futebol da atualidade 👏👏,👏,C5,C1,C4,C1: só B; C4: só rev; C5: só A,-0.25,-0.25,0,0,0,0,1,0,Afetivo,Positivo,0.85,1,0,0,0,0,0,Afetivo,Positivo,0.92,0,0,0,1,0,0,Afetivo,Positivo,0.9,,,,,,,,,,,,llm_reviewer,True
CR7_2036,CR7,"Você é o melhor jogador de futebol da história do mundo. Mas a razão pela qual você é amado é porque é uma pessoa muito gentil, generosa e paciente. Espero que você esteja sempre bem ao lado da sua família. Grande homem.",,C4,"C4,C5",C1,C1: só rev; C4: A vs B; C5: só B,-0.25,-0.36363636363636354,0,0,0,1,0,0,Afetivo,Positivo,0.92,0,0,0,1,1,0,Afetivo,Positivo,0.92,1,0,0,0,0,0,Afetivo,Positivo,0.9,,,,,,,,,,,,llm_reviewer,True
FERNANDA_TORRES_4472,Fernanda_Torres,Linda,,"C1,C5",C1,C4,C1: A vs B; C4: só rev; C5: só A,-0.36363636363636354,-0.25,1,0,0,0,1,0,Afetivo,Positivo,0.85,1,0,0,0,0,0,Afetivo,Positivo,0.85,0,0,0,1,0,0,Afetivo,Positivo,0.85,,,,,,,,,,,,llm_reviewer,True
BRUNO_MARS_4417,Bruno_Mars,Eu acredito,,C5,N.A.,C4,C4: só rev; C5: só A; N.A.: B,-0.25,0.0,0,0,0,0,1,0,Afetivo,Positivo,0.75,0,0,0,0,0,1,Cognitivo,Neutro,0.75,0,0,0,1,0,0,Afetivo,Positivo,0.85,,,,,,,,,,,,llm_reviewer,True
BRUNO_MARS_5497,Bruno_Mars,Bora lá!!!🚀😂,🚀 😂,N.A.,C5,"C2,C4",C2: só rev; C4: só rev; C5: só B; N.A.: A,0.0,-0.36363636363636354,0,0,0,0,0,1,Afetivo,Positivo,0.75,0,0,0,0,1,0,Afetivo,Positivo,0.75,0,1,0,1,0,0,Afetivo,Positivo,0.8,,,,,,,,,,,,llm_reviewer,True
BRUNO_MARS_5746,Bruno_Mars,Só 1.698 .... BORAAAAAA,,C5,N.A.,C4,C4: só rev; C5: só A; N.A.: B,-0.25,0.0,0,0,0,0,1,0,Afetivo,Positivo,0.85,0,0,0,0,0,1,Afetivo,Positivo,0.65,0,0,0,1,0,0,Afetivo,Positivo,0.8,,,,,,,,,,,,llm_reviewer,True
CR7_0472,CR7,You are great player in the world,,C1,N.A.,C4,C1: só A; C4: só rev; N.A.: B,-0.25,0.0,1,0,0,0,0,0,Afetivo,Positivo,0.78,0,0,0,0,0,1,Afetivo,Positivo,0.6,0,0,0,1,0,0,Afetivo,Positivo,0.8,,,,,,,,,,,,llm_reviewer,True
CR7_0500,CR7,جعلك تلحقه,,C1,N.A.,C3,C1: só A; C3: só rev; N.A.: B,-0.25,0.0,1,0,0,0,0,0,Cognitivo,Neutro,0.75,0,0,0,0,0,1,Afetivo,Neutro,0.6,0,0,1,0,0,0,Afetivo,Negativo,0.78,,,,,,,,,,,,llm_reviewer,True
CR7_0554,CR7,عجب عکس دو ستاره فوتبال,,N.A.,C1,C4,C1: só B; C4: só rev; N.A.: A,0.0,-0.25,0,0,0,0,0,1,Afetivo,Positivo,0.7,1,0,0,0,0,0,Afetivo,Positivo,0.78,0,0,0,1,0,0,Afetivo,Positivo,0.8,,,,,,,,,,,,llm_reviewer,True
CR7_0571,CR7,شد حيلك البقاء لله,,C1,N.A.,C4,C1: só A; C4: só rev; N.A.: B,-0.25,0.0,1,0,0,0,0,0,Afetivo,Positivo,0.85,0,0,0,0,0,1,Afetivo,Positivo,0.8,0,0,0,1,0,0,Afetivo,Positivo,0.88,,,,,,,,,,,,llm_reviewer,True
CR7_0689,CR7,اجرنا واجركم عظيم,,C1,N.A.,C4,C1: só A; C4: só rev; N.A.: B,-0.25,0.0,1,0,0,0,0,0,Afetivo,Positivo,0.85,0,0,0,0,0,1,Afetivo,Positivo,0.65,0,0,0,1,0,0,Afetivo,Positivo,0.8,,,,,,,,,,,,llm_reviewer,True
CR7_1078,CR7,@user crissssssss Please hear my voice please 🙏🙏🙏🙏🙏🙏🙏,🙏,N.A.,C1,C4,C1: só B; C4: só rev; N.A.: A,0.0,-0.25,0,0,0,0,0,1,Afetivo,Positivo,0.7,1,0,0,0,0,0,Afetivo,Positivo,0.8,0,0,0,1,0,0,Afetivo,Positivo,0.82,,,,,,,,,,,,llm_reviewer,True
CR7_1108,CR7,Tu es meilleur,,N.A.,C3,C4,C3: só B; C4: só rev; N.A.: A,0.0,-0.25,0,0,0,0,0,1,Afetivo,Positivo,0.75,0,0,1,0,0,0,Afetivo,Positivo,0.76,0,0,0,1,0,0,Afetivo,Positivo,0.83,,,,,,,,,,,,llm_reviewer,True
CR7_1180,CR7,Siiiiiiii,,C1,N.A.,C4,C1: só A; C4: só rev; N.A.: B,-0.25,0.0,1,0,0,0,0,0,Afetivo,Positivo,0.75,0,0,0,0,0,1,Afetivo,Positivo,0.85,0,0,0,1,0,0,Afetivo,Positivo,0.72,,,,,,,,,,,,llm_reviewer,True
CR7_1187,CR7,شخصية من يوم يومك ابو الاخ🔥,🔥,C1,N.A.,C4,C1: só A; C4: só rev; N.A.: B,-0.25,0.0,1,0,0,0,0,0,Afetivo,Positivo,0.75,0,0,0,0,0,1,Afetivo,Positivo,0.92,0,0,0,1,0,0,Afetivo,Positivo,0.8,,,,,,,,,,,,llm_reviewer,True
CR7_1600,CR7,Vc é incrível @user,,N.A.,C1,C4,C1: só B; C4: só rev; N.A.: A,0.0,-0.25,0,0,0,0,0,1,Afetivo,Positivo,0.85,1,0,0,0,0,0,Afetivo,Positivo,0.92,0,0,0,1,0,0,Afetivo,Positivo,0.85,,,,,,,,,,,,llm_reviewer,True
CR7_1611,CR7,Que foto sensacional!,,N.A.,C1,C4,C1: só B; C4: só rev; N.A.: A,0.0,-0.25,0,0,0,0,0,1,Afetivo,Positivo,0.85,1,0,0,0,0,0,Afetivo,Positivo,0.8,0,0,0,1,0,0,Afetivo,Positivo,0.85,,,,,,,,,,,,llm_reviewer,True
CR7_1639,CR7,Wow that's awesome,,C1,N.A.,C4,C1: só A; C4: só rev; N.A.: B,-0.25,0.0,1,0,0,0,0,0,Afetivo,Positivo,0.68,0,0,0,0,0,1,Afetivo,Positivo,0.6,0,0,0,1,0,0,Afetivo,Positivo,0.8,,,,,,,,,,,,llm_reviewer,True
CR7_1709,CR7,هی کریس چه خبر میگم از همین مارک کت‌شلوار که تنته چند نمونه دارم پست هم میکنیم,,C1,N.A.,C4,C1: só A; C4: só rev; N.A.: B,-0.25,0.0,1,0,0,0,0,0,Afetivo,Positivo,0.92,0,0,0,0,0,1,Cognitivo,Neutro,0.75,0,0,0,1,0,0,Afetivo,Positivo,0.84,,,,,,,,,,,,llm_reviewer,True
CR7_2173,CR7,Cr77777777777777,,C1,N.A.,C4,C1: só A; C4: só rev; N.A.: B,-0.25,0.0,1,0,0,0,0,0,Cognitivo,Neutro,0.8,0,0,0,0,0,1,Cognitivo,Neutro,0.65,0,0,0,1,0,0,Afetivo,Positivo,0.8,,,,,,,,,,,,llm_reviewer,True
CR7_2177,CR7,Niceeeeeee,,C1,N.A.,C4,C1: só A; C4: só rev; N.A.: B,-0.25,0.0,1,0,0,0,0,0,Afetivo,Positivo,0.82,0,0,0,0,0,1,Afetivo,Positivo,0.75,0,0,0,1,0,0,Afetivo,Positivo,0.78,,,,,,,,,,,,llm_reviewer,True
CR7_2201,CR7,Allahuakbar Allahuakbar Allahuakbar ❤️,❤️,N.A.,C1,C4,C1: só B; C4: só rev; N.A.: A,0.0,-0.25,0,0,0,0,0,1,Afetivo,Positivo,0.65,1,0,0,0,0,0,Afetivo,Positivo,0.8,0,0,0,1,0,0,Afetivo,Positivo,0.8,,,,,,,,,,,,llm_reviewer,True
FERNANDA_TORRES_2899,Fernanda_Torres,Já quero ir assistir de novo.,,C5,C1,N.A.,C1: só B; C5: só A; N.A.: rev,0.0,0.0,0,0,0,0,1,0,Afetivo,Positivo,0.75,1,0,0,0,0,0,Afetivo,Positivo,0.92,0,0,0,0,0,1,Afetivo,Positivo,0.9,,,,,,,,,,,,llm_reviewer,True
FERNANDA_TORRES_3647,Fernanda_Torres,✨ Mãezinha ✨,✨,C1,N.A.,C4,C1: só A; C4: só rev; N.A.: B,-0.25,0.0,1,0,0,0,0,0,Afetivo,Positivo,0.88,0,0,0,0,0,1,Afetivo,Positivo,0.6,0,0,0,1,0,0,Afetivo,Positivo,0.85,,,,,,,,,,,,llm_reviewer,True
BRUNO_MARS_0880,Bruno_Mars,Saudadeeeez,,C1,"C1,C5","C4,C5",C1: A vs B; C4: só rev; C5: B vs rev,-0.36363636363636354,0.16666666666666663,1,0,0,0,0,0,Afetivo,Positivo,0.85,1,0,0,0,1,0,Afetivo,Positivo,0.75,0,0,0,1,1,0,Afetivo,Positivo,0.88,,,,,,,,,,,,llm_reviewer,True
BRUNO_MARS_1189,Bruno_Mars,O cara é muito BRAZIL,,"C1,C5",C1,"C4,C5",C1: A vs B; C4: só rev; C5: A vs rev,0.16666666666666663,-0.36363636363636354,1,0,0,0,1,0,Afetivo,Positivo,0.85,1,0,0,0,0,0,Afetivo,Positivo,0.92,0,0,0,1,1,0,Afetivo,Positivo,0.88,,,,,,,,,,,,llm_reviewer,True
BRUNO_MARS_7282,Bruno_Mars,Cara totalmente brasileiro!!! 😂😂 💚💛 Mais brasileiro que muitos brasileiros natos kkkkk,😂 💚 💛,C1,"C1,C5","C4,C5",C1: A vs B; C4: só rev; C5: B vs rev,-0.36363636363636354,0.16666666666666663,1,0,0,0,0,0,Afetivo,Positivo,0.92,1,0,0,0,1,0,Afetivo,Positivo,0.9,0,0,0,1,1,0,Afetivo,Positivo,0.95,,,,,,,,,,,,llm_reviewer,True
CR7_0918,CR7,Vira brasileiro por favor,,"C4,C5","C1,C5","C1,C4",C1: B vs rev; C4: A vs rev; C5: A vs B,0.16666666666666663,0.16666666666666663,0,0,0,1,1,0,Afetivo,Positivo,0.92,1,0,0,0,1,0,Afetivo,Positivo,0.8,1,0,0,1,0,0,Afetivo,Positivo,0.9,,,,,,,,,,,,llm_reviewer,True
CR7_0937,CR7,mis mas sentidos pesame,,"C1,C5",C5,"C1,C4",C1: A vs rev; C4: só rev; C5: A vs B,0.16666666666666663,-0.36363636363636354,1,0,0,0,1,0,Afetivo,Neutro,0.82,0,0,0,0,1,0,Afetivo,Positivo,0.85,1,0,0,1,0,0,Afetivo,Neutro,0.9,,,,,,,,,,,,llm_reviewer,True
CR7_1292,CR7,Rei vais estar ao pé do teu amigo Maradona descansa em paz 🙏🙏🙏🏽,🙏 🙏🏽,"C1,C5","C4,C5","C1,C4",C1: A vs rev; C4: B vs rev; C5: A vs B,0.16666666666666663,0.16666666666666663,1,0,0,0,1,0,Afetivo,Positivo,0.85,0,0,0,1,1,0,Afetivo,Positivo,0.85,1,0,0,1,0,0,Afetivo,Positivo,0.88,,,,,,,,,,,,llm_reviewer,True
CR7_1617,CR7,Pelé amigo de Cristiano Ronaldo des cance e passe Pelé,,C5,"C1,C5","C1,C4",C1: B vs rev; C4: só rev; C5: A vs B,-0.36363636363636354,0.16666666666666663,0,0,0,0,1,0,Afetivo,Positivo,0.8,1,0,0,0,1,0,Afetivo,Positivo,0.88,1,0,0,1,0,0,Afetivo,Positivo,0.9,,,,,,,,,,,,llm_reviewer,True
BRUNO_MARS_0261,Bruno_Mars,Show,,C4,"C1,C4","C4,C5",C1: só B; C5: só rev,0.5454545454545454,0.16666666666666663,0,0,0,1,0,0,Afetivo,Positivo,0.8,1,0,0,1,0,0,Afetivo,Positivo,0.78,0,0,0,1,1,0,Afetivo,Positivo,0.86,,,,,,,,,,,,llm_reviewer,True
BRUNO_MARS_0787,Bruno_Mars,Proud filipino bruno mars ❤️🇵🇭❤️,🇵🇭 ❤️,C4,N.A.,"C1,C4",C1: só rev; C4: A vs rev; N.A.: B,0.5454545454545454,0.0,0,0,0,1,0,0,Afetivo,Positivo,0.82,0,0,0,0,0,1,Afetivo,Positivo,0.92,1,0,0,1,0,0,Afetivo,Positivo,0.9,,,,,,,,,,,,llm_reviewer,True
BRUNO_MARS_1065,Bruno_Mars,gostoso,,C4,C5,"C4,C5",C4: A vs rev; C5: B vs rev,0.5454545454545454,0.5454545454545454,0,0,0,1,0,0,Afetivo,Positivo,0.88,0,0,0,0,1,0,Afetivo,Positivo,0.78,0,0,0,1,1,0,Afetivo,Positivo,0.86,,,,,,,,,,,,llm_reviewer,True
BRUNO_MARS_1260,Bruno_Mars,Volta Brunão🇧🇷,🇧🇷,C4,C5,"C4,C5",C4: A vs rev; C5: B vs rev,0.5454545454545454,0.5454545454545454,0,0,0,1,0,0,Afetivo,Positivo,0.92,0,0,0,0,1,0,Afetivo,Positivo,0.92,0,0,0,1,1,0,Afetivo,Positivo,0.95,,,,,,,,,,,,llm_reviewer,True
BRUNO_MARS_2199,Bruno_Mars,@user il #rumoaos200M,,C5,"C1,C5","C4,C5",C1: só B; C4: só rev,0.5454545454545454,0.16666666666666663,0,0,0,0,1,0,Cognitivo,Positivo,0.85,1,0,0,0,1,0,Afetivo,Positivo,0.82,0,0,0,1,1,0,Afetivo,Positivo,0.88,,,,,,,,,,,,llm_reviewer,True
BRUNO_MARS_3807,Bruno_Mars,Brazilian Portuguese,,C4,C5,"C4,C5",C4: A vs rev; C5: B vs rev,0.5454545454545454,0.5454545454545454,0,0,0,1,0,0,Afetivo,Positivo,0.92,0,0,0,0,1,0,Afetivo,Positivo,0.8,0,0,0,1,1,0,Afetivo,Positivo,0.9,,,,,,,,,,,,llm_reviewer,True
BRUNO_MARS_4651,Bruno_Mars,Hora de ajudar os 200M🇧🇷🇧🇷🇧🇷,🇧🇷,C5,"C1,C5","C4,C5",C1: só B; C4: só rev,0.5454545454545454,0.16666666666666663,0,0,0,0,1,0,Cognitivo,Positivo,0.85,1,0,0,0,1,0,Afetivo,Positivo,0.82,0,0,0,1,1,0,Afetivo,Positivo,0.9,,,,,,,,,,,,llm_reviewer,True
BRUNO_MARS_4787,Bruno_Mars,"Bora, bora!!!",,C5,C4,"C4,C5",C4: B vs rev; C5: A vs rev,0.5454545454545454,0.5454545454545454,0,0,0,0,1,0,Afetivo,Positivo,0.75,0,0,0,1,0,0,Afetivo,Positivo,0.8,0,0,0,1,1,0,Afetivo,Positivo,0.8,,,,,,,,,,,,llm_reviewer,True
BRUNO_MARS_4800,Bruno_Mars,Será que o retorno é agora? 👀🤭,🤭 👀,C4,C5,"C4,C5",C4: A vs rev; C5: B vs rev,0.5454545454545454,0.5454545454545454,0,0,0,1,0,0,Cognitivo,Neutro,0.75,0,0,0,0,1,0,Cognitivo,Positivo,0.78,0,0,0,1,1,0,Afetivo,Positivo,0.88,,,,,,,,,,,,llm_reviewer,True
BRUNO_MARS_4874,Bruno_Mars,"Menos de 51 mil galera. Boraaaa, para não que estamos quase chegando #rumosaos200M",,"C1,C5",C5,"C4,C5",C1: só A; C4: só rev,0.16666666666666663,0.5454545454545454,1,0,0,0,1,0,Afetivo,Positivo,0.78,0,0,0,0,1,0,Afetivo,Positivo,0.92,0,0,0,1,1,0,Afetivo,Positivo,0.86,,,,,,,,,,,,llm_reviewer,True
BRUNO_MARS_5069,Bruno_Mars,Era pra ter essa música no roube um brainrot pra os brasileiros😭😭😭,😭,C5,"C1,C5","C4,C5",C1: só B; C4: só rev,0.5454545454545454,0.16666666666666663,0,0,0,0,1,0,Afetivo,Negativo,0.8,1,0,0,0,1,0,Afetivo,Negativo,0.8,0,0,0,1,1,0,Afetivo,Negativo,0.85,,,,,,,,,,,,llm_reviewer,True
BRUNO_MARS_5160,Bruno_Mars,Eu acreditei nos 200 milhões!!! 🙂,🙂,"C4,C5",C1,C4,C1: só B; C4: A vs rev; C5: só A,0.5454545454545454,-0.25,0,0,0,1,1,0,Afetivo,Positivo,0.85,1,0,0,0,0,0,Afetivo,Positivo,0.85,0,0,0,1,0,0,Afetivo,Positivo,0.9,,,,,,,,,,,,llm_reviewer,True
BRUNO_MARS_5280,Bruno_Mars,Falta 19mil. Simboraaaa,,C5,N.A.,"C4,C5",C4: só rev; C5: A vs rev; N.A.: B,0.5454545454545454,0.0,0,0,0,0,1,0,Cognitivo,Positivo,0.78,0,0,0,0,0,1,Cognitivo,Positivo,0.75,0,0,0,1,1,0,Afetivo,Positivo,0.85,,,,,,,,,,,,llm_reviewer,True
BRUNO_MARS_5507,Bruno_Mars,Bora estamos na batalha logo logo a meta será alcançada🫶🇧🇷💪,🇧🇷 💪 🫶,"C1,C5",C5,"C4,C5",C1: só A; C4: só rev,0.16666666666666663,0.5454545454545454,1,0,0,0,1,0,Afetivo,Positivo,0.88,0,0,0,0,1,0,Afetivo,Positivo,0.82,0,0,0,1,1,0,Afetivo,Positivo,0.9,,,,,,,,,,,,llm_reviewer,True
BRUNO_MARS_5514,Bruno_Mars,Haja coração 🇧🇷,🇧🇷,"C1,C5",C5,"C4,C5",C1: só A; C4: só rev,0.16666666666666663,0.5454545454545454,1,0,0,0,1,0,Afetivo,Positivo,0.85,0,0,0,0,1,0,Afetivo,Positivo,0.85,0,0,0,1,1,0,Afetivo,Positivo,0.86,,,,,,,,,,,,llm_reviewer,True
BRUNO_MARS_5598,Bruno_Mars,"5mil. Tem q ser hoje, gente!!!!",,C5,C4,"C4,C5",C4: B vs rev; C5: A vs rev,0.5454545454545454,0.5454545454545454,0,0,0,0,1,0,Afetivo,Positivo,0.8,0,0,0,1,0,0,Afetivo,Positivo,0.78,0,0,0,1,1,0,Afetivo,Positivo,0.82,,,,,,,,,,,,llm_reviewer,True
BRUNO_MARS_5617,Bruno_Mars,"5mil, gente! Simboraaaa",,C5,C4,"C4,C5",C4: B vs rev; C5: A vs rev,0.5454545454545454,0.5454545454545454,0,0,0,0,1,0,Afetivo,Positivo,0.85,0,0,0,1,0,0,Afetivo,Positivo,0.84,0,0,0,1,1,0,Afetivo,Positivo,0.9,,,,,,,,,,,,llm_reviewer,True
BRUNO_MARS_5627,Bruno_Mars,"Hey, hooligans, bora bater essa meta hoje????🇧🇷🔥📍",🇧🇷 📍 🔥,"C1,C5",C5,"C4,C5",C1: só A; C4: só rev,0.16666666666666663,0.5454545454545454,1,0,0,0,1,0,Afetivo,Positivo,0.82,0,0,0,0,1,0,Afetivo,Positivo,0.85,0,0,0,1,1,0,Afetivo,Positivo,0.9,,,,,,,,,,,,llm_reviewer,True
BRUNO_MARS_5712,Bruno_Mars,2mil. Simboraaaa,,C5,C4,"C4,C5",C4: B vs rev; C5: A vs rev,0.5454545454545454,0.5454545454545454,0,0,0,0,1,0,Afetivo,Positivo,0.8,0,0,0,1,0,0,Afetivo,Positivo,0.88,0,0,0,1,1,0,Afetivo,Positivo,0.86,,,,,,,,,,,,llm_reviewer,True
BRUNO_MARS_5728,Bruno_Mars,2mil galeraaaaaaa falta só 2mil 🇧🇷🇧🇷🇧🇷🇧🇷🇧🇷🇧🇷🇧🇷🇧🇷🇧🇷🇧🇷🇧🇷🔥,🇧🇷 🔥,"C1,C5",C5,"C4,C5",C1: só A; C4: só rev,0.16666666666666663,0.5454545454545454,1,0,0,0,1,0,Afetivo,Positivo,0.92,0,0,0,0,1,0,Afetivo,Positivo,0.92,0,0,0,1,1,0,Afetivo,Positivo,0.95,,,,,,,,,,,,llm_reviewer,True
BRUNO_MARS_5888,Bruno_Mars,200 MILHÕES DE VIEWS!!! 🇧🇷🇧🇷🇧🇷🇧🇷🇧🇷,🇧🇷,C5,"C1,C5","C4,C5",C1: só B; C4: só rev,0.5454545454545454,0.16666666666666663,0,0,0,0,1,0,Afetivo,Positivo,0.92,1,0,0,0,1,0,Afetivo,Positivo,0.85,0,0,0,1,1,0,Afetivo,Positivo,0.9,,,,,,,,,,,,llm_reviewer,True
BRUNO_MARS_5903,Bruno_Mars,Alcançamos🇧🇷🇧🇷🇧🇷🇧🇷,🇧🇷,C1,C5,"C1,C5",C1: A vs rev; C5: B vs rev,0.5454545454545454,0.5454545454545454,1,0,0,0,0,0,Afetivo,Positivo,0.92,0,0,0,0,1,0,Afetivo,Positivo,0.92,1,0,0,0,1,0,Afetivo,Positivo,0.92,,,,,,,,,,,,llm_reviewer,True
BRUNO_MARS_7198,Bruno_Mars,Mt bom kkkkk 🇧🇷🇧🇷🇧🇷🇧🇷🇧🇷,🇧🇷,C5,"C1,C5","C4,C5",C1: só B; C4: só rev,0.5454545454545454,0.16666666666666663,0,0,0,0,1,0,Afetivo,Positivo,0.92,1,0,0,0,1,0,Afetivo,Positivo,0.85,0,0,0,1,1,0,Afetivo,Positivo,0.9,,,,,,,,,,,,llm_reviewer,True
BRUNO_MARS_7278,Bruno_Mars,Bruninho already has a Brazilian CPF and will become a naturalized citizen this year.,,C1,C4,"C1,C4",C1: A vs rev; C4: B vs rev,0.5454545454545454,0.5454545454545454,1,0,0,0,0,0,Cognitivo,Neutro,0.72,0,0,0,1,0,0,Cognitivo,Neutro,0.72,1,0,0,1,0,0,Cognitivo,Neutro,0.85,,,,,,,,,,,,llm_reviewer,True
BRUNO_MARS_7488,Bruno_Mars,Em breve voltarei a postar nos story novamente 🫶,🫶,"C4,C5",C5,C4,C4: A vs rev; C5: A vs B,0.5454545454545454,-0.25,0,0,0,1,1,0,Afetivo,Positivo,0.85,0,0,0,0,1,0,Afetivo,Positivo,0.75,0,0,0,1,0,0,Afetivo,Positivo,0.9,,,,,,,,,,,,llm_reviewer,True
BRUNO_MARS_7744,Bruno_Mars,Ele é mesmo fã de Reginaldo Rossi ou não!?,,C2,"C1,C5","C2,C4",C1: só B; C2: A vs rev; C4: só rev; C5: só B,0.5454545454545454,-0.6666666666666667,0,1,0,0,0,0,Cognitivo,Neutro,0.72,1,0,0,0,1,0,Cognitivo,Neutro,0.8,0,1,0,1,0,0,Cognitivo,Neutro,0.85,,,,,,,,,,,,llm_reviewer,True
BRUNO_MARS_7894,Bruno_Mars,Já pode voltar 🇧🇷🇧🇷🇧🇷,🇧🇷,C4,C5,"C4,C5",C4: A vs rev; C5: B vs rev,0.5454545454545454,0.5454545454545454,0,0,0,1,0,0,Afetivo,Positivo,0.85,0,0,0,0,1,0,Afetivo,Positivo,0.92,0,0,0,1,1,0,Afetivo,Positivo,0.94,,,,,,,,,,,,llm_reviewer,True
CR7_0487,CR7,"pelé você sempre viverá em nossos corações, nunca vamos esquecer de você pelé 🙏⚽🇧🇷",🙏 🇧🇷 ⚽,C1,"C1,C5","C1,C4",C4: só rev; C5: só B,0.5454545454545454,0.16666666666666663,1,0,0,0,0,0,Afetivo,Positivo,0.92,1,0,0,0,1,0,Afetivo,Positivo,0.86,1,0,0,1,0,0,Afetivo,Positivo,0.92,,,,,,,,,,,,llm_reviewer,True
CR7_0493,CR7,mmb,,N.A.,C1,"C1,C4",C1: B vs rev; C4: só rev; N.A.: A,0.0,0.5454545454545454,0,0,0,0,0,1,Cognitivo,Neutro,0.65,1,0,0,0,0,0,Afetivo,Positivo,0.82,1,0,0,1,0,0,Afetivo,Positivo,0.88,,,,,,,,,,,,llm_reviewer,True
CR7_0494,CR7,@user,,N.A.,C1,"C1,C4",C1: B vs rev; C4: só rev; N.A.: A,0.0,0.5454545454545454,0,0,0,0,0,1,Cognitivo,Neutro,0.75,1,0,0,0,0,0,Afetivo,Positivo,0.82,1,0,0,1,0,0,Afetivo,Positivo,0.86,,,,,,,,,,,,llm_reviewer,True
CR7_0503,CR7,RIP,,N.A.,C1,"C1,C4",C1: B vs rev; C4: só rev; N.A.: A,0.0,0.5454545454545454,0,0,0,0,0,1,Afetivo,Neutro,0.7,1,0,0,0,0,0,Afetivo,Neutro,0.92,1,0,0,1,0,0,Afetivo,Neutro,0.82,,,,,,,,,,,,llm_reviewer,True
CR7_0542,CR7,Mesie is better,,C1,C3,"C3,C4",C1: só A; C3: B vs rev; C4: só rev,-0.36363636363636354,0.5454545454545454,1,0,0,0,0,0,Afetivo,Positivo,0.9,0,0,1,0,0,0,Afetivo,Negativo,0.72,0,0,1,1,0,0,Afetivo,Negativo,0.82,,,,,,,,,,,,llm_reviewer,True
CR7_0568,CR7,@user,,C1,"C1,C5","C1,C4",C4: só rev; C5: só B,0.5454545454545454,0.16666666666666663,1,0,0,0,0,0,Afetivo,Positivo,0.85,1,0,0,0,1,0,Afetivo,Positivo,0.8,1,0,0,1,0,0,Afetivo,Positivo,0.9,,,,,,,,,,,,llm_reviewer,True
CR7_0575,CR7,"I love you brother, I hope to be an example of you in the future",,C4,C1,"C1,C4",C1: B vs rev; C4: A vs rev,0.5454545454545454,0.5454545454545454,0,0,0,1,0,0,Afetivo,Positivo,0.92,1,0,0,0,0,0,Afetivo,Positivo,0.85,1,0,0,1,0,0,Afetivo,Positivo,0.9,,,,,,,,,,,,llm_reviewer,True
CR7_0599,CR7,respect bro❤️🙏🏼👏🏼,👏🏼 ❤️ 🙏🏼,C1,C4,"C1,C4",C1: A vs rev; C4: B vs rev,0.5454545454545454,0.5454545454545454,1,0,0,0,0,0,Afetivo,Positivo,0.85,0,0,0,1,0,0,Afetivo,Positivo,0.8,1,0,0,1,0,0,Afetivo,Positivo,0.88,,,,,,,,,,,,llm_reviewer,True
CR7_0651,CR7,"Faltou sua presença , no velório do Rei ! No Maior Jogador da História do Mundo !",,C1,"C1,C3","C1,C4",C3: só B; C4: só rev,0.5454545454545454,0.16666666666666663,1,0,0,0,0,0,Afetivo,Positivo,0.9,1,0,1,0,0,0,Afetivo,Negativo,0.85,1,0,0,1,0,0,Afetivo,Positivo,0.9,,,,,,,,,,,,llm_reviewer,True
CR7_0753,CR7,"Da Besta enjaulada, pro Rei. #pelé",,"C1,C5",C1,"C1,C4",C4: só rev; C5: só A,0.16666666666666663,0.5454545454545454,1,0,0,0,1,0,Afetivo,Positivo,0.82,1,0,0,0,0,0,Afetivo,Positivo,0.85,1,0,0,1,0,0,Afetivo,Positivo,0.92,,,,,,,,,,,,llm_reviewer,True
CR7_0786,CR7,Você é o milhor,,"C4,C5",C1,"C1,C4",C1: B vs rev; C4: A vs rev; C5: só A,0.16666666666666663,0.5454545454545454,0,0,0,1,1,0,Afetivo,Positivo,0.8,1,0,0,0,0,0,Afetivo,Positivo,0.85,1,0,0,1,0,0,Afetivo,Positivo,0.88,,,,,,,,,,,,llm_reviewer,True
CR7_0787,CR7,Tjrjsdr,,N.A.,C1,"C1,C4",C1: B vs rev; C4: só rev; N.A.: A,0.0,0.5454545454545454,0,0,0,0,0,1,Afetivo,Neutro,0.82,1,0,0,0,0,0,Afetivo,Positivo,0.85,1,0,0,1,0,0,Afetivo,Positivo,0.82,,,,,,,,,,,,llm_reviewer,True
CR7_0803,CR7,Rip,,C1,N.A.,"C1,C4",C1: A vs rev; C4: só rev; N.A.: B,0.5454545454545454,0.0,1,0,0,0,0,0,Afetivo,Negativo,0.85,0,0,0,0,0,1,Afetivo,Neutro,0.68,1,0,0,1,0,0,Afetivo,Negativo,0.9,,,,,,,,,,,,llm_reviewer,True
CR7_0825,CR7,Muito triste,,C1,C5,"C1,C4",C1: A vs rev; C4: só rev; C5: só B,0.5454545454545454,-0.36363636363636354,1,0,0,0,0,0,Afetivo,Negativo,0.78,0,0,0,0,1,0,Afetivo,Negativo,0.78,1,0,0,1,0,0,Afetivo,Negativo,0.82,,,,,,,,,,,,llm_reviewer,True
CR7_0832,CR7,RIP,,N.A.,C1,"C1,C4",C1: B vs rev; C4: só rev; N.A.: A,0.0,0.5454545454545454,0,0,0,0,0,1,Afetivo,Negativo,0.6,1,0,0,0,0,0,Afetivo,Negativo,0.82,1,0,0,1,0,0,Afetivo,Negativo,0.86,,,,,,,,,,,,llm_reviewer,True
CR7_0833,CR7,Pele⚽️🇧🇷❤️‍🔥❤️‍🔥🇵🇹😭😭😭😭,❤️‍🔥 🇧🇷 ⚽ 🇵🇹 😭,C1,"C1,C5","C1,C4",C4: só rev; C5: só B,0.5454545454545454,0.16666666666666663,1,0,0,0,0,0,Afetivo,Negativo,0.9,1,0,0,0,1,0,Afetivo,Negativo,0.85,1,0,0,1,0,0,Afetivo,Negativo,0.9,,,,,,,,,,,,llm_reviewer,True
CR7_0835,CR7,نن,,C1,N.A.,"C1,C4",C1: A vs rev; C4: só rev; N.A.: B,0.5454545454545454,0.0,1,0,0,0,0,0,Cognitivo,Neutro,0.75,0,0,0,0,0,1,Cognitivo,Neutro,0.65,1,0,0,1,0,0,Afetivo,Positivo,0.8,,,,,,,,,,,,llm_reviewer,True
CR7_0932,CR7,RIP to à great 😢 Los dos grandes du futebol,😢,C1,"C1,C5","C1,C4",C4: só rev; C5: só B,0.5454545454545454,0.16666666666666663,1,0,0,0,0,0,Afetivo,Positivo,0.9,1,0,0,0,1,0,Afetivo,Positivo,0.85,1,0,0,1,0,0,Afetivo,Positivo,0.88,,,,,,,,,,,,llm_reviewer,True
CR7_0946,CR7,MARCIO,,C1,N.A.,"C1,C4",C1: A vs rev; C4: só rev; N.A.: B,0.5454545454545454,0.0,1,0,0,0,0,0,Cognitivo,Neutro,0.78,0,0,0,0,0,1,Cognitivo,Neutro,0.8,1,0,0,1,0,0,Afetivo,Positivo,0.82,,,,,,,,,,,,llm_reviewer,True
CR7_0948,CR7,Aaaaaasasaa😂,😂,C1,C2,"C1,C2",C1: A vs rev; C2: B vs rev,0.5454545454545454,0.5454545454545454,1,0,0,0,0,0,Afetivo,Positivo,0.78,0,1,0,0,0,0,Afetivo,Positivo,0.8,1,1,0,0,0,0,Afetivo,Positivo,0.72,,,,,,,,,,,,llm_reviewer,True
CR7_1005,CR7,R.I.P,,N.A.,C1,"C1,C4",C1: B vs rev; C4: só rev; N.A.: A,0.0,0.5454545454545454,0,0,0,0,0,1,Afetivo,Neutro,0.85,1,0,0,0,0,0,Afetivo,Neutro,0.8,1,0,0,1,0,0,Afetivo,Neutro,0.82,,,,,,,,,,,,llm_reviewer,True
CR7_1018,CR7,E isso Cris,,N.A.,"C4,C5",C4,C4: B vs rev; C5: só B; N.A.: A,0.0,0.5454545454545454,0,0,0,0,0,1,Afetivo,Positivo,0.7,0,0,0,1,1,0,Afetivo,Positivo,0.79,0,0,0,1,0,0,Afetivo,Positivo,0.8,,,,,,,,,,,,llm_reviewer,True
CR7_1034,CR7,Respect 💥💥,💥,C4,C1,"C1,C4",C1: B vs rev; C4: A vs rev,0.5454545454545454,0.5454545454545454,0,0,0,1,0,0,Afetivo,Positivo,0.78,1,0,0,0,0,0,Afetivo,Positivo,0.92,1,0,0,1,0,0,Afetivo,Positivo,0.88,,,,,,,,,,,,llm_reviewer,True
CR7_1071,CR7,Yanga,,N.A.,C1,"C1,C4",C1: B vs rev; C4: só rev; N.A.: A,0.0,0.5454545454545454,0,0,0,0,0,1,Cognitivo,Neutro,0.95,1,0,0,0,0,0,Afetivo,Positivo,0.88,1,0,0,1,0,0,Afetivo,Positivo,0.8,,,,,,,,,,,,llm_reviewer,True
CR7_1072,CR7,Feisali😮,😮,C1,N.A.,"C1,C4",C1: A vs rev; C4: só rev; N.A.: B,0.5454545454545454,0.0,1,0,0,0,0,0,Afetivo,Positivo,0.75,0,0,0,0,0,1,Afetivo,Neutro,0.65,1,0,0,1,0,0,Afetivo,Positivo,0.78,,,,,,,,,,,,llm_reviewer,True
CR7_1080,CR7,Nice,,N.A.,C1,"C1,C4",C1: B vs rev; C4: só rev; N.A.: A,0.0,0.5454545454545454,0,0,0,0,0,1,Afetivo,Positivo,0.75,1,0,0,0,0,0,Afetivo,Positivo,0.92,1,0,0,1,0,0,Afetivo,Positivo,0.88,,,,,,,,,,,,llm_reviewer,True
CR7_1100,CR7,Uau,,C1,N.A.,"C1,C4",C1: A vs rev; C4: só rev; N.A.: B,0.5454545454545454,0.0,1,0,0,0,0,0,Afetivo,Positivo,0.82,0,0,0,0,0,1,Afetivo,Positivo,0.7,1,0,0,1,0,0,Afetivo,Positivo,0.72,,,,,,,,,,,,llm_reviewer,True
CR7_1101,CR7,Bonita👏👏,👏,C1,"C1,C5","C1,C4",C4: só rev; C5: só B,0.5454545454545454,0.16666666666666663,1,0,0,0,0,0,Afetivo,Positivo,0.85,1,0,0,0,1,0,Afetivo,Positivo,0.82,1,0,0,1,0,0,Afetivo,Positivo,0.86,,,,,,,,,,,,llm_reviewer,True
CR7_1127,CR7,Rip,,C1,N.A.,"C1,C4",C1: A vs rev; C4: só rev; N.A.: B,0.5454545454545454,0.0,1,0,0,0,0,0,Afetivo,Negativo,0.78,0,0,0,0,0,1,Afetivo,Negativo,0.7,1,0,0,1,0,0,Afetivo,Negativo,0.78,,,,,,,,,,,,llm_reviewer,True
CR7_1176,CR7,? mallee,,N.A.,C1,"C1,C4",C1: B vs rev; C4: só rev; N.A.: A,0.0,0.5454545454545454,0,0,0,0,0,1,Cognitivo,Neutro,0.72,1,0,0,0,0,0,Afetivo,Positivo,0.85,1,0,0,1,0,0,Afetivo,Positivo,0.82,,,,,,,,,,,,llm_reviewer,True
CR7_1181,CR7,Siiiiiiii,,C1,N.A.,"C1,C4",C1: A vs rev; C4: só rev; N.A.: B,0.5454545454545454,0.0,1,0,0,0,0,0,Afetivo,Positivo,0.68,0,0,0,0,0,1,Afetivo,Positivo,0.75,1,0,0,1,0,0,Afetivo,Positivo,0.78,,,,,,,,,,,,llm_reviewer,True
CR7_1184,CR7,Waw,,C1,N.A.,"C1,C4",C1: A vs rev; C4: só rev; N.A.: B,0.5454545454545454,0.0,1,0,0,0,0,0,Afetivo,Positivo,0.92,0,0,0,0,0,1,Afetivo,Positivo,0.65,1,0,0,1,0,0,Afetivo,Positivo,0.82,,,,,,,,,,,,llm_reviewer,True
CR7_1213,CR7,Hola,,C1,N.A.,"C1,C4",C1: A vs rev; C4: só rev; N.A.: B,0.5454545454545454,0.0,1,0,0,0,0,0,Afetivo,Positivo,0.95,0,0,0,0,0,1,Afetivo,Neutro,0.92,1,0,0,1,0,0,Afetivo,Positivo,0.78,,,,,,,,,,,,llm_reviewer,True
CR7_1220,CR7,Siempre exta,,C1,N.A.,"C1,C4",C1: A vs rev; C4: só rev; N.A.: B,0.5454545454545454,0.0,1,0,0,0,0,0,Afetivo,Positivo,0.92,0,0,0,0,0,1,Cognitivo,Neutro,0.75,1,0,0,1,0,0,Afetivo,Positivo,0.88,,,,,,,,,,,,llm_reviewer,True
CR7_1240,CR7,bahut bdiya,,C1,N.A.,"C1,C4",C1: A vs rev; C4: só rev; N.A.: B,0.5454545454545454,0.0,1,0,0,0,0,0,Afetivo,Positivo,0.82,0,0,0,0,0,1,Afetivo,Positivo,0.92,1,0,0,1,0,0,Afetivo,Positivo,0.75,,,,,,,,,,,,llm_reviewer,True
CR7_1329,CR7,Gracias,,C1,N.A.,"C1,C4",C1: A vs rev; C4: só rev; N.A.: B,0.5454545454545454,0.0,1,0,0,0,0,0,Afetivo,Positivo,0.85,0,0,0,0,0,1,Afetivo,Positivo,0.85,1,0,0,1,0,0,Afetivo,Positivo,0.9,,,,,,,,,,,,llm_reviewer,True
CR7_1353,CR7,R.I.P,,N.A.,C1,"C1,C4",C1: B vs rev; C4: só rev; N.A.: A,0.0,0.5454545454545454,0,0,0,0,0,1,Afetivo,Neutro,0.65,1,0,0,0,0,0,Afetivo,Neutro,0.85,1,0,0,1,0,0,Afetivo,Neutro,0.85,,,,,,,,,,,,llm_reviewer,True
CR7_1424,CR7,1 kare 2 adammmmmmm,,C1,N.A.,"C1,C4",C1: A vs rev; C4: só rev; N.A.: B,0.5454545454545454,0.0,1,0,0,0,0,0,Cognitivo,Neutro,0.82,0,0,0,0,0,1,Cognitivo,Neutro,0.0,1,0,0,1,0,0,Afetivo,Positivo,0.74,,,,,,,,,,,,llm_reviewer,True
CR7_1471,CR7,Bsyhehjxgj.,,C1,N.A.,"C1,C4",C1: A vs rev; C4: só rev; N.A.: B,0.5454545454545454,0.0,1,0,0,0,0,0,Afetivo,Positivo,0.85,0,0,0,0,0,1,Cognitivo,Neutro,0.9,1,0,0,1,0,0,Afetivo,Positivo,0.7,,,,,,,,,,,,llm_reviewer,True
CR7_1515,CR7,Bon chas,,C1,N.A.,"C1,C4",C1: A vs rev; C4: só rev; N.A.: B,0.5454545454545454,0.0,1,0,0,0,0,0,Afetivo,Positivo,0.75,0,0,0,0,0,1,Cognitivo,Neutro,0.72,1,0,0,1,0,0,Afetivo,Positivo,0.86,,,,,,,,,,,,llm_reviewer,True
CR7_1525,CR7,🤖⚫️,⚫ 🤖,C5,C1,"C1,C4",C1: B vs rev; C4: só rev; C5: só A,-0.36363636363636354,0.5454545454545454,0,0,0,0,1,0,Afetivo,Neutro,0.72,1,0,0,0,0,0,Afetivo,Neutro,0.65,1,0,0,1,0,0,Afetivo,Neutro,0.78,,,,,,,,,,,,llm_reviewer,True
CR7_1538,CR7,Bellos cracks. Y pudieron saludarse!!! Me emociona verlos. 🙏✨💕💕,🙏 💕 ✨,C4,C1,"C1,C4",C1: B vs rev; C4: A vs rev,0.5454545454545454,0.5454545454545454,0,0,0,1,0,0,Afetivo,Positivo,0.78,1,0,0,0,0,0,Afetivo,Positivo,0.75,1,0,0,1,0,0,Afetivo,Positivo,0.88,,,,,,,,,,,,llm_reviewer,True
CR7_1552,CR7,☘️☘️☘️,☘️,C1,N.A.,"C1,C4",C1: A vs rev; C4: só rev; N.A.: B,0.5454545454545454,0.0,1,0,0,0,0,0,Afetivo,Positivo,0.75,0,0,0,0,0,1,Afetivo,Neutro,0.92,1,0,0,1,0,0,Afetivo,Positivo,0.85,,,,,,,,,,,,llm_reviewer,True
CR7_1555,CR7,He Went to Place better than That We Live🥺💛💙💚❤️,🥺 💛 ❤️ 💙 💚,"C1,C5",C1,"C1,C4",C4: só rev; C5: só A,0.16666666666666663,0.5454545454545454,1,0,0,0,1,0,Afetivo,Positivo,0.85,1,0,0,0,0,0,Afetivo,Positivo,0.9,1,0,0,1,0,0,Afetivo,Positivo,0.9,,,,,,,,,,,,llm_reviewer,True
CR7_1557,CR7,RIP PELE ❤️❤️,❤️,C1,"C1,C5","C1,C4",C4: só rev; C5: só B,0.5454545454545454,0.16666666666666663,1,0,0,0,0,0,Afetivo,Neutro,0.95,1,0,0,0,1,0,Afetivo,Positivo,0.85,1,0,0,1,0,0,Afetivo,Positivo,0.9,,,,,,,,,,,,llm_reviewer,True
CR7_1566,CR7,Lendas👏👏👏🙌🙌,🙌 👏,C1,"C1,C5","C1,C4",C4: só rev; C5: só B,0.5454545454545454,0.16666666666666663,1,0,0,0,0,0,Afetivo,Positivo,0.92,1,0,0,0,1,0,Afetivo,Positivo,0.9,1,0,0,1,0,0,Afetivo,Positivo,0.88,,,,,,,,,,,,llm_reviewer,True
CR7_1572,CR7,A Great Moment .......,,N.A.,C1,"C1,C4",C1: B vs rev; C4: só rev; N.A.: A,0.0,0.5454545454545454,0,0,0,0,0,1,Afetivo,Positivo,0.8,1,0,0,0,0,0,Afetivo,Positivo,0.78,1,0,0,1,0,0,Afetivo,Positivo,0.85,,,,,,,,,,,,llm_reviewer,True
CR7_1579,CR7,My contract 09152970258,,N.A.,C1,"C1,C4",C1: B vs rev; C4: só rev; N.A.: A,0.0,0.5454545454545454,0,0,0,0,0,1,Cognitivo,Neutro,0.85,1,0,0,0,0,0,Cognitivo,Neutro,0.78,1,0,0,1,0,0,Cognitivo,Neutro,0.8,,,,,,,,,,,,llm_reviewer,True
CR7_1604,CR7,Wow,,N.A.,C1,"C1,C4",C1: B vs rev; C4: só rev; N.A.: A,0.0,0.5454545454545454,0,0,0,0,0,1,Afetivo,Positivo,0.0,1,0,0,0,0,0,Afetivo,Positivo,0.78,1,0,0,1,0,0,Afetivo,Positivo,0.72,,,,,,,,,,,,llm_reviewer,True
CR7_1646,CR7,Лс,,C1,N.A.,"C1,C4",C1: A vs rev; C4: só rev; N.A.: B,0.5454545454545454,0.0,1,0,0,0,0,0,Afetivo,Positivo,0.7,0,0,0,0,0,1,Cognitivo,Neutro,0.8,1,0,0,1,0,0,Afetivo,Positivo,0.7,,,,,,,,,,,,llm_reviewer,True
CR7_1648,CR7,Слу9б,,C1,N.A.,"C1,C4",C1: A vs rev; C4: só rev; N.A.: B,0.5454545454545454,0.0,1,0,0,0,0,0,Afetivo,Positivo,0.85,0,0,0,0,0,1,Cognitivo,Neutro,0.92,1,0,0,1,0,0,Afetivo,Positivo,0.85,,,,,,,,,,,,llm_reviewer,True
CR7_1673,CR7,"वायुमंडल कैसे बनता है ? लोगों की सोच से, कई लोग जब बुरा सोचते हैं तो वहां का वायुमंडल नकारात्मक हो जाता है, जिससे सतो प्रदान आत्माएं भी नकारात्मक बन जाती है उसके प्रभाव में आने से, क्यों पहाड़ पर या कोई ऐसा जगह जहां मनुष्य नहीं होता वहां शांति रहती है या होती है, कितना शांत माहौल रहता है, क्योंकि वहां नकारात्मक संकल्प नहीं जाते ? सनातन धर्म में पूजा पाठ/ भक्ति का बहुत महत्व है, लोग अपने इष्ट की पूजा करते हैं, लेकिन उन्हें ये नहीं पता होता की जिसकी वो पूजा कर रहे हैं कौन है, मतलब पूरी जानकारी नहीं होती और बिना ज्ञान के पूजा नहीं करता उस इष्ट की, जैसे कोई राम की पूजा करता है, उसे पता होता है की राम कौन है या कृष्ण कौन है, या कोई भी इष्ट, लेकिन ज्यादा जानकारी नहीं होती, (basic) बुनियादी जानकारी होती है, उन्हे नहीं पता होता, निरकारी आकारी और साकारी, जैसे जो शिव जी की पूजा करते हैं, उन्हे तो पता ही नहीं होता, बड़े बड़े पंडित को भी ये जानकारी नहीं, वो बस ये जानते हैं की शिव के हांथ में डमरू और त्रिशूल है, मनुष्य जैसे दिखते हैं, लेकिन शिव तो निराकारी है, जिसको वो बताते हैं ऐसा दिखने वाला जिसके हांथ में त्रिशूल और डमरू है वो तो शंकर है, जिसे महादेव भी कहते हैं, वो शिव का रूप है, मतलब शिव का अवतार है @user",,C1,N.A.,"C1,C4",C1: A vs rev; C4: só rev; N.A.: B,0.5454545454545454,0.0,1,0,0,0,0,0,Afetivo,Positivo,0.82,0,0,0,0,0,1,Cognitivo,Neutro,0.92,1,0,0,1,0,0,Afetivo,Positivo,0.75,,,,,,,,,,,,llm_reviewer,True
CR7_1683,CR7,sleep in peace Pelé,,"C1,C5",C1,"C1,C4",C4: só rev; C5: só A,0.16666666666666663,0.5454545454545454,1,0,0,0,1,0,Afetivo,Positivo,0.82,1,0,0,0,0,0,Afetivo,Positivo,0.92,1,0,0,1,0,0,Afetivo,Positivo,0.9,,,,,,,,,,,,llm_reviewer,True
CR7_1700,CR7,... Us AQUARIANS Cristiano ; ),,N.A.,C1,"C1,C4",C1: B vs rev; C4: só rev; N.A.: A,0.0,0.5454545454545454,0,0,0,0,0,1,Afetivo,Positivo,0.75,1,0,0,0,0,0,Afetivo,Positivo,0.92,1,0,0,1,0,0,Afetivo,Positivo,0.85,,,,,,,,,,,,llm_reviewer,True
CR7_1719,CR7,Пеле,,C1,N.A.,"C1,C4",C1: A vs rev; C4: só rev; N.A.: B,0.5454545454545454,0.0,1,0,0,0,0,0,Afetivo,Positivo,0.8,0,0,0,0,0,1,Cognitivo,Neutro,0.72,1,0,0,1,0,0,Afetivo,Positivo,0.8,,,,,,,,,,,,llm_reviewer,True
CR7_1750,CR7,El major del mundo🔥🔥🔥,🔥,C4,C1,"C1,C4",C1: B vs rev; C4: A vs rev,0.5454545454545454,0.5454545454545454,0,0,0,1,0,0,Afetivo,Positivo,0.85,1,0,0,0,0,0,Afetivo,Positivo,0.9,1,0,0,1,0,0,Afetivo,Positivo,0.9,,,,,,,,,,,,llm_reviewer,True
CR7_1808,CR7,Duas lendas,,"C1,C5",C1,"C1,C4",C4: só rev; C5: só A,0.16666666666666663,0.5454545454545454,1,0,0,0,1,0,Afetivo,Positivo,0.88,1,0,0,0,0,0,Afetivo,Positivo,0.92,1,0,0,1,0,0,Afetivo,Positivo,0.9,,,,,,,,,,,,llm_reviewer,True
CR7_1861,CR7,6fchvvh,,C1,N.A.,"C1,C4",C1: A vs rev; C4: só rev; N.A.: B,0.5454545454545454,0.0,1,0,0,0,0,0,Afetivo,Positivo,0.92,0,0,0,0,0,1,Cognitivo,Neutro,0.6,1,0,0,1,0,0,Afetivo,Positivo,0.8,,,,,,,,,,,,llm_reviewer,True
CR7_1873,CR7,"e ele te deixou o cargo de rei, do melhor para o melhor 🖤",🖤,"C1,C5",C4,"C1,C4",C1: A vs rev; C4: B vs rev; C5: só A,0.16666666666666663,0.5454545454545454,1,0,0,0,1,0,Afetivo,Positivo,0.8,0,0,0,1,0,0,Afetivo,Positivo,0.92,1,0,0,1,0,0,Afetivo,Positivo,0.88,,,,,,,,,,,,llm_reviewer,True
CR7_1882,CR7,Fh6vdhu,,N.A.,C1,"C1,C4",C1: B vs rev; C4: só rev; N.A.: A,0.0,0.5454545454545454,0,0,0,0,0,1,Cognitivo,Neutro,0.92,1,0,0,0,0,0,Cognitivo,Neutro,0.69,1,0,0,1,0,0,Afetivo,Positivo,0.78,,,,,,,,,,,,llm_reviewer,True
CR7_1883,CR7,6,,C1,N.A.,"C1,C4",C1: A vs rev; C4: só rev; N.A.: B,0.5454545454545454,0.0,1,0,0,0,0,0,Afetivo,Positivo,0.9,0,0,0,0,0,1,Cognitivo,Neutro,0.92,1,0,0,1,0,0,Afetivo,Positivo,0.8,,,,,,,,,,,,llm_reviewer,True
CR7_1948,CR7,⠛⠛⣿⣿⣿⣿⣿⡷⢶⣦⣶⣶⣤⣤⣤⣀⠀⠀⠀ ⠀⠀⠀⣿⣿⣿⣿⣿⣿⣿⣿⣿⣿⣿⣿⣿⣿⣷⡀⠀ ⠀⠀⠀⠉⠉⠉⠙⠻⣿⣿⠿⠿⠛⠛⠛⠻⣿⣿⣇⠀ ⠀⠀⢤⣀⣀⣀⠀⠀⢸⣷⡄⠀⣁⣀⣤⣴⣿⣿⣿⣆ ⠀⠀⠀⠀⠹⠏⠀⠀⠀⣿⣧⠀⠹⣿⣿⣿⣿⣿⡿⣿ ⠀⠀⠀⠀⠀⠀⠀⠀⠀⠛⠿⠇⢀⣼⣿⣿⠛⢯⡿⡟ ⠀⠀⠀⠀⠀⠀⠀⠀⠀⠀⠦⠴⢿⢿⣿⡿⠷⠀⣿⠀ ⠀⠀⠀⠀⠀⠀⠀⠙⣷⣶⣶⣤⣤⣤⣤⣤⣶⣦⠃⠀ ⠀⠀⠀⠀⠀⠀⠀⢐⣿⣾⣿⣿⣿⣿⣿⣿⣿⣿⠀⠀ ⠀⠀⠀⠀⠀⠀⠀⠈⣿⣿⣿⣿⣿⣿⣿⣿⣿⡇⠀⠀ ⠀⠀⠀⠀⠀⠀⠀⠀⠀⠙⠻⢿⣿⣿⣿⣿⠟⠁,,N.A.,C1,"C1,C4",C1: B vs rev; C4: só rev; N.A.: A,0.0,0.5454545454545454,0,0,0,0,0,1,Cognitivo,Neutro,0.92,1,0,0,0,0,0,Afetivo,Positivo,0.9,1,0,0,1,0,0,Afetivo,Positivo,0.85,,,,,,,,,,,,llm_reviewer,True
CR7_1960,CR7,Pele c.Ronaldo amor eterno no futebol ⚽️ ❤️❤️,⚽ ❤️,"C1,C5",C1,"C1,C4",C4: só rev; C5: só A,0.16666666666666663,0.5454545454545454,1,0,0,0,1,0,Afetivo,Positivo,0.78,1,0,0,0,0,0,Afetivo,Positivo,0.92,1,0,0,1,0,0,Afetivo,Positivo,0.9,,,,,,,,,,,,llm_reviewer,True
CR7_1979,CR7,Me nota,,C4,N.A.,"C4,C5",C4: A vs rev; C5: só rev; N.A.: B,0.5454545454545454,0.0,0,0,0,1,0,0,Afetivo,Positivo,0.82,0,0,0,0,0,1,Afetivo,Neutro,0.75,0,0,0,1,1,0,Afetivo,Positivo,0.82,,,,,,,,,,,,llm_reviewer,True
CR7_1985,CR7,"Os meus profundos sentimentos a todo o Brasil, e em particular à família do senhor Edson Arantes do Nascimento. Um mero “adeus” ao eterno Rei Pelé nunca será suficiente para expressar a dor que abraça neste momento todo o mundo do futebol. Uma inspiração para tantos milhões, uma referência do ontem, de hoje, de sempre. O carinho que sempre demonstrou por mim foi recíproco em todos os momentos que partilhámos, mesmo à distância. Jamais será esquecido e a sua memória perdurará para sempre em cada um de nós, amantes de futebol. Descansa em paz, Rei Pelé. 🙏🏽⚽️🇧🇷",🇧🇷 🙏🏽 ⚽,C1,"C1,C5","C1,C4",C4: só rev; C5: só B,0.5454545454545454,0.16666666666666663,1,0,0,0,0,0,Afetivo,Positivo,0.95,1,0,0,0,1,0,Afetivo,Positivo,0.85,1,0,0,1,0,0,Afetivo,Positivo,0.93,,,,,,,,,,,,llm_reviewer,True
CR7_2027,CR7,Linda homenagem 👏🏻🙏🏻,🙏🏻 👏🏻,"C1,C5",C1,"C1,C4",C4: só rev; C5: só A,0.16666666666666663,0.5454545454545454,1,0,0,0,1,0,Afetivo,Positivo,0.85,1,0,0,0,0,0,Afetivo,Positivo,0.92,1,0,0,1,0,0,Afetivo,Positivo,0.9,,,,,,,,,,,,llm_reviewer,True
CR7_2050,CR7,tl,,C1,N.A.,"C1,C4",C1: A vs rev; C4: só rev; N.A.: B,0.5454545454545454,0.0,1,0,0,0,0,0,Cognitivo,Neutro,0.8,0,0,0,0,0,1,Cognitivo,Neutro,0.6,1,0,0,1,0,0,Afetivo,Positivo,0.75,,,,,,,,,,,,llm_reviewer,True
CR7_2068,CR7,Los dos mejores jugadores,,C1,N.A.,"C1,C4",C1: A vs rev; C4: só rev; N.A.: B,0.5454545454545454,0.0,1,0,0,0,0,0,Afetivo,Positivo,0.78,0,0,0,0,0,1,Afetivo,Positivo,0.75,1,0,0,1,0,0,Afetivo,Positivo,0.82,,,,,,,,,,,,llm_reviewer,True
CR7_2089,CR7,os unicos,,C1,"C1,C5","C1,C4",C4: só rev; C5: só B,0.5454545454545454,0.16666666666666663,1,0,0,0,0,0,Afetivo,Positivo,0.8,1,0,0,0,1,0,Afetivo,Positivo,0.82,1,0,0,1,0,0,Afetivo,Positivo,0.8,,,,,,,,,,,,llm_reviewer,True
CR7_2103,CR7,Rest in peace @user 😔,😔,C1,"C1,C5","C1,C4",C4: só rev; C5: só B,0.5454545454545454,0.16666666666666663,1,0,0,0,0,0,Afetivo,Negativo,0.92,1,0,0,0,1,0,Afetivo,Neutro,0.79,1,0,0,1,0,0,Afetivo,Negativo,0.88,,,,,,,,,,,,llm_reviewer,True
CR7_2104,CR7,I know who is your best friend It’s Messi and Peppa,,C3,C2,"C2,C3",C2: B vs rev; C3: A vs rev,0.5454545454545454,0.5454545454545454,0,0,1,0,0,0,Afetivo,Negativo,0.85,0,1,0,0,0,0,Cognitivo,Positivo,0.78,0,1,1,0,0,0,Afetivo,Negativo,0.83,,,,,,,,,,,,llm_reviewer,True
CR7_2126,CR7,الله يرحمه,,N.A.,C1,"C1,C4",C1: B vs rev; C4: só rev; N.A.: A,0.0,0.5454545454545454,0,0,0,0,0,1,Afetivo,Neutro,0.8,1,0,0,0,0,0,Afetivo,Positivo,0.92,1,0,0,1,0,0,Afetivo,Positivo,0.88,,,,,,,,,,,,llm_reviewer,True
CR7_2133,CR7,🤡💔😡,💔 🤡 😡,C1,"C1,C4","C1,C2",C2: só rev; C4: só B,0.5454545454545454,0.16666666666666663,1,0,0,0,0,0,Afetivo,Negativo,0.8,1,0,0,1,0,0,Afetivo,Negativo,0.85,1,1,0,0,0,0,Afetivo,Negativo,0.85,,,,,,,,,,,,llm_reviewer,True
CR7_2156,CR7,🐐🐐🐐,🐐,C1,"C1,C5","C1,C4",C4: só rev; C5: só B,0.5454545454545454,0.16666666666666663,1,0,0,0,0,0,Afetivo,Positivo,0.92,1,0,0,0,1,0,Afetivo,Positivo,0.92,1,0,0,1,0,0,Afetivo,Positivo,0.88,,,,,,,,,,,,llm_reviewer,True
FERNANDA_TORRES_0110,Fernanda_Torres,Let her know that she is the winner ❤️😍🏆,😍 🏆 ❤️,"C1,C4",C1,C4,C1: A vs B; C4: A vs rev,0.5454545454545454,-0.25,1,0,0,1,0,0,Afetivo,Positivo,0.92,1,0,0,0,0,0,Afetivo,Positivo,0.92,0,0,0,1,0,0,Afetivo,Positivo,0.9,,,,,,,,,,,,llm_reviewer,True
FERNANDA_TORRES_0547,Fernanda_Torres,DA O ÓSCAR PRA ELA E NGM SE MACHUCA 🔫,🔫,"C1,C5",C1,"C1,C2",C2: só rev; C5: só A,0.16666666666666663,0.5454545454545454,1,0,0,0,1,0,Afetivo,Positivo,0.85,1,0,0,0,0,0,Afetivo,Positivo,0.92,1,1,0,0,0,0,Afetivo,Positivo,0.89,,,,,,,,,,,,llm_reviewer,True
FERNANDA_TORRES_0949,Fernanda_Torres,A gente pode chamar o Galvão Bueno pra narrar esse Oscars? 🇧🇷🇧🇷🇧🇷🇧🇷🇧🇷❤️❤️❤️,🇧🇷 ❤️,"C1,C5",C1,"C1,C2",C2: só rev; C5: só A,0.16666666666666663,0.5454545454545454,1,0,0,0,1,0,Afetivo,Positivo,0.88,1,0,0,0,0,0,Afetivo,Positivo,0.9,1,1,0,0,0,0,Afetivo,Positivo,0.9,,,,,,,,,,,,llm_reviewer,True
FERNANDA_TORRES_3483,Fernanda_Torres,"Vcs que estão emocionados com filme da Fernanda Torres, sugiro um filme sobre ditadura que eu vi hoje no YouTube. Acontece em uma audiência em que um acusado de dar um golpe é delator e é ameaçado pelo juiz, dizendo que se ele não falar a ""verdade"", o juiz vai mandar prender o pai dele, a esposa e a filha. Ele chora diante dessa tortura psicológica. É muito triste. Isso não acontece nem no Tribunal do crime do PCC. Só nas piores ditaduras. O juiz é conhecido como Xandão e o acusado, Mauro Cid.",,C1,"C1,C3",C3,C1: A vs B; C3: B vs rev,-0.25,0.5454545454545454,1,0,0,0,0,0,Afetivo,Positivo,0.9,1,0,1,0,0,0,Afetivo,Negativo,0.8,0,0,1,0,0,0,Afetivo,Negativo,0.9,,,,,,,,,,,,llm_reviewer,True
FERNANDA_TORRES_4671,Fernanda_Torres,"Vai ser chamada para um filme americano Jaja, os americanos pagando pau para 🇧🇷",🇧🇷,C1,"C1,C5","C1,C4",C4: só rev; C5: só B,0.5454545454545454,0.16666666666666663,1,0,0,0,0,0,Afetivo,Positivo,0.92,1,0,0,0,1,0,Afetivo,Positivo,0.85,1,0,0,1,0,0,Afetivo,Positivo,0.88,,,,,,,,,,,,llm_reviewer,True
FERNANDA_TORRES_4777,Fernanda_Torres,E um filme que mostra como esse país foi cruel com sua ditadura dos milicos.,,C5,C3,"C3,C5",C3: B vs rev; C5: A vs rev,0.5454545454545454,0.5454545454545454,0,0,0,0,1,0,Cognitivo,Negativo,0.82,0,0,1,0,0,0,Cognitivo,Negativo,0.85,0,0,1,0,1,0,Cognitivo,Negativo,0.88,,,,,,,,,,,,llm_reviewer,True
FERNANDA_TORRES_4871,Fernanda_Torres,Voltamos 😂,😂,C2,C1,"C1,C2",C1: B vs rev; C2: A vs rev,0.5454545454545454,0.5454545454545454,0,1,0,0,0,0,Afetivo,Positivo,0.75,1,0,0,0,0,0,Afetivo,Positivo,0.85,1,1,0,0,0,0,Afetivo,Positivo,0.8,,,,,,,,,,,,llm_reviewer,True
FERNANDA_TORRES_5142,Fernanda_Torres,Quem clicou aqui de novo dps da reportagem na globo.com 😂,😂,"C1,C2","C2,C5",C2,C1: só A; C5: só B,0.5454545454545454,0.5454545454545454,1,1,0,0,0,0,Afetivo,Positivo,0.86,0,1,0,0,1,0,Afetivo,Positivo,0.78,0,1,0,0,0,0,Afetivo,Positivo,0.88,,,,,,,,,,,,llm_reviewer,True
FERNANDA_TORRES_5257,Fernanda_Torres,Vai bater 1 milhão de comentários emmm,,C5,C1,"C1,C5",C1: B vs rev; C5: A vs rev,0.5454545454545454,0.5454545454545454,0,0,0,0,1,0,Afetivo,Positivo,0.78,1,0,0,0,0,0,Afetivo,Positivo,0.92,1,0,0,0,1,0,Afetivo,Positivo,0.88,,,,,,,,,,,,llm_reviewer,True
FERNANDA_TORRES_5484,Fernanda_Torres,Vamos chegar a 1m de comentarios,,C1,"C1,C5",C5,C1: A vs B; C5: B vs rev,-0.25,0.5454545454545454,1,0,0,0,0,0,Afetivo,Positivo,0.88,1,0,0,0,1,0,Afetivo,Positivo,0.85,0,0,0,0,1,0,Afetivo,Positivo,0.85,,,,,,,,,,,,llm_reviewer,True
FERNANDA_TORRES_5546,Fernanda_Torres,"Vamos chegar a um milhão de comentários? É isso mesmo, produção?",,C5,C1,"C1,C5",C1: B vs rev; C5: A vs rev,0.5454545454545454,0.5454545454545454,0,0,0,0,1,0,Cognitivo,Positivo,0.75,1,0,0,0,0,0,Cognitivo,Positivo,0.9,1,0,0,0,1,0,Afetivo,Positivo,0.85,,,,,,,,,,,,llm_reviewer,True
FERNANDA_TORRES_5673,Fernanda_Torres,Just perfect ❤️🇧🇷,🇧🇷 ❤️,"C1,C4","C1,C5",C1,C4: só A; C5: só B,0.5454545454545454,0.5454545454545454,1,0,0,1,0,0,Afetivo,Positivo,0.85,1,0,0,0,1,0,Afetivo,Positivo,0.92,1,0,0,0,0,0,Afetivo,Positivo,0.9,,,,,,,,,,,,llm_reviewer,True
BRUNO_MARS_3828,Bruno_Mars,2026 é nosso 💚💛🇧🇷,🇧🇷 💚 💛,C1,"C1,C5","C1,C4,C5",C4: só rev; C5: B vs rev,0.2857142857142857,0.6153846153846154,1,0,0,0,0,0,Afetivo,Positivo,0.9,1,0,0,0,1,0,Afetivo,Positivo,0.85,1,0,0,1,1,0,Afetivo,Positivo,0.92,,,,,,,,,,,,llm_reviewer,True
BRUNO_MARS_4366,Bruno_Mars,"Oh Bruno, já tá bom de voltar pra casa 🇧🇷",🇧🇷,"C1,C5","C1,C4,C5","C4,C5",C1: A vs B; C4: B vs rev,0.16666666666666663,0.6153846153846154,1,0,0,0,1,0,Afetivo,Positivo,0.92,1,0,0,1,1,0,Afetivo,Positivo,0.88,0,0,0,1,1,0,Afetivo,Positivo,0.9,,,,,,,,,,,,llm_reviewer,True
BRUNO_MARS_4427,Bruno_Mars,Faltam só 135mil galera 🔥boraaaaa 🇧🇷,🔥 🇧🇷,"C1,C4,C5",C5,"C4,C5",C1: só A; C4: A vs rev,0.6153846153846154,0.5454545454545454,1,0,0,1,1,0,Afetivo,Positivo,0.85,0,0,0,0,1,0,Afetivo,Positivo,0.8,0,0,0,1,1,0,Afetivo,Positivo,0.9,,,,,,,,,,,,llm_reviewer,True
BRUNO_MARS_5067,Bruno_Mars,"Bora que o pai tá on, não tem dia, não tem hora, ele vive postando nos stores dele! 😂😂😂😂😂😂😂",😂,"C2,C4,C5",C4,"C2,C4",C2: A vs rev; C5: só A,0.6153846153846154,0.5454545454545454,0,1,0,1,1,0,Afetivo,Positivo,0.85,0,0,0,1,0,0,Afetivo,Positivo,0.85,0,1,0,1,0,0,Afetivo,Positivo,0.9,,,,,,,,,,,,llm_reviewer,True
BRUNO_MARS_6469,Bruno_Mars,Moral máxima no nosso Brasil 🇧🇷❤️,🇧🇷 ❤️,"C1,C5",C1,"C1,C4,C5",C4: só rev; C5: A vs rev,0.6153846153846154,0.2857142857142857,1,0,0,0,1,0,Afetivo,Positivo,0.82,1,0,0,0,0,0,Afetivo,Positivo,0.92,1,0,0,1,1,0,Afetivo,Positivo,0.88,,,,,,,,,,,,llm_reviewer,True
BRUNO_MARS_6846,Bruno_Mars,@user,,C1,"C1,C4,C5","C1,C4",C4: B vs rev; C5: só B,0.5454545454545454,0.6153846153846154,1,0,0,0,0,0,Afetivo,Positivo,0.75,1,0,0,1,1,0,Afetivo,Positivo,0.75,1,0,0,1,0,0,Afetivo,Positivo,0.8,,,,,,,,,,,,llm_reviewer,True
BRUNO_MARS_6955,Bruno_Mars,Juntas vamos conseguir bater mais uma meta 🇧🇷🔥💚💛,🇧🇷 💛 💚 🔥,"C1,C5","C1,C4,C5","C4,C5",C1: A vs B; C4: B vs rev,0.16666666666666663,0.6153846153846154,1,0,0,0,1,0,Afetivo,Positivo,0.92,1,0,0,1,1,0,Afetivo,Positivo,0.86,0,0,0,1,1,0,Afetivo,Positivo,0.93,,,,,,,,,,,,llm_reviewer,True
BRUNO_MARS_7499,Bruno_Mars,Bruninho virou boneco de Olindaaaaaaa... Salve meu país Pernambuco!!!!❤️,❤️,"C1,C4","C1,C5","C1,C4,C5",C4: A vs rev; C5: B vs rev,0.6153846153846154,0.6153846153846154,1,0,0,1,0,0,Afetivo,Positivo,0.92,1,0,0,0,1,0,Afetivo,Positivo,0.85,1,0,0,1,1,0,Afetivo,Positivo,0.95,,,,,,,,,,,,llm_reviewer,True
BRUNO_MARS_7738,Bruno_Mars,Cadê as popozuras📍🇧🇷🔥,🇧🇷 📍 🔥,"C2,C5",C5,"C2,C4,C5",C2: A vs rev; C4: só rev,0.6153846153846154,0.2857142857142857,0,1,0,0,1,0,Afetivo,Positivo,0.78,0,0,0,0,1,0,Cognitivo,Positivo,0.8,0,1,0,1,1,0,Afetivo,Positivo,0.85,,,,,,,,,,,,llm_reviewer,True
BRUNO_MARS_8056,Bruno_Mars,Novembro é nosso 🇧🇷💚,🇧🇷 💚,"C1,C5","C4,C5","C1,C4,C5",C1: A vs rev; C4: B vs rev,0.6153846153846154,0.6153846153846154,1,0,0,0,1,0,Afetivo,Positivo,0.82,0,0,0,1,1,0,Afetivo,Positivo,0.92,1,0,0,1,1,0,Afetivo,Positivo,0.9,,,,,,,,,,,,llm_reviewer,True
BRUNO_MARS_8088,Bruno_Mars,Alguém em 2026 março,,C5,"C1,C4,C5","C4,C5",C1: só B; C4: B vs rev,0.5454545454545454,0.6153846153846154,0,0,0,0,1,0,Cognitivo,Neutro,0.75,1,0,0,1,1,0,Afetivo,Positivo,0.85,0,0,0,1,1,0,Afetivo,Positivo,0.8,,,,,,,,,,,,llm_reviewer,True
CR7_1580,CR7,Christiano vous être mon artiste préférées Pelé et on brazilien,,"C1,C5","C1,C4,C5","C1,C4",C4: B vs rev; C5: A vs B,0.16666666666666663,0.6153846153846154,1,0,0,0,1,0,Afetivo,Positivo,0.85,1,0,0,1,1,0,Afetivo,Positivo,0.85,1,0,0,1,0,0,Afetivo,Positivo,0.9,,,,,,,,,,,,llm_reviewer,True
CR7_1857,CR7,76,,C1,"C1,C4,C5","C1,C4",C4: B vs rev; C5: só B,0.5454545454545454,0.6153846153846154,1,0,0,0,0,0,Afetivo,Positivo,0.92,1,0,0,1,1,0,Afetivo,Positivo,0.85,1,0,0,1,0,0,Afetivo,Positivo,0.88,,,,,,,,,,,,llm_reviewer,True
CR7_1933,CR7,Que lindo essa dedicatória 👏👏❤️🇧🇷 O Brasil também te amo Cristiano,🇧🇷 👏 ❤️,"C1,C4,C5","C4,C5","C1,C4",C1: A vs rev; C5: A vs B,0.6153846153846154,0.16666666666666663,1,0,0,1,1,0,Afetivo,Positivo,0.92,0,0,0,1,1,0,Afetivo,Positivo,0.85,1,0,0,1,0,0,Afetivo,Positivo,0.9,,,,,,,,,,,,llm_reviewer,True
CR7_2160,CR7,"Pelé é o Rei do Futebol, CR7 um excelente jogador! Craque, mas ainda vem depois de Ronaldo Fenômeno.",,"C1,C4","C1,C3,C5","C1,C3,C4",C3: B vs rev; C4: A vs rev; C5: só B,0.6153846153846154,0.16666666666666663,1,0,0,1,0,0,Afetivo,Positivo,0.92,1,0,1,0,1,0,Afetivo,Positivo,0.85,1,0,1,1,0,0,Afetivo,Positivo,0.88,,,,,,,,,,,,llm_reviewer,True
FERNANDA_TORRES_0296,Fernanda_Torres,🇧🇷🇧🇷🇧🇷🏆🏆🏆 Vim só avisar ao Oscar que é ela. FERNANDA TORRES,🇧🇷 🏆,"C1,C4,C5",C1,"C1,C5",C4: só A; C5: A vs rev,0.6153846153846154,0.5454545454545454,1,0,0,1,1,0,Afetivo,Positivo,0.85,1,0,0,0,0,0,Afetivo,Positivo,0.92,1,0,0,0,1,0,Afetivo,Positivo,0.9,,,,,,,,,,,,llm_reviewer,True
FERNANDA_TORRES_2811,Fernanda_Torres,"Estamos indo em busca do Oscar ""roubado"" 🏆da mãe dela. Fernanda Torres e sua Eunice Paiva significa muito para nosso país 🇧🇷. É nosso! 🏆",🇧🇷 🏆,"C1,C3,C5","C1,C3","C1,C5",C3: A vs B; C5: A vs rev,0.6153846153846154,0.16666666666666663,1,0,1,0,1,0,Afetivo,Positivo,0.85,1,0,1,0,0,0,Afetivo,Positivo,0.85,1,0,0,0,1,0,Afetivo,Positivo,0.88,,,,,,,,,,,,llm_reviewer,True
FERNANDA_TORRES_5162,Fernanda_Torres,Não esquecemos dessa injustiça,,"C1,C3,C5",C3,"C1,C3",C1: A vs rev; C5: só A,0.6153846153846154,0.5454545454545454,1,0,1,0,1,0,Afetivo,Negativo,0.83,0,0,1,0,0,0,Afetivo,Negativo,0.85,1,0,1,0,0,0,Afetivo,Negativo,0.88,,,,,,,,,,,,llm_reviewer,True
FERNANDA_TORRES_5762,Fernanda_Torres,Brasileiro é a Bia do Brás no universo 😂😂😂😂😂😂😂😂😂😂😂😂😂😂😂😂😂😂,😂,"C1,C2,C5",C2,"C1,C2",C1: A vs rev; C5: só A,0.6153846153846154,0.5454545454545454,1,1,0,0,1,0,Afetivo,Positivo,0.82,0,1,0,0,0,0,Afetivo,Positivo,0.75,1,1,0,0,0,0,Afetivo,Positivo,0.8,,,,,,,,,,,,llm_reviewer,True
BRUNO_MARS_0300,Bruno_Mars,"Happy Birthday, Bruninho! 🇧🇷🎂🎉🎈",🇧🇷 🎂 🎈 🎉,,,N.A.,N.A.: rev,,,,,,,,,,,,,,,,,,,,,0,0,0,0,0,1,Afetivo,Neutro,0.0,,,,,,,,,,,,error,True
BRUNO_MARS_0302,Bruno_Mars,TE AMO PRA CRLH 💚,💚,,,N.A.,N.A.: rev,,,,,,,,,,,,,,,,,,,,,0,0,0,0,0,1,Afetivo,Neutro,0.0,,,,,,,,,,,,error,True
BRUNO_MARS_0303,Bruno_Mars,Happy Birthday Brunãoooooo,,,,N.A.,N.A.: rev,,,,,,,,,,,,,,,,,,,,,0,0,0,0,0,1,Afetivo,Neutro,0.0,,,,,,,,,,,,error,True
BRUNO_MARS_0305,Bruno_Mars,Happy birthday Bruninho do 🇧🇷,🇧🇷,,,N.A.,N.A.: rev,,,,,,,,,,,,,,,,,,,,,0,0,0,0,0,1,Afetivo,Neutro,0.0,,,,,,,,,,,,error,True
BRUNO_MARS_0372,Bruno_Mars,Bruninho 😍,😍,,,N.A.,N.A.: rev,,,,,,,,,,,,,,,,,,,,,0,0,0,0,0,1,Afetivo,Neutro,0.0,,,,,,,,,,,,error,True
BRUNO_MARS_0373,Bruno_Mars,"Parabéns, Bruninho! 😍",😍,,,N.A.,N.A.: rev,,,,,,,,,,,,,,,,,,,,,0,0,0,0,0,1,Afetivo,Neutro,0.0,,,,,,,,,,,,error,True
BRUNO_MARS_0374,Bruno_Mars,Parabéns Bruninho 💚💛🔥🇧🇷,🔥 💚 🇧🇷 💛,,,N.A.,N.A.: rev,,,,,,,,,,,,,,,,,,,,,0,0,0,0,0,1,Afetivo,Neutro,0.0,,,,,,,,,,,,error,True
BRUNO_MARS_0375,Bruno_Mars,Happy birthday bruninhoooo 🇧🇷❤️🔥🇧🇷❤️🔥,🇧🇷 ❤️ 🔥,,,N.A.,N.A.: rev,,,,,,,,,,,,,,,,,,,,,0,0,0,0,0,1,Afetivo,Neutro,0.0,,,,,,,,,,,,error,True
BRUNO_MARS_0377,Bruno_Mars,🔥🔥 hbd 🔥🔥,🔥,,,N.A.,N.A.: rev,,,,,,,,,,,,,,,,,,,,,0,0,0,0,0,1,Afetivo,Neutro,0.0,,,,,,,,,,,,error,True
BRUNO_MARS_0378,Bruno_Mars,Bruninho! Dá uma chance pra gente 💚🔥💛,🔥 💚 💛,,,N.A.,N.A.: rev,,,,,,,,,,,,,,,,,,,,,0,0,0,0,0,1,Afetivo,Neutro,0.0,,,,,,,,,,,,error,True
BRUNO_MARS_0379,Bruno_Mars,Music❤️,❤️,,,N.A.,N.A.: rev,,,,,,,,,,,,,,,,,,,,,0,0,0,0,0,1,Afetivo,Neutro,0.0,,,,,,,,,,,,error,True
BRUNO_MARS_0381,Bruno_Mars,Congrats babe 💚🔥🔥🔥💚🇧🇷,🔥 💚 🇧🇷,,,N.A.,N.A.: rev,,,,,,,,,,,,,,,,,,,,,0,0,0,0,0,1,Afetivo,Neutro,0.0,,,,,,,,,,,,error,True
BRUNO_MARS_0383,Bruno_Mars,Bruninho 😍,😍,,,N.A.,N.A.: rev,,,,,,,,,,,,,,,,,,,,,0,0,0,0,0,1,Afetivo,Neutro,0.0,,,,,,,,,,,,error,True
BRUNO_MARS_0386,Bruno_Mars,❤️🇧🇷💚💛 Feliz aniversário 🫶🏽 Te amooooooo,🫶🏽 🇧🇷 💛 ❤️ 💚,,,N.A.,N.A.: rev,,,,,,,,,,,,,,,,,,,,,0,0,0,0,0,1,Afetivo,Neutro,0.0,,,,,,,,,,,,error,True
BRUNO_MARS_0391,Bruno_Mars,Bruninho 😍,😍,,,N.A.,N.A.: rev,,,,,,,,,,,,,,,,,,,,,0,0,0,0,0,1,Afetivo,Neutro,0.0,,,,,,,,,,,,error,True
BRUNO_MARS_0439,Bruno_Mars,"Um ano sem você! Volto logo, Bruninho 💚💛",💚 💛,,,N.A.,N.A.: rev,,,,,,,,,,,,,,,,,,,,,0,0,0,0,0,1,Afetivo,Neutro,0.0,,,,,,,,,,,,error,True
BRUNO_MARS_0441,Bruno_Mars,💃🏻 amazing 💃🏻,💃🏻,,,N.A.,N.A.: rev,,,,,,,,,,,,,,,,,,,,,0,0,0,0,0,1,Afetivo,Neutro,0.0,,,,,,,,,,,,error,True
BRUNO_MARS_0443,Bruno_Mars,"Bora reagir, Brasil.🇧🇷🔥📍",🇧🇷 📍 🔥,,,N.A.,N.A.: rev,,,,,,,,,,,,,,,,,,,,,0,0,0,0,0,1,Afetivo,Neutro,0.0,,,,,,,,,,,,error,True
BRUNO_MARS_0445,Bruno_Mars,O mundo pode ter o Bruno Mars! Mas o Bruninho pertence ao Brasil!!!🇧🇷💚💛,🇧🇷 💚 💛,,,N.A.,N.A.: rev,,,,,,,,,,,,,,,,,,,,,0,0,0,0,0,1,Afetivo,Neutro,0.0,,,,,,,,,,,,error,True
BRUNO_MARS_0446,Bruno_Mars,VOLTA BRUNINHO!!!🇧🇷💛💚,🇧🇷 💚 💛,,,N.A.,N.A.: rev,,,,,,,,,,,,,,,,,,,,,0,0,0,0,0,1,Afetivo,Neutro,0.0,,,,,,,,,,,,error,True
BRUNO_MARS_0448,Bruno_Mars,1 ano atrás estava em um dos dias mais incríveis 🇧🇷🇧🇷❤️❤️,🇧🇷 ❤️,,,N.A.,N.A.: rev,,,,,,,,,,,,,,,,,,,,,0,0,0,0,0,1,Afetivo,Neutro,0.0,,,,,,,,,,,,error,True
BRUNO_MARS_0449,Bruno_Mars,Volta Bruninho,,,,N.A.,N.A.: rev,,,,,,,,,,,,,,,,,,,,,0,0,0,0,0,1,Afetivo,Neutro,0.0,,,,,,,,,,,,error,True
BRUNO_MARS_0451,Bruno_Mars,Volta para casa 🇧🇷,🇧🇷,,,N.A.,N.A.: rev,,,,,,,,,,,,,,,,,,,,,0,0,0,0,0,1,Afetivo,Neutro,0.0,,,,,,,,,,,,error,True
BRUNO_MARS_0452,Bruno_Mars,1 ano trás 🇧🇷❤️,🇧🇷 ❤️,,,N.A.,N.A.: rev,,,,,,,,,,,,,,,,,,,,,0,0,0,0,0,1,Afetivo,Neutro,0.0,,,,,,,,,,,,error,True
BRUNO_MARS_0454,Bruno_Mars,Bruno 😍❤️,😍 ❤️,,,N.A.,N.A.: rev,,,,,,,,,,,,,,,,,,,,,0,0,0,0,0,1,Afetivo,Neutro,0.0,,,,,,,,,,,,error,True
BRUNO_MARS_0455,Bruno_Mars,Brunão ❤️,❤️,,,N.A.,N.A.: rev,,,,,,,,,,,,,,,,,,,,,0,0,0,0,0,1,Afetivo,Neutro,0.0,,,,,,,,,,,,error,True
BRUNO_MARS_0456,Bruno_Mars,Batendo ponto 📍🇧🇷,🇧🇷 📍,,,N.A.,N.A.: rev,,,,,,,,,,,,,,,,,,,,,0,0,0,0,0,1,Afetivo,Neutro,0.0,,,,,,,,,,,,error,True
BRUNO_MARS_0457,Bruno_Mars,@user solte logo o BM4 meu filho,,,,N.A.,N.A.: rev,,,,,,,,,,,,,,,,,,,,,0,0,0,0,0,1,Afetivo,Neutro,0.0,,,,,,,,,,,,error,True
BRUNO_MARS_0458,Bruno_Mars,Esperando a festa no Brasil!!🇧🇷📍,🇧🇷 📍,,,N.A.,N.A.: rev,,,,,,,,,,,,,,,,,,,,,0,0,0,0,0,1,Afetivo,Neutro,0.0,,,,,,,,,,,,error,True
BRUNO_MARS_0459,Bruno_Mars,Saudaaaade de Outubto de 2024!!!!,,,,N.A.,N.A.: rev,,,,,,,,,,,,,,,,,,,,,0,0,0,0,0,1,Afetivo,Neutro,0.0,,,,,,,,,,,,error,True
BRUNO_MARS_0460,Bruno_Mars,Bruninho 😍,😍,,,N.A.,N.A.: rev,,,,,,,,,,,,,,,,,,,,,0,0,0,0,0,1,Afetivo,Neutro,0.0,,,,,,,,,,,,error,True
BRUNO_MARS_0461,Bruno_Mars,Entrega o CPF e o cartão SUS pra esse cara hahahhaa💚💛💚💛💚💛,💚 💛,,,N.A.,N.A.: rev,,,,,,,,,,,,,,,,,,,,,0,0,0,0,0,1,Afetivo,Neutro,0.0,,,,,,,,,,,,error,True
BRUNO_MARS_0463,Bruno_Mars,💚💚💚💚Volta Bruninho nós te amamos 🇧🇷🇧🇷,🇧🇷 💚,,,N.A.,N.A.: rev,,,,,,,,,,,,,,,,,,,,,0,0,0,0,0,1,Afetivo,Neutro,0.0,,,,,,,,,,,,error,True
BRUNO_MARS_0466,Bruno_Mars,"Ce pra um lado, eu pro outro pela tela não tem gosto, que droga🎶",🎶,,,N.A.,N.A.: rev,,,,,,,,,,,,,,,,,,,,,0,0,0,0,0,1,Afetivo,Neutro,0.0,,,,,,,,,,,,error,True
BRUNO_MARS_0475,Bruno_Mars,Bruninho 😍,😍,,,N.A.,N.A.: rev,,,,,,,,,,,,,,,,,,,,,0,0,0,0,0,1,Afetivo,Neutro,0.0,,,,,,,,,,,,error,True
BRUNO_MARS_0532,Bruno_Mars,Brazilian love is Crazy!!🤭🇧🇷,🤭 🇧🇷,,,N.A.,N.A.: rev,,,,,,,,,,,,,,,,,,,,,0,0,0,0,0,1,Afetivo,Neutro,0.0,,,,,,,,,,,,error,True
BRUNO_MARS_0533,Bruno_Mars,"Saudades, Bruninho!!!💛💚🇧🇷",🇧🇷 💚 💛,,,N.A.,N.A.: rev,,,,,,,,,,,,,,,,,,,,,0,0,0,0,0,1,Afetivo,Neutro,0.0,,,,,,,,,,,,error,True
BRUNO_MARS_0534,Bruno_Mars,Quase 1 ano já! Volta logo!🇧🇷,🇧🇷,,,N.A.,N.A.: rev,,,,,,,,,,,,,,,,,,,,,0,0,0,0,0,1,Afetivo,Neutro,0.0,,,,,,,,,,,,error,True
BRUNO_MARS_0535,Bruno_Mars,Já se passaram 1 ano 💚💚💛💛🇧🇷🇧🇷,🇧🇷 💚 💛,,,N.A.,N.A.: rev,,,,,,,,,,,,,,,,,,,,,0,0,0,0,0,1,Afetivo,Neutro,0.0,,,,,,,,,,,,error,True
BRUNO_MARS_0536,Bruno_Mars,Bruninho 😍,😍,,,N.A.,N.A.: rev,,,,,,,,,,,,,,,,,,,,,0,0,0,0,0,1,Afetivo,Neutro,0.0,,,,,,,,,,,,error,True
BRUNO_MARS_0537,Bruno_Mars,"Vamos com tudo, Brasil!!!🇧🇷📍",🇧🇷 📍,,,N.A.,N.A.: rev,,,,,,,,,,,,,,,,,,,,,0,0,0,0,0,1,Afetivo,Neutro,0.0,,,,,,,,,,,,error,True
BRUNO_MARS_0595,Bruno_Mars,Gente que ícones 💛💚🇧🇷,🇧🇷 💚 💛,,,N.A.,N.A.: rev,,,,,,,,,,,,,,,,,,,,,0,0,0,0,0,1,Afetivo,Neutro,0.0,,,,,,,,,,,,error,True
BRUNO_MARS_0597,Bruno_Mars,@user you’re welcome! Hahaha 😂,😂,,,N.A.,N.A.: rev,,,,,,,,,,,,,,,,,,,,,0,0,0,0,0,1,Afetivo,Neutro,0.0,,,,,,,,,,,,error,True
BRUNO_MARS_0598,Bruno_Mars,"Volta Bruninho, seu bonde tá com muita saudade!!!🇧🇷📍",🇧🇷 📍,,,N.A.,N.A.: rev,,,,,,,,,,,,,,,,,,,,,0,0,0,0,0,1,Afetivo,Neutro,0.0,,,,,,,,,,,,error,True
BRUNO_MARS_0599,Bruno_Mars,@user não aceitamos boicote!!!🧐,🧐,,,N.A.,N.A.: rev,,,,,,,,,,,,,,,,,,,,,0,0,0,0,0,1,Afetivo,Neutro,0.0,,,,,,,,,,,,error,True
BRUNO_MARS_0600,Bruno_Mars,Te amo tanto homem do céu 😍💚🇧🇷,😍 💚 🇧🇷,,,N.A.,N.A.: rev,,,,,,,,,,,,,,,,,,,,,0,0,0,0,0,1,Afetivo,Neutro,0.0,,,,,,,,,,,,error,True
BRUNO_MARS_0601,Bruno_Mars,Volta Bruno,,,,N.A.,N.A.: rev,,,,,,,,,,,,,,,,,,,,,0,0,0,0,0,1,Afetivo,Neutro,0.0,,,,,,,,,,,,error,True
BRUNO_MARS_0602,Bruno_Mars,😍@user love you❤️,😍 ❤️,,,N.A.,N.A.: rev,,,,,,,,,,,,,,,,,,,,,0,0,0,0,0,1,Afetivo,Neutro,0.0,,,,,,,,,,,,error,True
BRUNO_MARS_0604,Bruno_Mars,Bora? 🇧🇷,🇧🇷,,,N.A.,N.A.: rev,,,,,,,,,,,,,,,,,,,,,0,0,0,0,0,1,Afetivo,Neutro,0.0,,,,,,,,,,,,error,True
BRUNO_MARS_0605,Bruno_Mars,Bruninho 😍,😍,,,N.A.,N.A.: rev,,,,,,,,,,,,,,,,,,,,,0,0,0,0,0,1,Afetivo,Neutro,0.0,,,,,,,,,,,,error,True
BRUNO_MARS_0668,Bruno_Mars,Bruninho 😍,😍,,,N.A.,N.A.: rev,,,,,,,,,,,,,,,,,,,,,0,0,0,0,0,1,Afetivo,Neutro,0.0,,,,,,,,,,,,error,True
BRUNO_MARS_0675,Bruno_Mars,💚💛📍,💚 📍 💛,,,N.A.,N.A.: rev,,,,,,,,,,,,,,,,,,,,,0,0,0,0,0,1,Afetivo,Neutro,0.0,,,,,,,,,,,,error,True
BRUNO_MARS_0678,Bruno_Mars,Me encanta 🇧🇷💚,🇧🇷 💚,,,N.A.,N.A.: rev,,,,,,,,,,,,,,,,,,,,,0,0,0,0,0,1,Afetivo,Neutro,0.0,,,,,,,,,,,,error,True
BRUNO_MARS_0679,Bruno_Mars,🇧🇷💚💚💚💚 bruninho já foi embora,🇧🇷 💚,,,N.A.,N.A.: rev,,,,,,,,,,,,,,,,,,,,,0,0,0,0,0,1,Afetivo,Neutro,0.0,,,,,,,,,,,,error,True
BRUNO_MARS_0682,Bruno_Mars,Oi estamos com saudades 💚💛🇧🇷,🇧🇷 💚 💛,,,N.A.,N.A.: rev,,,,,,,,,,,,,,,,,,,,,0,0,0,0,0,1,Afetivo,Neutro,0.0,,,,,,,,,,,,error,True
BRUNO_MARS_0683,Bruno_Mars,Sdds,,,,N.A.,N.A.: rev,,,,,,,,,,,,,,,,,,,,,0,0,0,0,0,1,Afetivo,Neutro,0.0,,,,,,,,,,,,error,True
BRUNO_MARS_0685,Bruno_Mars,Voltaaaaa 💚🇧🇷❤️,🇧🇷 💚 ❤️,,,N.A.,N.A.: rev,,,,,,,,,,,,,,,,,,,,,0,0,0,0,0,1,Afetivo,Neutro,0.0,,,,,,,,,,,,error,True
BRUNO_MARS_0686,Bruno_Mars,Brasil 🇧🇷🇧🇷🇧🇷🇧🇷🇧🇷🇧🇷🇧🇷🇧🇷🇧🇷🇧🇷🇧🇷🇧🇷🇧🇷🇧🇷🇧🇷,🇧🇷,,,N.A.,N.A.: rev,,,,,,,,,,,,,,,,,,,,,0,0,0,0,0,1,Afetivo,Neutro,0.0,,,,,,,,,,,,error,True
BRUNO_MARS_0688,Bruno_Mars,Bruninho 😍,😍,,,N.A.,N.A.: rev,,,,,,,,,,,,,,,,,,,,,0,0,0,0,0,1,Afetivo,Neutro,0.0,,,,,,,,,,,,error,True
BRUNO_MARS_0689,Bruno_Mars,Volta Bruninho 🇧🇷🇧🇷🇧🇷,🇧🇷,,,N.A.,N.A.: rev,,,,,,,,,,,,,,,,,,,,,0,0,0,0,0,1,Afetivo,Neutro,0.0,,,,,,,,,,,,error,True
BRUNO_MARS_0714,Bruno_Mars,Bruninho 😍,😍,,,N.A.,N.A.: rev,,,,,,,,,,,,,,,,,,,,,0,0,0,0,0,1,Afetivo,Neutro,0.0,,,,,,,,,,,,error,True
BRUNO_MARS_0717,Bruno_Mars,🔥💚💛📍,🔥 💚 📍 💛,,,N.A.,N.A.: rev,,,,,,,,,,,,,,,,,,,,,0,0,0,0,0,1,Afetivo,Neutro,0.0,,,,,,,,,,,,error,True
BRUNO_MARS_0719,Bruno_Mars,Bruninho 😍,😍,,,N.A.,N.A.: rev,,,,,,,,,,,,,,,,,,,,,0,0,0,0,0,1,Afetivo,Neutro,0.0,,,,,,,,,,,,error,True
BRUNO_MARS_1725,Bruno_Mars,MDs Volta Bruno 🥹❤️😭,❤️ 🥹 😭,,,N.A.,N.A.: rev,,,,,,,,,,,,,,,,,,,,,0,0,0,0,0,1,Afetivo,Neutro,0.0,,,,,,,,,,,,error,True
BRUNO_MARS_1735,Bruno_Mars,Bruninho 😍,😍,,,N.A.,N.A.: rev,,,,,,,,,,,,,,,,,,,,,0,0,0,0,0,1,Afetivo,Neutro,0.0,,,,,,,,,,,,error,True
BRUNO_MARS_1737,Bruno_Mars,📍,📍,,,N.A.,N.A.: rev,,,,,,,,,,,,,,,,,,,,,0,0,0,0,0,1,Afetivo,Neutro,0.0,,,,,,,,,,,,error,True
BRUNO_MARS_1797,Bruno_Mars,Boraaaa🇧🇷🇧🇷🇧🇷🇧🇷❤️❤️❤️❤️😎,😎 🇧🇷 ❤️,,,N.A.,N.A.: rev,,,,,,,,,,,,,,,,,,,,,0,0,0,0,0,1,Afetivo,Neutro,0.0,,,,,,,,,,,,error,True
BRUNO_MARS_1799,Bruno_Mars,Parou o Brasil ❤️🇧🇷,🇧🇷 ❤️,,,N.A.,N.A.: rev,,,,,,,,,,,,,,,,,,,,,0,0,0,0,0,1,Afetivo,Neutro,0.0,,,,,,,,,,,,error,True
BRUNO_MARS_1800,Bruno_Mars,Amooooo Bruninho,,,,N.A.,N.A.: rev,,,,,,,,,,,,,,,,,,,,,0,0,0,0,0,1,Afetivo,Neutro,0.0,,,,,,,,,,,,error,True
BRUNO_MARS_1805,Bruno_Mars,Virou os comentários. Até q enfim está desemperrando a contagem aqui.,,,,N.A.,N.A.: rev,,,,,,,,,,,,,,,,,,,,,0,0,0,0,0,1,Afetivo,Neutro,0.0,,,,,,,,,,,,error,True
BRUNO_MARS_1806,Bruno_Mars,Bruninho 😍,😍,,,N.A.,N.A.: rev,,,,,,,,,,,,,,,,,,,,,0,0,0,0,0,1,Afetivo,Neutro,0.0,,,,,,,,,,,,error,True
BRUNO_MARS_1875,Bruno_Mars,Batendo meu ponto📍💚,💚 📍,,,N.A.,N.A.: rev,,,,,,,,,,,,,,,,,,,,,0,0,0,0,0,1,Afetivo,Neutro,0.0,,,,,,,,,,,,error,True
BRUNO_MARS_1880,Bruno_Mars,Volta 🇧🇷💚,🇧🇷 💚,,,N.A.,N.A.: rev,,,,,,,,,,,,,,,,,,,,,0,0,0,0,0,1,Afetivo,Neutro,0.0,,,,,,,,,,,,error,True
BRUNO_MARS_1881,Bruno_Mars,Saudades 😭🇧🇷,🇧🇷 😭,,,N.A.,N.A.: rev,,,,,,,,,,,,,,,,,,,,,0,0,0,0,0,1,Afetivo,Neutro,0.0,,,,,,,,,,,,error,True
BRUNO_MARS_1882,Bruno_Mars,"You are one of the best in the world, don't forget about Brazil, we need you here more often! I love you, you are wonderful ❤️",❤️,,,N.A.,N.A.: rev,,,,,,,,,,,,,,,,,,,,,0,0,0,0,0,1,Afetivo,Neutro,0.0,,,,,,,,,,,,error,True
BRUNO_MARS_1887,Bruno_Mars,Mais um dia 🇧🇷🔥,🇧🇷 🔥,,,N.A.,N.A.: rev,,,,,,,,,,,,,,,,,,,,,0,0,0,0,0,1,Afetivo,Neutro,0.0,,,,,,,,,,,,error,True
BRUNO_MARS_1888,Bruno_Mars,Baby a porque vc é tão sumido🥹♥️♥️,♥️ 🥹,,,N.A.,N.A.: rev,,,,,,,,,,,,,,,,,,,,,0,0,0,0,0,1,Afetivo,Neutro,0.0,,,,,,,,,,,,error,True
BRUNO_MARS_1889,Bruno_Mars,Baby porque vc e tão sumido 🥹♥️♥️,♥️ 🥹,,,N.A.,N.A.: rev,,,,,,,,,,,,,,,,,,,,,0,0,0,0,0,1,Afetivo,Neutro,0.0,,,,,,,,,,,,error,True
BRUNO_MARS_1891,Bruno_Mars,Perfeito😍😍,😍,,,N.A.,N.A.: rev,,,,,,,,,,,,,,,,,,,,,0,0,0,0,0,1,Afetivo,Neutro,0.0,,,,,,,,,,,,error,True
BRUNO_MARS_1895,Bruno_Mars,📍,📍,,,N.A.,N.A.: rev,,,,,,,,,,,,,,,,,,,,,0,0,0,0,0,1,Afetivo,Neutro,0.0,,,,,,,,,,,,error,True
BRUNO_MARS_1964,Bruno_Mars,@user,,,,N.A.,N.A.: rev,,,,,,,,,,,,,,,,,,,,,0,0,0,0,0,1,Afetivo,Neutro,0.0,,,,,,,,,,,,error,True
BRUNO_MARS_1967,Bruno_Mars,💛💚📍,💚 📍 💛,,,N.A.,N.A.: rev,,,,,,,,,,,,,,,,,,,,,0,0,0,0,0,1,Afetivo,Neutro,0.0,,,,,,,,,,,,error,True
BRUNO_MARS_1969,Bruno_Mars,Volta Bruninho,,,,N.A.,N.A.: rev,,,,,,,,,,,,,,,,,,,,,0,0,0,0,0,1,Afetivo,Neutro,0.0,,,,,,,,,,,,error,True
BRUNO_MARS_1970,Bruno_Mars,Vc prometeu que ia voltar @user 🥺,🥺,,,N.A.,N.A.: rev,,,,,,,,,,,,,,,,,,,,,0,0,0,0,0,1,Afetivo,Neutro,0.0,,,,,,,,,,,,error,True
BRUNO_MARS_1971,Bruno_Mars,Good night bruno mars y vídeo beautiful too much ❤️❤️❤️❤️❤️,❤️,,,N.A.,N.A.: rev,,,,,,,,,,,,,,,,,,,,,0,0,0,0,0,1,Afetivo,Neutro,0.0,,,,,,,,,,,,error,True
BRUNO_MARS_1972,Bruno_Mars,Bruninho e nosso porraaaaaaaaaaaaaaaaa saudades volta Bruninho💕🇧🇷🇧🇷🇧🇷🇧🇷🇧🇷🌷,💕 🇧🇷 🌷,,,N.A.,N.A.: rev,,,,,,,,,,,,,,,,,,,,,0,0,0,0,0,1,Afetivo,Neutro,0.0,,,,,,,,,,,,error,True
BRUNO_MARS_1974,Bruno_Mars,Bruninho 😍,😍,,,N.A.,N.A.: rev,,,,,,,,,,,,,,,,,,,,,0,0,0,0,0,1,Afetivo,Neutro,0.0,,,,,,,,,,,,error,True
BRUNO_MARS_1981,Bruno_Mars,@user a maior que temos!🔥👏👏 🇧🇷,🔥 👏 🇧🇷,,,N.A.,N.A.: rev,,,,,,,,,,,,,,,,,,,,,0,0,0,0,0,1,Afetivo,Neutro,0.0,,,,,,,,,,,,error,True
BRUNO_MARS_1985,Bruno_Mars,😍📍,😍 📍,,,N.A.,N.A.: rev,,,,,,,,,,,,,,,,,,,,,0,0,0,0,0,1,Afetivo,Neutro,0.0,,,,,,,,,,,,error,True
BRUNO_MARS_1986,Bruno_Mars,Bruninho 😍,😍,,,N.A.,N.A.: rev,,,,,,,,,,,,,,,,,,,,,0,0,0,0,0,1,Afetivo,Neutro,0.0,,,,,,,,,,,,error,True
BRUNO_MARS_1993,Bruno_Mars,Saudades,,,,N.A.,N.A.: rev,,,,,,,,,,,,,,,,,,,,,0,0,0,0,0,1,Afetivo,Neutro,0.0,,,,,,,,,,,,error,True
BRUNO_MARS_1998,Bruno_Mars,📍,📍,,,N.A.,N.A.: rev,,,,,,,,,,,,,,,,,,,,,0,0,0,0,0,1,Afetivo,Neutro,0.0,,,,,,,,,,,,error,True
BRUNO_MARS_2005,Bruno_Mars,Bruninho 😍,😍,,,N.A.,N.A.: rev,,,,,,,,,,,,,,,,,,,,,0,0,0,0,0,1,Afetivo,Neutro,0.0,,,,,,,,,,,,error,True
BRUNO_MARS_2068,Bruno_Mars,📍,📍,,,N.A.,N.A.: rev,,,,,,,,,,,,,,,,,,,,,0,0,0,0,0,1,Afetivo,Neutro,0.0,,,,,,,,,,,,error,True
BRUNO_MARS_2074,Bruno_Mars,@user Kd vc? A gente engaja tanto e vc num aparece nem p dizer q tá vivo!!! 🇧🇷,🇧🇷,,,N.A.,N.A.: rev,,,,,,,,,,,,,,,,,,,,,0,0,0,0,0,1,Afetivo,Neutro,0.0,,,,,,,,,,,,error,True
BRUNO_MARS_2085,Bruno_Mars,💚💛💚l🔥,🔥 💚 💛,,,N.A.,N.A.: rev,,,,,,,,,,,,,,,,,,,,,0,0,0,0,0,1,Afetivo,Neutro,0.0,,,,,,,,,,,,error,True
BRUNO_MARS_2087,Bruno_Mars,💚💛💚 200k,💚 💛,,,N.A.,N.A.: rev,,,,,,,,,,,,,,,,,,,,,0,0,0,0,0,1,Afetivo,Neutro,0.0,,,,,,,,,,,,error,True
BRUNO_MARS_2090,Bruno_Mars,Bruninho 😍,😍,,,N.A.,N.A.: rev,,,,,,,,,,,,,,,,,,,,,0,0,0,0,0,1,Afetivo,Neutro,0.0,,,,,,,,,,,,error,True
BRUNO_MARS_2091,Bruno_Mars,I'm so upset about your disappearance!,,,,N.A.,N.A.: rev,,,,,,,,,,,,,,,,,,,,,0,0,0,0,0,1,Afetivo,Neutro,0.0,,,,,,,,,,,,error,True
BRUNO_MARS_3831,Bruno_Mars,Eu nunca vou esquecer do dia que eu pude ir ao seu show. Realização de um sonho ❤️,❤️,,,N.A.,N.A.: rev,,,,,,,,,,,,,,,,,,,,,0,0,0,0,0,1,Afetivo,Neutro,0.0,,,,,,,,,,,,error,True
BRUNO_MARS_3834,Bruno_Mars,Realmente 2026 é nosso hooligans,,,,N.A.,N.A.: rev,,,,,,,,,,,,,,,,,,,,,0,0,0,0,0,1,Afetivo,Neutro,0.0,,,,,,,,,,,,error,True
BRUNO_MARS_3837,Bruno_Mars,"Brasil again, Bruninho! 🇧🇷",🇧🇷,,,N.A.,N.A.: rev,,,,,,,,,,,,,,,,,,,,,0,0,0,0,0,1,Afetivo,Neutro,0.0,,,,,,,,,,,,error,True
BRUNO_MARS_3838,Bruno_Mars,"Come to BH again, @user ❤️",❤️,,,N.A.,N.A.: rev,,,,,,,,,,,,,,,,,,,,,0,0,0,0,0,1,Afetivo,Neutro,0.0,,,,,,,,,,,,error,True
BRUNO_MARS_3840,Bruno_Mars,@user Come to BH! 💚💛📍🇧🇷,🇧🇷 💚 📍 💛,,,N.A.,N.A.: rev,,,,,,,,,,,,,,,,,,,,,0,0,0,0,0,1,Afetivo,Neutro,0.0,,,,,,,,,,,,error,True
BRUNO_MARS_3842,Bruno_Mars,Pode voltar 🇧🇷❤️,🇧🇷 ❤️,,,N.A.,N.A.: rev,,,,,,,,,,,,,,,,,,,,,0,0,0,0,0,1,Afetivo,Neutro,0.0,,,,,,,,,,,,error,True
BRUNO_MARS_3843,Bruno_Mars,Bruninho 😍,😍,,,N.A.,N.A.: rev,,,,,,,,,,,,,,,,,,,,,0,0,0,0,0,1,Afetivo,Neutro,0.0,,,,,,,,,,,,error,True
BRUNO_MARS_3845,Bruno_Mars,📍,📍,,,N.A.,N.A.: rev,,,,,,,,,,,,,,,,,,,,,0,0,0,0,0,1,Afetivo,Neutro,0.0,,,,,,,,,,,,error,True
BRUNO_MARS_3863,Bruno_Mars,"Até hoje não superei esse vídeo , amoooooooo ❤️",❤️,,,N.A.,N.A.: rev,,,,,,,,,,,,,,,,,,,,,0,0,0,0,0,1,Afetivo,Neutro,0.0,,,,,,,,,,,,error,True
BRUNO_MARS_3867,Bruno_Mars,Volta logo Bruninho ❤️,❤️,,,N.A.,N.A.: rev,,,,,,,,,,,,,,,,,,,,,0,0,0,0,0,1,Afetivo,Neutro,0.0,,,,,,,,,,,,error,True
BRUNO_MARS_3872,Bruno_Mars,📍,📍,,,N.A.,N.A.: rev,,,,,,,,,,,,,,,,,,,,,0,0,0,0,0,1,Afetivo,Neutro,0.0,,,,,,,,,,,,error,True
BRUNO_MARS_3877,Bruno_Mars,Bruninho 😍,😍,,,N.A.,N.A.: rev,,,,,,,,,,,,,,,,,,,,,0,0,0,0,0,1,Afetivo,Neutro,0.0,,,,,,,,,,,,error,True
BRUNO_MARS_3885,Bruno_Mars,@user só vem!,,,,N.A.,N.A.: rev,,,,,,,,,,,,,,,,,,,,,0,0,0,0,0,1,Afetivo,Neutro,0.0,,,,,,,,,,,,error,True
BRUNO_MARS_3887,Bruno_Mars,2026 É NOSSO!🇧🇷,🇧🇷,,,N.A.,N.A.: rev,,,,,,,,,,,,,,,,,,,,,0,0,0,0,0,1,Afetivo,Neutro,0.0,,,,,,,,,,,,error,True
BRUNO_MARS_3889,Bruno_Mars,"Bruno!!! Perdón he olvidado mandarte mensaje, pero quiero que decirte que te amo. Ya estoy de nuevo en mi natal México y estoy trabajando arduamente todos los días para visitarte NO BRASIL 🇧🇷🇧🇷🇧🇷",🇧🇷,,,N.A.,N.A.: rev,,,,,,,,,,,,,,,,,,,,,0,0,0,0,0,1,Afetivo,Neutro,0.0,,,,,,,,,,,,error,True
BRUNO_MARS_3891,Bruno_Mars,Agora com mais emoção ❤️❤️❤️🫠❤️🇧🇷,🇧🇷 🫠 ❤️,,,N.A.,N.A.: rev,,,,,,,,,,,,,,,,,,,,,0,0,0,0,0,1,Afetivo,Neutro,0.0,,,,,,,,,,,,error,True
BRUNO_MARS_3892,Bruno_Mars,Volta por favor 🇧🇷💚🔥,🇧🇷 💚 🔥,,,N.A.,N.A.: rev,,,,,,,,,,,,,,,,,,,,,0,0,0,0,0,1,Afetivo,Neutro,0.0,,,,,,,,,,,,error,True
BRUNO_MARS_3893,Bruno_Mars,I remember this❤️❤️❤️🔥😂,🔥 😂 ❤️,,,N.A.,N.A.: rev,,,,,,,,,,,,,,,,,,,,,0,0,0,0,0,1,Afetivo,Neutro,0.0,,,,,,,,,,,,error,True
BRUNO_MARS_3894,Bruno_Mars,Bom dia Bruninho! Ansiosa por sexta feira. Certeza que será sucesso total💚💛,💚 💛,,,N.A.,N.A.: rev,,,,,,,,,,,,,,,,,,,,,0,0,0,0,0,1,Afetivo,Neutro,0.0,,,,,,,,,,,,error,True
BRUNO_MARS_3895,Bruno_Mars,🇧🇷saudades ja,🇧🇷,,,N.A.,N.A.: rev,,,,,,,,,,,,,,,,,,,,,0,0,0,0,0,1,Afetivo,Neutro,0.0,,,,,,,,,,,,error,True
BRUNO_MARS_3896,Bruno_Mars,Contagem regressiva 🇧🇷😍,🇧🇷 😍,,,N.A.,N.A.: rev,,,,,,,,,,,,,,,,,,,,,0,0,0,0,0,1,Afetivo,Neutro,0.0,,,,,,,,,,,,error,True
BRUNO_MARS_3901,Bruno_Mars,📍veem fazer festa no Brasil 💚🇧🇷,🇧🇷 💚 📍,,,N.A.,N.A.: rev,,,,,,,,,,,,,,,,,,,,,0,0,0,0,0,1,Afetivo,Neutro,0.0,,,,,,,,,,,,error,True
BRUNO_MARS_3902,Bruno_Mars,Bruninho 💚🇧🇷,🇧🇷 💚,,,N.A.,N.A.: rev,,,,,,,,,,,,,,,,,,,,,0,0,0,0,0,1,Afetivo,Neutro,0.0,,,,,,,,,,,,error,True
BRUNO_MARS_3907,Bruno_Mars,This will always be the best 🇧🇷😍,🇧🇷 😍,,,N.A.,N.A.: rev,,,,,,,,,,,,,,,,,,,,,0,0,0,0,0,1,Afetivo,Neutro,0.0,,,,,,,,,,,,error,True
BRUNO_MARS_3908,Bruno_Mars,Bruno está de volta 🇧🇷,🇧🇷,,,N.A.,N.A.: rev,,,,,,,,,,,,,,,,,,,,,0,0,0,0,0,1,Afetivo,Neutro,0.0,,,,,,,,,,,,error,True
BRUNO_MARS_3909,Bruno_Mars,"O álbum está pronto, agora a festa é no Brasil",,,,N.A.,N.A.: rev,,,,,,,,,,,,,,,,,,,,,0,0,0,0,0,1,Afetivo,Neutro,0.0,,,,,,,,,,,,error,True
BRUNO_MARS_3910,Bruno_Mars,Bruninho 😍,😍,,,N.A.,N.A.: rev,,,,,,,,,,,,,,,,,,,,,0,0,0,0,0,1,Afetivo,Neutro,0.0,,,,,,,,,,,,error,True
BRUNO_MARS_3912,Bruno_Mars,Bora arredondar esses 200 milhoesssss de visualizações 🇧🇷🔥🇧🇷💚,🇧🇷 💚 🔥,,,N.A.,N.A.: rev,,,,,,,,,,,,,,,,,,,,,0,0,0,0,0,1,Afetivo,Neutro,0.0,,,,,,,,,,,,error,True
BRUNO_MARS_3917,Bruno_Mars,📍,📍,,,N.A.,N.A.: rev,,,,,,,,,,,,,,,,,,,,,0,0,0,0,0,1,Afetivo,Neutro,0.0,,,,,,,,,,,,error,True
BRUNO_MARS_3933,Bruno_Mars,Te amo Bruninho 💚🇧🇷,🇧🇷 💚,,,N.A.,N.A.: rev,,,,,,,,,,,,,,,,,,,,,0,0,0,0,0,1,Afetivo,Neutro,0.0,,,,,,,,,,,,error,True
BRUNO_MARS_3934,Bruno_Mars,Gente que surto foi esse KKKKKKKKKKKK dos brasileiros comentarem esses dias por aqui. 😂😂😂 Vocês são demais em. 😂,😂,,,N.A.,N.A.: rev,,,,,,,,,,,,,,,,,,,,,0,0,0,0,0,1,Afetivo,Neutro,0.0,,,,,,,,,,,,error,True
BRUNO_MARS_3935,Bruno_Mars,Agora volta ❤️,❤️,,,N.A.,N.A.: rev,,,,,,,,,,,,,,,,,,,,,0,0,0,0,0,1,Afetivo,Neutro,0.0,,,,,,,,,,,,error,True
BRUNO_MARS_3936,Bruno_Mars,VOLTA 💚💛,💚 💛,,,N.A.,N.A.: rev,,,,,,,,,,,,,,,,,,,,,0,0,0,0,0,1,Afetivo,Neutro,0.0,,,,,,,,,,,,error,True
BRUNO_MARS_3937,Bruno_Mars,"Lançou álbum, JÁ PODE VOLTAR AMOR 💁🏽‍♀️🇧🇷🤩",💁🏽‍♀️ 🇧🇷 🤩,,,N.A.,N.A.: rev,,,,,,,,,,,,,,,,,,,,,0,0,0,0,0,1,Afetivo,Neutro,0.0,,,,,,,,,,,,error,True
BRUNO_MARS_3939,Bruno_Mars,@user nós te amamos!🇧🇷❤️,🇧🇷 ❤️,,,N.A.,N.A.: rev,,,,,,,,,,,,,,,,,,,,,0,0,0,0,0,1,Afetivo,Neutro,0.0,,,,,,,,,,,,error,True
BRUNO_MARS_3947,Bruno_Mars,200 mi. Bora?!,,,,N.A.,N.A.: rev,,,,,,,,,,,,,,,,,,,,,0,0,0,0,0,1,Afetivo,Neutro,0.0,,,,,,,,,,,,error,True
BRUNO_MARS_3948,Bruno_Mars,The Romantic tá chegando ❤️,❤️,,,N.A.,N.A.: rev,,,,,,,,,,,,,,,,,,,,,0,0,0,0,0,1,Afetivo,Neutro,0.0,,,,,,,,,,,,error,True
BRUNO_MARS_3949,Bruno_Mars,❤️🌹,❤️ 🌹,,,N.A.,N.A.: rev,,,,,,,,,,,,,,,,,,,,,0,0,0,0,0,1,Afetivo,Neutro,0.0,,,,,,,,,,,,error,True
BRUNO_MARS_3950,Bruno_Mars,Bruninhooo ta de voltaaaa caraleooo 🇧🇷🇧🇷,🇧🇷,,,N.A.,N.A.: rev,,,,,,,,,,,,,,,,,,,,,0,0,0,0,0,1,Afetivo,Neutro,0.0,,,,,,,,,,,,error,True
BRUNO_MARS_3951,Bruno_Mars,Enfim o album saiu 🇧🇷,🇧🇷,,,N.A.,N.A.: rev,,,,,,,,,,,,,,,,,,,,,0,0,0,0,0,1,Afetivo,Neutro,0.0,,,,,,,,,,,,error,True
BRUNO_MARS_3952,Bruno_Mars,Te amoooooo 🇧🇷🇧🇷,🇧🇷,,,N.A.,N.A.: rev,,,,,,,,,,,,,,,,,,,,,0,0,0,0,0,1,Afetivo,Neutro,0.0,,,,,,,,,,,,error,True
BRUNO_MARS_3957,Bruno_Mars,📍📍📍📍😍,😍 📍,,,N.A.,N.A.: rev,,,,,,,,,,,,,,,,,,,,,0,0,0,0,0,1,Afetivo,Neutro,0.0,,,,,,,,,,,,error,True
BRUNO_MARS_3959,Bruno_Mars,@user vamos esse ano amiga??? 😍,😍,,,N.A.,N.A.: rev,,,,,,,,,,,,,,,,,,,,,0,0,0,0,0,1,Afetivo,Neutro,0.0,,,,,,,,,,,,error,True
BRUNO_MARS_3960,Bruno_Mars,TAMO C SDD,,,,N.A.,N.A.: rev,,,,,,,,,,,,,,,,,,,,,0,0,0,0,0,1,Afetivo,Neutro,0.0,,,,,,,,,,,,error,True
BRUNO_MARS_3969,Bruno_Mars,Bruninho 😍,😍,,,N.A.,N.A.: rev,,,,,,,,,,,,,,,,,,,,,0,0,0,0,0,1,Afetivo,Neutro,0.0,,,,,,,,,,,,error,True
BRUNO_MARS_3970,Bruno_Mars,📍,📍,,,N.A.,N.A.: rev,,,,,,,,,,,,,,,,,,,,,0,0,0,0,0,1,Afetivo,Neutro,0.0,,,,,,,,,,,,error,True
BRUNO_MARS_3988,Bruno_Mars,COME TO 🇧🇷,🇧🇷,,,N.A.,N.A.: rev,,,,,,,,,,,,,,,,,,,,,0,0,0,0,0,1,Afetivo,Neutro,0.0,,,,,,,,,,,,error,True
BRUNO_MARS_4052,Bruno_Mars,Ta uma loucuraaaaa sem tempooo de passar nos comentários mass estamos na ativa aaahhh 📍💚🔥🇧🇷💛 rumo aos 200m,🔥 🇧🇷 💛 💚 📍,,,N.A.,N.A.: rev,,,,,,,,,,,,,,,,,,,,,0,0,0,0,0,1,Afetivo,Neutro,0.0,,,,,,,,,,,,error,True
BRUNO_MARS_4054,Bruno_Mars,The Romntic Tour in Brazil 🇧🇷💚💛🔥🔥🔥🔥 volta pra casa Bruno Márcio,🇧🇷 🔥 💚 💛,,,N.A.,N.A.: rev,,,,,,,,,,,,,,,,,,,,,0,0,0,0,0,1,Afetivo,Neutro,0.0,,,,,,,,,,,,error,True
BRUNO_MARS_4055,Bruno_Mars,COMO TO BRAZIL 🇧🇷❤️,🇧🇷 ❤️,,,N.A.,N.A.: rev,,,,,,,,,,,,,,,,,,,,,0,0,0,0,0,1,Afetivo,Neutro,0.0,,,,,,,,,,,,error,True
BRUNO_MARS_4058,Bruno_Mars,Queremos the romantic tour no Brasil!!!!🇧🇷❤️🌹🌹🌹 esse é o bonde do Brunão 🇧🇷,🇧🇷 ❤️ 🌹,,,N.A.,N.A.: rev,,,,,,,,,,,,,,,,,,,,,0,0,0,0,0,1,Afetivo,Neutro,0.0,,,,,,,,,,,,error,True
BRUNO_MARS_4060,Bruno_Mars,QUEREMOS THE ROMANTIC TOUR NO BRASIL🇧🇷🔥🌹 VOLTA PRA SUA CASA BRUNINHO🇧🇷,🇧🇷 🌹 🔥,,,N.A.,N.A.: rev,,,,,,,,,,,,,,,,,,,,,0,0,0,0,0,1,Afetivo,Neutro,0.0,,,,,,,,,,,,error,True
BRUNO_MARS_4061,Bruno_Mars,Queremos THE ROMANTIC TOUR BRAZIL 📍🇧🇷😩,😩 🇧🇷 📍,,,N.A.,N.A.: rev,,,,,,,,,,,,,,,,,,,,,0,0,0,0,0,1,Afetivo,Neutro,0.0,,,,,,,,,,,,error,True
BRUNO_MARS_4063,Bruno_Mars,Brasil 🇧🇷 Traga a turnê pra cá,🇧🇷,,,N.A.,N.A.: rev,,,,,,,,,,,,,,,,,,,,,0,0,0,0,0,1,Afetivo,Neutro,0.0,,,,,,,,,,,,error,True
BRUNO_MARS_4064,Bruno_Mars,"Queremos a turnê no Brasil, volta pra casa 🇧🇷🇧🇷❤️❤️",🇧🇷 ❤️,,,N.A.,N.A.: rev,,,,,,,,,,,,,,,,,,,,,0,0,0,0,0,1,Afetivo,Neutro,0.0,,,,,,,,,,,,error,True
BRUNO_MARS_4066,Bruno_Mars,A turnê no Brasil🇧🇷 @user,🇧🇷,,,N.A.,N.A.: rev,,,,,,,,,,,,,,,,,,,,,0,0,0,0,0,1,Afetivo,Neutro,0.0,,,,,,,,,,,,error,True
BRUNO_MARS_4068,Bruno_Mars,Brasil 📍🇧🇷❤️,🇧🇷 📍 ❤️,,,N.A.,N.A.: rev,,,,,,,,,,,,,,,,,,,,,0,0,0,0,0,1,Afetivo,Neutro,0.0,,,,,,,,,,,,error,True
BRUNO_MARS_4070,Bruno_Mars,The romantic 💐,💐,,,N.A.,N.A.: rev,,,,,,,,,,,,,,,,,,,,,0,0,0,0,0,1,Afetivo,Neutro,0.0,,,,,,,,,,,,error,True
BRUNO_MARS_4081,Bruno_Mars,Voltando aqui porque estamos com saudades 🥹🇧🇷,🇧🇷 🥹,,,N.A.,N.A.: rev,,,,,,,,,,,,,,,,,,,,,0,0,0,0,0,1,Afetivo,Neutro,0.0,,,,,,,,,,,,error,True
BRUNO_MARS_4083,Bruno_Mars,Voltaaaaa pra casa Brunão !🇧🇷😍,🇧🇷 😍,,,N.A.,N.A.: rev,,,,,,,,,,,,,,,,,,,,,0,0,0,0,0,1,Afetivo,Neutro,0.0,,,,,,,,,,,,error,True
BRUNO_MARS_4094,Bruno_Mars,Estamos a só 200mil 🔥 bora galera a gente vai conseguir!!!!🇧🇷🔥🔥🔥,🔥 🇧🇷,,,N.A.,N.A.: rev,,,,,,,,,,,,,,,,,,,,,0,0,0,0,0,1,Afetivo,Neutro,0.0,,,,,,,,,,,,error,True
BRUNO_MARS_4102,Bruno_Mars,198 e subindo🚀,🚀,,,N.A.,N.A.: rev,,,,,,,,,,,,,,,,,,,,,0,0,0,0,0,1,Afetivo,Neutro,0.0,,,,,,,,,,,,error,True
BRUNO_MARS_4106,Bruno_Mars,Como to Brazil🇧🇷📍,🇧🇷 📍,,,N.A.,N.A.: rev,,,,,,,,,,,,,,,,,,,,,0,0,0,0,0,1,Afetivo,Neutro,0.0,,,,,,,,,,,,error,True
BRUNO_MARS_4108,Bruno_Mars,🇧🇷 Só vem!!!,🇧🇷,,,N.A.,N.A.: rev,,,,,,,,,,,,,,,,,,,,,0,0,0,0,0,1,Afetivo,Neutro,0.0,,,,,,,,,,,,error,True
BRUNO_MARS_4110,Bruno_Mars,Vamos 💚💛🇧🇷🇧🇷🇧🇷,🇧🇷 💚 💛,,,N.A.,N.A.: rev,,,,,,,,,,,,,,,,,,,,,0,0,0,0,0,1,Afetivo,Neutro,0.0,,,,,,,,,,,,error,True
BRUNO_MARS_4112,Bruno_Mars,"Falta pouco, vamos!!!!!",,,,N.A.,N.A.: rev,,,,,,,,,,,,,,,,,,,,,0,0,0,0,0,1,Afetivo,Neutro,0.0,,,,,,,,,,,,error,True
BRUNO_MARS_4120,Bruno_Mars,Love you Bruno😍,😍,,,N.A.,N.A.: rev,,,,,,,,,,,,,,,,,,,,,0,0,0,0,0,1,Afetivo,Neutro,0.0,,,,,,,,,,,,error,True
BRUNO_MARS_4122,Bruno_Mars,"Vem Bruninho,@user, estamos em surto coletivo.😵‍💫😂🇧🇷🇧🇷🇧🇷",🇧🇷 😂 😵‍💫,,,N.A.,N.A.: rev,,,,,,,,,,,,,,,,,,,,,0,0,0,0,0,1,Afetivo,Neutro,0.0,,,,,,,,,,,,error,True
BRUNO_MARS_4134,Bruno_Mars,"BRUNO MARS, NÃO EXISTE PAÍS NO MUNDO QUE TE QUEIRA NELE MAIS QUE O BRASIL, ESTAMOS NESSA CAMPANHA RUMO AOS 200M NESSE VÍDEO. E, IREMOS CONSEGUIR. TE AMAMOS MUITO ❤️🇧🇷",🇧🇷 ❤️,,,N.A.,N.A.: rev,,,,,,,,,,,,,,,,,,,,,0,0,0,0,0,1,Afetivo,Neutro,0.0,,,,,,,,,,,,error,True
BRUNO_MARS_4135,Bruno_Mars,Como to Brasil 🇧🇷,🇧🇷,,,N.A.,N.A.: rev,,,,,,,,,,,,,,,,,,,,,0,0,0,0,0,1,Afetivo,Neutro,0.0,,,,,,,,,,,,error,True
BRUNO_MARS_4137,Bruno_Mars,Como to Brasil🇧🇷,🇧🇷,,,N.A.,N.A.: rev,,,,,,,,,,,,,,,,,,,,,0,0,0,0,0,1,Afetivo,Neutro,0.0,,,,,,,,,,,,error,True
BRUNO_MARS_4138,Bruno_Mars,Como to Brasil 🇧🇷,🇧🇷,,,N.A.,N.A.: rev,,,,,,,,,,,,,,,,,,,,,0,0,0,0,0,1,Afetivo,Neutro,0.0,,,,,,,,,,,,error,True
BRUNO_MARS_4139,Bruno_Mars,Como to Brasil 🇧🇷,🇧🇷,,,N.A.,N.A.: rev,,,,,,,,,,,,,,,,,,,,,0,0,0,0,0,1,Afetivo,Neutro,0.0,,,,,,,,,,,,error,True
BRUNO_MARS_4141,Bruno_Mars,Anuncia a tour Bruninho 💚 … te amamos 🇧🇷❤️,🇧🇷 💚 ❤️,,,N.A.,N.A.: rev,,,,,,,,,,,,,,,,,,,,,0,0,0,0,0,1,Afetivo,Neutro,0.0,,,,,,,,,,,,error,True
BRUNO_MARS_4147,Bruno_Mars,Vamos nós!!!,,,,N.A.,N.A.: rev,,,,,,,,,,,,,,,,,,,,,0,0,0,0,0,1,Afetivo,Neutro,0.0,,,,,,,,,,,,error,True
BRUNO_MARS_4154,Bruno_Mars,Brasil te ama,,,,N.A.,N.A.: rev,,,,,,,,,,,,,,,,,,,,,0,0,0,0,0,1,Afetivo,Neutro,0.0,,,,,,,,,,,,error,True
BRUNO_MARS_4171,Bruno_Mars,O BRUNO TÁ EM CASA,,,,N.A.,N.A.: rev,,,,,,,,,,,,,,,,,,,,,0,0,0,0,0,1,Afetivo,Neutro,0.0,,,,,,,,,,,,error,True
BRUNO_MARS_4175,Bruno_Mars,The Romântic 🇧🇷,🇧🇷,,,N.A.,N.A.: rev,,,,,,,,,,,,,,,,,,,,,0,0,0,0,0,1,Afetivo,Neutro,0.0,,,,,,,,,,,,error,True
BRUNO_MARS_4177,Bruno_Mars,VIM AQ SÓ P TE LEMBRAR Q VC PROMETEU VOLTARRRRR,,,,N.A.,N.A.: rev,,,,,,,,,,,,,,,,,,,,,0,0,0,0,0,1,Afetivo,Neutro,0.0,,,,,,,,,,,,error,True
BRUNO_MARS_4179,Bruno_Mars,Romantic tour 🇧🇷🇧🇷,🇧🇷,,,N.A.,N.A.: rev,,,,,,,,,,,,,,,,,,,,,0,0,0,0,0,1,Afetivo,Neutro,0.0,,,,,,,,,,,,error,True
BRUNO_MARS_4181,Bruno_Mars,@user nunca te pedimos nada!!! Volta bruninho 🇧🇷🇧🇷🇧🇷😍😍,🇧🇷 😍,,,N.A.,N.A.: rev,,,,,,,,,,,,,,,,,,,,,0,0,0,0,0,1,Afetivo,Neutro,0.0,,,,,,,,,,,,error,True
BRUNO_MARS_4183,Bruno_Mars,PASSANDO PRA DIZER QUE TEM QUE TER DE NOVO PORRAAAAAAAA,,,,N.A.,N.A.: rev,,,,,,,,,,,,,,,,,,,,,0,0,0,0,0,1,Afetivo,Neutro,0.0,,,,,,,,,,,,error,True
BRUNO_MARS_4188,Bruno_Mars,Espero que você jogue essas 🌹 para gente do palco ❤️😂 amo,😂 ❤️ 🌹,,,N.A.,N.A.: rev,,,,,,,,,,,,,,,,,,,,,0,0,0,0,0,1,Afetivo,Neutro,0.0,,,,,,,,,,,,error,True
BRUNO_MARS_4189,Bruno_Mars,Nosso romântico favorito 🇧🇷❤️ te amo,🇧🇷 ❤️,,,N.A.,N.A.: rev,,,,,,,,,,,,,,,,,,,,,0,0,0,0,0,1,Afetivo,Neutro,0.0,,,,,,,,,,,,error,True
BRUNO_MARS_4190,Bruno_Mars,Vem Bruninho 🇧🇷,🇧🇷,,,N.A.,N.A.: rev,,,,,,,,,,,,,,,,,,,,,0,0,0,0,0,1,Afetivo,Neutro,0.0,,,,,,,,,,,,error,True
BRUNO_MARS_4192,Bruno_Mars,Volta Bruninho 🇧🇷 estamos prontas,🇧🇷,,,N.A.,N.A.: rev,,,,,,,,,,,,,,,,,,,,,0,0,0,0,0,1,Afetivo,Neutro,0.0,,,,,,,,,,,,error,True
BRUNO_MARS_4194,Bruno_Mars,Volta Bruninho 🇧🇷🇧🇷🇧🇷,🇧🇷,,,N.A.,N.A.: rev,,,,,,,,,,,,,,,,,,,,,0,0,0,0,0,1,Afetivo,Neutro,0.0,,,,,,,,,,,,error,True
BRUNO_MARS_4195,Bruno_Mars,SOLTA AS DATAS DOS 30 SHOWS NO BRASIL E EU DIGO SE ESPERAVA🇧🇷💚💛,🇧🇷 💚 💛,,,N.A.,N.A.: rev,,,,,,,,,,,,,,,,,,,,,0,0,0,0,0,1,Afetivo,Neutro,0.0,,,,,,,,,,,,error,True
BRUNO_MARS_4197,Bruno_Mars,Voltaaaaaa 💚🇧🇷💛,🇧🇷 💚 💛,,,N.A.,N.A.: rev,,,,,,,,,,,,,,,,,,,,,0,0,0,0,0,1,Afetivo,Neutro,0.0,,,,,,,,,,,,error,True
BRUNO_MARS_4198,Bruno_Mars,Vem logo 🇧🇷,🇧🇷,,,N.A.,N.A.: rev,,,,,,,,,,,,,,,,,,,,,0,0,0,0,0,1,Afetivo,Neutro,0.0,,,,,,,,,,,,error,True
BRUNO_MARS_4199,Bruno_Mars,Bruninho 😍😂,😍 😂,,,N.A.,N.A.: rev,,,,,,,,,,,,,,,,,,,,,0,0,0,0,0,1,Afetivo,Neutro,0.0,,,,,,,,,,,,error,True
BRUNO_MARS_4200,Bruno_Mars,Volta pra casa Bruno 🇧🇷,🇧🇷,,,N.A.,N.A.: rev,,,,,,,,,,,,,,,,,,,,,0,0,0,0,0,1,Afetivo,Neutro,0.0,,,,,,,,,,,,error,True
BRUNO_MARS_4202,Bruno_Mars,"SOLTA AS DATAS DA TOUR NO BRASIL, BRUNOOOO 🇧🇷",🇧🇷,,,N.A.,N.A.: rev,,,,,,,,,,,,,,,,,,,,,0,0,0,0,0,1,Afetivo,Neutro,0.0,,,,,,,,,,,,error,True
BRUNO_MARS_4204,Bruno_Mars,ILY❤️❤️🇧🇷🇧🇷,🇧🇷 ❤️,,,N.A.,N.A.: rev,,,,,,,,,,,,,,,,,,,,,0,0,0,0,0,1,Afetivo,Neutro,0.0,,,,,,,,,,,,error,True
BRUNO_MARS_4215,Bruno_Mars,Eu achei que eu era o único em 2026 kkkkkkk,,,,N.A.,N.A.: rev,,,,,,,,,,,,,,,,,,,,,0,0,0,0,0,1,Afetivo,Neutro,0.0,,,,,,,,,,,,error,True
BRUNO_MARS_4216,Bruno_Mars,Wow🔥🔥🔥🔥🇧🇷🇧🇷❤️❤️,🔥 ❤️ 🇧🇷,,,N.A.,N.A.: rev,,,,,,,,,,,,,,,,,,,,,0,0,0,0,0,1,Afetivo,Neutro,0.0,,,,,,,,,,,,error,True
BRUNO_MARS_4219,Bruno_Mars,Não dá pra esquecer!,,,,N.A.,N.A.: rev,,,,,,,,,,,,,,,,,,,,,0,0,0,0,0,1,Afetivo,Neutro,0.0,,,,,,,,,,,,error,True
BRUNO_MARS_4220,Bruno_Mars,Finalizar a tour 2026 no Brasil e fazer um novo vídeo pra gente 🇧🇷❤️🙏🏻,🙏🏻 🇧🇷 ❤️,,,N.A.,N.A.: rev,,,,,,,,,,,,,,,,,,,,,0,0,0,0,0,1,Afetivo,Neutro,0.0,,,,,,,,,,,,error,True
BRUNO_MARS_4221,Bruno_Mars,Voltaaaa 🇧🇷❤️🇧🇷❤️🇧🇷❤️,🇧🇷 ❤️,,,N.A.,N.A.: rev,,,,,,,,,,,,,,,,,,,,,0,0,0,0,0,1,Afetivo,Neutro,0.0,,,,,,,,,,,,error,True
BRUNO_MARS_4227,Bruno_Mars,I just might❤️❤️❤️,❤️,,,N.A.,N.A.: rev,,,,,,,,,,,,,,,,,,,,,0,0,0,0,0,1,Afetivo,Neutro,0.0,,,,,,,,,,,,error,True
BRUNO_MARS_4233,Bruno_Mars,"You made a promise, don't forget! 💚💛💙🔥📍🇧🇷😂",🔥 🇧🇷 💛 💙 😂 💚 📍,,,N.A.,N.A.: rev,,,,,,,,,,,,,,,,,,,,,0,0,0,0,0,1,Afetivo,Neutro,0.0,,,,,,,,,,,,error,True
BRUNO_MARS_4236,Bruno_Mars,Bruninho ❤️🇧🇷,🇧🇷 ❤️,,,N.A.,N.A.: rev,,,,,,,,,,,,,,,,,,,,,0,0,0,0,0,1,Afetivo,Neutro,0.0,,,,,,,,,,,,error,True
BRUNO_MARS_4238,Bruno_Mars,Vs prometeu voltaaaaaaar 😭😭😭 🇧🇷🇧🇷💚💚💚🇧🇷🇧🇷💚🇧🇷,🇧🇷 💚 😭,,,N.A.,N.A.: rev,,,,,,,,,,,,,,,,,,,,,0,0,0,0,0,1,Afetivo,Neutro,0.0,,,,,,,,,,,,error,True
BRUNO_MARS_4239,Bruno_Mars,🇧🇷🇧🇷🇧🇷 já pode voltar,🇧🇷,,,N.A.,N.A.: rev,,,,,,,,,,,,,,,,,,,,,0,0,0,0,0,1,Afetivo,Neutro,0.0,,,,,,,,,,,,error,True
BRUNO_MARS_4242,Bruno_Mars,"Lindo, volta logo pro Brasil 💚💛🇧🇷",🇧🇷 💚 💛,,,N.A.,N.A.: rev,,,,,,,,,,,,,,,,,,,,,0,0,0,0,0,1,Afetivo,Neutro,0.0,,,,,,,,,,,,error,True
BRUNO_MARS_4246,Bruno_Mars,"Bruninho , o Brasil te espera 🇧🇷",🇧🇷,,,N.A.,N.A.: rev,,,,,,,,,,,,,,,,,,,,,0,0,0,0,0,1,Afetivo,Neutro,0.0,,,,,,,,,,,,error,True
BRUNO_MARS_4248,Bruno_Mars,Só passando aqui para lembrar ele do Brasil 🇧🇷,🇧🇷,,,N.A.,N.A.: rev,,,,,,,,,,,,,,,,,,,,,0,0,0,0,0,1,Afetivo,Neutro,0.0,,,,,,,,,,,,error,True
BRUNO_MARS_4249,Bruno_Mars,💚🇧🇷🇧🇷🇧🇷 no puede ser 😭🤭está en todas partes,🤭 🇧🇷 💚 😭,,,N.A.,N.A.: rev,,,,,,,,,,,,,,,,,,,,,0,0,0,0,0,1,Afetivo,Neutro,0.0,,,,,,,,,,,,error,True
BRUNO_MARS_4257,Bruno_Mars,"Vc falou que ia voltar, Brunooooo🇧🇷🥲🥲🥲",🇧🇷 🥲,,,N.A.,N.A.: rev,,,,,,,,,,,,,,,,,,,,,0,0,0,0,0,1,Afetivo,Neutro,0.0,,,,,,,,,,,,error,True
BRUNO_MARS_4260,Bruno_Mars,Vi no TikTok e deu sdds,,,,N.A.,N.A.: rev,,,,,,,,,,,,,,,,,,,,,0,0,0,0,0,1,Afetivo,Neutro,0.0,,,,,,,,,,,,error,True
BRUNO_MARS_4261,Bruno_Mars,Cadê as Popozuda? Estamos aqui esperando você anunciar a tour no Brasil 🇧🇷😍💚💛,🇧🇷 💛 💚 😍,,,N.A.,N.A.: rev,,,,,,,,,,,,,,,,,,,,,0,0,0,0,0,1,Afetivo,Neutro,0.0,,,,,,,,,,,,error,True
BRUNO_MARS_4262,Bruno_Mars,@user South Africa awaits you! 😍,😍,,,N.A.,N.A.: rev,,,,,,,,,,,,,,,,,,,,,0,0,0,0,0,1,Afetivo,Neutro,0.0,,,,,,,,,,,,error,True
BRUNO_MARS_4263,Bruno_Mars,Bem pertinho já,,,,N.A.,N.A.: rev,,,,,,,,,,,,,,,,,,,,,0,0,0,0,0,1,Afetivo,Neutro,0.0,,,,,,,,,,,,error,True
BRUNO_MARS_4268,Bruno_Mars,"So para não esquecer da gente querido , te amamos 🇧🇷🇧🇷🇧🇷🇧🇷",🇧🇷,,,N.A.,N.A.: rev,,,,,,,,,,,,,,,,,,,,,0,0,0,0,0,1,Afetivo,Neutro,0.0,,,,,,,,,,,,error,True
BRUNO_MARS_4269,Bruno_Mars,BONDE DO BRUNÃO 🇧🇷❤️,🇧🇷 ❤️,,,N.A.,N.A.: rev,,,,,,,,,,,,,,,,,,,,,0,0,0,0,0,1,Afetivo,Neutro,0.0,,,,,,,,,,,,error,True
BRUNO_MARS_4270,Bruno_Mars,"O Kenner , o caramelo KKKK Nunca vou superar 😂❤️",😂 ❤️,,,N.A.,N.A.: rev,,,,,,,,,,,,,,,,,,,,,0,0,0,0,0,1,Afetivo,Neutro,0.0,,,,,,,,,,,,error,True
BRUNO_MARS_4271,Bruno_Mars,AS POPOSURAS 📍,📍,,,N.A.,N.A.: rev,,,,,,,,,,,,,,,,,,,,,0,0,0,0,0,1,Afetivo,Neutro,0.0,,,,,,,,,,,,error,True
BRUNO_MARS_4272,Bruno_Mars,Batendo quase 200k de visualizações 🇧🇷😍❤️,🇧🇷 ❤️ 😍,,,N.A.,N.A.: rev,,,,,,,,,,,,,,,,,,,,,0,0,0,0,0,1,Afetivo,Neutro,0.0,,,,,,,,,,,,error,True
BRUNO_MARS_4273,Bruno_Mars,"Cada vez que vejo esse vídeo me dá saudades de tudo o que vi e vivi 🥹 volta logo, @user BRUNAUR 😂❤️🔥",🔥 😂 ❤️ 🥹,,,N.A.,N.A.: rev,,,,,,,,,,,,,,,,,,,,,0,0,0,0,0,1,Afetivo,Neutro,0.0,,,,,,,,,,,,error,True
BRUNO_MARS_4277,Bruno_Mars,Saudades 😍,😍,,,N.A.,N.A.: rev,,,,,,,,,,,,,,,,,,,,,0,0,0,0,0,1,Afetivo,Neutro,0.0,,,,,,,,,,,,error,True
BRUNO_MARS_5994,Bruno_Mars,"Amamos você, Bruninho.💚💛🇧🇷🇧🇷🇧🇷❤️😍",😍 🇧🇷 💛 ❤️ 💚,,,N.A.,N.A.: rev,,,,,,,,,,,,,,,,,,,,,0,0,0,0,0,1,Afetivo,Neutro,0.0,,,,,,,,,,,,error,True
BRUNO_MARS_5995,Bruno_Mars,Brunoooooo vc prometeu voltar 😭💚💚💛💛,💚 😭 💛,,,N.A.,N.A.: rev,,,,,,,,,,,,,,,,,,,,,0,0,0,0,0,1,Afetivo,Neutro,0.0,,,,,,,,,,,,error,True
BRUNO_MARS_5997,Bruno_Mars,Bruninho You promised you would come back🇧🇷❤️🔥,🇧🇷 ❤️ 🔥,,,N.A.,N.A.: rev,,,,,,,,,,,,,,,,,,,,,0,0,0,0,0,1,Afetivo,Neutro,0.0,,,,,,,,,,,,error,True
BRUNO_MARS_6001,Bruno_Mars,Que sdds ❤️🇧🇷🔥,🇧🇷 ❤️ 🔥,,,N.A.,N.A.: rev,,,,,,,,,,,,,,,,,,,,,0,0,0,0,0,1,Afetivo,Neutro,0.0,,,,,,,,,,,,error,True
BRUNO_MARS_6002,Bruno_Mars,Lindooooo🔥❤️,🔥 ❤️,,,N.A.,N.A.: rev,,,,,,,,,,,,,,,,,,,,,0,0,0,0,0,1,Afetivo,Neutro,0.0,,,,,,,,,,,,error,True
BRUNO_MARS_6003,Bruno_Mars,200 milhões ❤️❤️🇧🇷🇧🇷,🇧🇷 ❤️,,,N.A.,N.A.: rev,,,,,,,,,,,,,,,,,,,,,0,0,0,0,0,1,Afetivo,Neutro,0.0,,,,,,,,,,,,error,True
BRUNO_MARS_6007,Bruno_Mars,Come back Bruninho ❤️🇧🇷,🇧🇷 ❤️,,,N.A.,N.A.: rev,,,,,,,,,,,,,,,,,,,,,0,0,0,0,0,1,Afetivo,Neutro,0.0,,,,,,,,,,,,error,True
BRUNO_MARS_6008,Bruno_Mars,O negócio é cobrar no X. Bruninho parece q só ver o q postam lá p ele.,,,,N.A.,N.A.: rev,,,,,,,,,,,,,,,,,,,,,0,0,0,0,0,1,Afetivo,Neutro,0.0,,,,,,,,,,,,error,True
BRUNO_MARS_6015,Bruno_Mars,Hora de voltar Bruninho 🇧🇷💚💛,🇧🇷 💚 💛,,,N.A.,N.A.: rev,,,,,,,,,,,,,,,,,,,,,0,0,0,0,0,1,Afetivo,Neutro,0.0,,,,,,,,,,,,error,True
BRUNO_MARS_6016,Bruno_Mars,💥💥💥🇧🇷💚💛💙🤍💥💥💥 Brunaummmm pawww!!!,🇧🇷 💥 💛 🤍 💙 💚,,,N.A.,N.A.: rev,,,,,,,,,,,,,,,,,,,,,0,0,0,0,0,1,Afetivo,Neutro,0.0,,,,,,,,,,,,error,True
BRUNO_MARS_6017,Bruno_Mars,come back here 🇧🇷,🇧🇷,,,N.A.,N.A.: rev,,,,,,,,,,,,,,,,,,,,,0,0,0,0,0,1,Afetivo,Neutro,0.0,,,,,,,,,,,,error,True
BRUNO_MARS_6018,Bruno_Mars,Sdds 💚💛,💚 💛,,,N.A.,N.A.: rev,,,,,,,,,,,,,,,,,,,,,0,0,0,0,0,1,Afetivo,Neutro,0.0,,,,,,,,,,,,error,True
BRUNO_MARS_6024,Bruno_Mars,📍,📍,,,N.A.,N.A.: rev,,,,,,,,,,,,,,,,,,,,,0,0,0,0,0,1,Afetivo,Neutro,0.0,,,,,,,,,,,,error,True
BRUNO_MARS_6037,Bruno_Mars,Bruninho 😍,😍,,,N.A.,N.A.: rev,,,,,,,,,,,,,,,,,,,,,0,0,0,0,0,1,Afetivo,Neutro,0.0,,,,,,,,,,,,error,True
BRUNO_MARS_6038,Bruno_Mars,Aff saudade 🇧🇷💚,🇧🇷 💚,,,N.A.,N.A.: rev,,,,,,,,,,,,,,,,,,,,,0,0,0,0,0,1,Afetivo,Neutro,0.0,,,,,,,,,,,,error,True
BRUNO_MARS_6043,Bruno_Mars,Aqui é o Brasil!!!!🇧🇷 🇧🇷🇧🇷,🇧🇷,,,N.A.,N.A.: rev,,,,,,,,,,,,,,,,,,,,,0,0,0,0,0,1,Afetivo,Neutro,0.0,,,,,,,,,,,,error,True
BRUNO_MARS_6044,Bruno_Mars,Saudade amor,,,,N.A.,N.A.: rev,,,,,,,,,,,,,,,,,,,,,0,0,0,0,0,1,Afetivo,Neutro,0.0,,,,,,,,,,,,error,True
BRUNO_MARS_6045,Bruno_Mars,200 mi 🇧🇷,🇧🇷,,,N.A.,N.A.: rev,,,,,,,,,,,,,,,,,,,,,0,0,0,0,0,1,Afetivo,Neutro,0.0,,,,,,,,,,,,error,True
BRUNO_MARS_6046,Bruno_Mars,Volta 😭,😭,,,N.A.,N.A.: rev,,,,,,,,,,,,,,,,,,,,,0,0,0,0,0,1,Afetivo,Neutro,0.0,,,,,,,,,,,,error,True
BRUNO_MARS_6047,Bruno_Mars,Te amo meu lindo,,,,N.A.,N.A.: rev,,,,,,,,,,,,,,,,,,,,,0,0,0,0,0,1,Afetivo,Neutro,0.0,,,,,,,,,,,,error,True
BRUNO_MARS_6048,Bruno_Mars,É O BRASIL COM SAUDADES DO NOSSO BRUNINHO 💚💛,💚 💛,,,N.A.,N.A.: rev,,,,,,,,,,,,,,,,,,,,,0,0,0,0,0,1,Afetivo,Neutro,0.0,,,,,,,,,,,,error,True
BRUNO_MARS_6049,Bruno_Mars,"AQUI É O BRASIL, PORRAAAAA 🇧🇷🇧🇷🇧🇷🇧🇷",🇧🇷,,,N.A.,N.A.: rev,,,,,,,,,,,,,,,,,,,,,0,0,0,0,0,1,Afetivo,Neutro,0.0,,,,,,,,,,,,error,True
BRUNO_MARS_6050,Bruno_Mars,"TE AMO, NENÉM 💚💛 VOLTE LOGO",💚 💛,,,N.A.,N.A.: rev,,,,,,,,,,,,,,,,,,,,,0,0,0,0,0,1,Afetivo,Neutro,0.0,,,,,,,,,,,,error,True
BRUNO_MARS_6051,Bruno_Mars,Te amo Brunooooo ❤️🇧🇷,🇧🇷 ❤️,,,N.A.,N.A.: rev,,,,,,,,,,,,,,,,,,,,,0,0,0,0,0,1,Afetivo,Neutro,0.0,,,,,,,,,,,,error,True
BRUNO_MARS_6055,Bruno_Mars,Bruninho 😍,😍,,,N.A.,N.A.: rev,,,,,,,,,,,,,,,,,,,,,0,0,0,0,0,1,Afetivo,Neutro,0.0,,,,,,,,,,,,error,True
BRUNO_MARS_6056,Bruno_Mars,Foi muito incrível!! E já estou ensaiando meus passos de dança para a The Romantic Tour 😏😏,😏,,,N.A.,N.A.: rev,,,,,,,,,,,,,,,,,,,,,0,0,0,0,0,1,Afetivo,Neutro,0.0,,,,,,,,,,,,error,True
BRUNO_MARS_6057,Bruno_Mars,💃❤️🌹,❤️ 💃 🌹,,,N.A.,N.A.: rev,,,,,,,,,,,,,,,,,,,,,0,0,0,0,0,1,Afetivo,Neutro,0.0,,,,,,,,,,,,error,True
BRUNO_MARS_6060,Bruno_Mars,📍,📍,,,N.A.,N.A.: rev,,,,,,,,,,,,,,,,,,,,,0,0,0,0,0,1,Afetivo,Neutro,0.0,,,,,,,,,,,,error,True
BRUNO_MARS_6074,Bruno_Mars,Arranjamos !! 💚🇧🇷,🇧🇷 💚,,,N.A.,N.A.: rev,,,,,,,,,,,,,,,,,,,,,0,0,0,0,0,1,Afetivo,Neutro,0.0,,,,,,,,,,,,error,True
BRUNO_MARS_6075,Bruno_Mars,Valeu bonde !! 💚🇧🇷❤️,🇧🇷 💚 ❤️,,,N.A.,N.A.: rev,,,,,,,,,,,,,,,,,,,,,0,0,0,0,0,1,Afetivo,Neutro,0.0,,,,,,,,,,,,error,True
BRUNO_MARS_6077,Bruno_Mars,@user ????,,,,N.A.,N.A.: rev,,,,,,,,,,,,,,,,,,,,,0,0,0,0,0,1,Afetivo,Neutro,0.0,,,,,,,,,,,,error,True
BRUNO_MARS_6078,Bruno_Mars,@user Dê sinal de vida!!! Bruninho 😍,😍,,,N.A.,N.A.: rev,,,,,,,,,,,,,,,,,,,,,0,0,0,0,0,1,Afetivo,Neutro,0.0,,,,,,,,,,,,error,True
BRUNO_MARS_6084,Bruno_Mars,Mais brasileiro q muitos brasileiros😍🇧🇷,😍 🇧🇷,,,N.A.,N.A.: rev,,,,,,,,,,,,,,,,,,,,,0,0,0,0,0,1,Afetivo,Neutro,0.0,,,,,,,,,,,,error,True
BRUNO_MARS_6085,Bruno_Mars,Bruninho 😍,😍,,,N.A.,N.A.: rev,,,,,,,,,,,,,,,,,,,,,0,0,0,0,0,1,Afetivo,Neutro,0.0,,,,,,,,,,,,error,True
BRUNO_MARS_6087,Bruno_Mars,Lindoooooooooooo😍💛💚🔥🇧🇷,😍 🔥 🇧🇷 💛 💚,,,N.A.,N.A.: rev,,,,,,,,,,,,,,,,,,,,,0,0,0,0,0,1,Afetivo,Neutro,0.0,,,,,,,,,,,,error,True
BRUNO_MARS_6089,Bruno_Mars,"Bom dia, Seu Lindo, kd vc? @user Bruninho 😍",😍,,,N.A.,N.A.: rev,,,,,,,,,,,,,,,,,,,,,0,0,0,0,0,1,Afetivo,Neutro,0.0,,,,,,,,,,,,error,True
BRUNO_MARS_6115,Bruno_Mars,It means everything 😁🙈👏👏👏keep pushing other One soon👏👏👏,😁 👏 🙈,,,N.A.,N.A.: rev,,,,,,,,,,,,,,,,,,,,,0,0,0,0,0,1,Afetivo,Neutro,0.0,,,,,,,,,,,,error,True
BRUNO_MARS_6125,Bruno_Mars,📍,📍,,,N.A.,N.A.: rev,,,,,,,,,,,,,,,,,,,,,0,0,0,0,0,1,Afetivo,Neutro,0.0,,,,,,,,,,,,error,True
BRUNO_MARS_6139,Bruno_Mars,Bruninho 😍,😍,,,N.A.,N.A.: rev,,,,,,,,,,,,,,,,,,,,,0,0,0,0,0,1,Afetivo,Neutro,0.0,,,,,,,,,,,,error,True
BRUNO_MARS_6144,Bruno_Mars,"Até que enfim os 2 milhões vieram, agora faltar bater 1k de comentários 💛💚",💚 💛,,,N.A.,N.A.: rev,,,,,,,,,,,,,,,,,,,,,0,0,0,0,0,1,Afetivo,Neutro,0.0,,,,,,,,,,,,error,True
BRUNO_MARS_6211,Bruno_Mars,Bruninho 😍,😍,,,N.A.,N.A.: rev,,,,,,,,,,,,,,,,,,,,,0,0,0,0,0,1,Afetivo,Neutro,0.0,,,,,,,,,,,,error,True
BRUNO_MARS_6214,Bruno_Mars,Bruninho 😍,😍,,,N.A.,N.A.: rev,,,,,,,,,,,,,,,,,,,,,0,0,0,0,0,1,Afetivo,Neutro,0.0,,,,,,,,,,,,error,True
BRUNO_MARS_6219,Bruno_Mars,Bruninho pertence ao Brasil 💚💛🩵🤍❤️,🩵 💛 🤍 ❤️ 💚,,,N.A.,N.A.: rev,,,,,,,,,,,,,,,,,,,,,0,0,0,0,0,1,Afetivo,Neutro,0.0,,,,,,,,,,,,error,True
BRUNO_MARS_6221,Bruno_Mars,📍,📍,,,N.A.,N.A.: rev,,,,,,,,,,,,,,,,,,,,,0,0,0,0,0,1,Afetivo,Neutro,0.0,,,,,,,,,,,,error,True
BRUNO_MARS_6241,Bruno_Mars,📍,📍,,,N.A.,N.A.: rev,,,,,,,,,,,,,,,,,,,,,0,0,0,0,0,1,Afetivo,Neutro,0.0,,,,,,,,,,,,error,True
BRUNO_MARS_6245,Bruno_Mars,Até hoje 🇧🇷,🇧🇷,,,N.A.,N.A.: rev,,,,,,,,,,,,,,,,,,,,,0,0,0,0,0,1,Afetivo,Neutro,0.0,,,,,,,,,,,,error,True
BRUNO_MARS_6248,Bruno_Mars,Sensacional 💚🇧🇷,🇧🇷 💚,,,N.A.,N.A.: rev,,,,,,,,,,,,,,,,,,,,,0,0,0,0,0,1,Afetivo,Neutro,0.0,,,,,,,,,,,,error,True
BRUNO_MARS_6250,Bruno_Mars,O cara tem mais vibe de brasileiro do que muitos brasileiros ❤️,❤️,,,N.A.,N.A.: rev,,,,,,,,,,,,,,,,,,,,,0,0,0,0,0,1,Afetivo,Neutro,0.0,,,,,,,,,,,,error,True
BRUNO_MARS_6254,Bruno_Mars,📍,📍,,,N.A.,N.A.: rev,,,,,,,,,,,,,,,,,,,,,0,0,0,0,0,1,Afetivo,Neutro,0.0,,,,,,,,,,,,error,True
BRUNO_MARS_6268,Bruno_Mars,Bruninho 😍,😍,,,N.A.,N.A.: rev,,,,,,,,,,,,,,,,,,,,,0,0,0,0,0,1,Afetivo,Neutro,0.0,,,,,,,,,,,,error,True
BRUNO_MARS_6270,Bruno_Mars,Já está na hora de voltar…❤️❤️❤️,❤️,,,N.A.,N.A.: rev,,,,,,,,,,,,,,,,,,,,,0,0,0,0,0,1,Afetivo,Neutro,0.0,,,,,,,,,,,,error,True
BRUNO_MARS_6271,Bruno_Mars,Era pra está fixado😍😍😍,😍,,,N.A.,N.A.: rev,,,,,,,,,,,,,,,,,,,,,0,0,0,0,0,1,Afetivo,Neutro,0.0,,,,,,,,,,,,error,True
BRUNO_MARS_6335,Bruno_Mars,Bruninho 😍,😍,,,N.A.,N.A.: rev,,,,,,,,,,,,,,,,,,,,,0,0,0,0,0,1,Afetivo,Neutro,0.0,,,,,,,,,,,,error,True
BRUNO_MARS_6336,Bruno_Mars,O Brasil conquistou mais 2 milhões de visualizações!!!!💛💚🇧🇷,🇧🇷 💚 💛,,,N.A.,N.A.: rev,,,,,,,,,,,,,,,,,,,,,0,0,0,0,0,1,Afetivo,Neutro,0.0,,,,,,,,,,,,error,True
BRUNO_MARS_6337,Bruno_Mars,Fantástico ❤️,❤️,,,N.A.,N.A.: rev,,,,,,,,,,,,,,,,,,,,,0,0,0,0,0,1,Afetivo,Neutro,0.0,,,,,,,,,,,,error,True
BRUNO_MARS_6340,Bruno_Mars,200 milhões de visualizações 👏👏👏👏👏🇧🇷🇧🇷💚💛,🇧🇷 👏 💚 💛,,,N.A.,N.A.: rev,,,,,,,,,,,,,,,,,,,,,0,0,0,0,0,1,Afetivo,Neutro,0.0,,,,,,,,,,,,error,True
BRUNO_MARS_6341,Bruno_Mars,"Hooligans nunca desiste,o bonde do Brunão continua a todo vapor 🙏",🙏,,,N.A.,N.A.: rev,,,,,,,,,,,,,,,,,,,,,0,0,0,0,0,1,Afetivo,Neutro,0.0,,,,,,,,,,,,error,True
BRUNO_MARS_6342,Bruno_Mars,Tudoooo 🇧🇷🇧🇷🇧🇷,🇧🇷,,,N.A.,N.A.: rev,,,,,,,,,,,,,,,,,,,,,0,0,0,0,0,1,Afetivo,Neutro,0.0,,,,,,,,,,,,error,True
BRUNO_MARS_6343,Bruno_Mars,Oi sumido 🇧🇷🇧🇷🇧🇷🇧🇷🇧🇷🇧🇷🇧🇷🇧🇷,🇧🇷,,,N.A.,N.A.: rev,,,,,,,,,,,,,,,,,,,,,0,0,0,0,0,1,Afetivo,Neutro,0.0,,,,,,,,,,,,error,True
BRUNO_MARS_6346,Bruno_Mars,Mais de 200 milhões de visualizações,,,,N.A.,N.A.: rev,,,,,,,,,,,,,,,,,,,,,0,0,0,0,0,1,Afetivo,Neutro,0.0,,,,,,,,,,,,error,True
BRUNO_MARS_6349,Bruno_Mars,Amoooo,,,,N.A.,N.A.: rev,,,,,,,,,,,,,,,,,,,,,0,0,0,0,0,1,Afetivo,Neutro,0.0,,,,,,,,,,,,error,True
BRUNO_MARS_6352,Bruno_Mars,Bruninhooooo,,,,N.A.,N.A.: rev,,,,,,,,,,,,,,,,,,,,,0,0,0,0,0,1,Afetivo,Neutro,0.0,,,,,,,,,,,,error,True
BRUNO_MARS_6354,Bruno_Mars,Volta brunooooooo,,,,N.A.,N.A.: rev,,,,,,,,,,,,,,,,,,,,,0,0,0,0,0,1,Afetivo,Neutro,0.0,,,,,,,,,,,,error,True
BRUNO_MARS_6355,Bruno_Mars,"200 milhões, festa no Brasil.. 🇧🇷 ❤️",🇧🇷 ❤️,,,N.A.,N.A.: rev,,,,,,,,,,,,,,,,,,,,,0,0,0,0,0,1,Afetivo,Neutro,0.0,,,,,,,,,,,,error,True
BRUNO_MARS_6360,Bruno_Mars,200M 🔥 Brasil é diferenciado mesmo ne? 🇧🇷,🔥 🇧🇷,,,N.A.,N.A.: rev,,,,,,,,,,,,,,,,,,,,,0,0,0,0,0,1,Afetivo,Neutro,0.0,,,,,,,,,,,,error,True
BRUNO_MARS_6362,Bruno_Mars,🇧🇷 Festaaaaaa noooo BRAAAASIIIIIIIL PORRAAAAAA!🇧🇷,🇧🇷,,,N.A.,N.A.: rev,,,,,,,,,,,,,,,,,,,,,0,0,0,0,0,1,Afetivo,Neutro,0.0,,,,,,,,,,,,error,True
BRUNO_MARS_6366,Bruno_Mars,📍,📍,,,N.A.,N.A.: rev,,,,,,,,,,,,,,,,,,,,,0,0,0,0,0,1,Afetivo,Neutro,0.0,,,,,,,,,,,,error,True
BRUNO_MARS_6381,Bruno_Mars,Amoooooi💚💛,💚 💛,,,N.A.,N.A.: rev,,,,,,,,,,,,,,,,,,,,,0,0,0,0,0,1,Afetivo,Neutro,0.0,,,,,,,,,,,,error,True
BRUNO_MARS_6382,Bruno_Mars,Esse vídeo é top demais! 😍,😍,,,N.A.,N.A.: rev,,,,,,,,,,,,,,,,,,,,,0,0,0,0,0,1,Afetivo,Neutro,0.0,,,,,,,,,,,,error,True
BRUNO_MARS_6390,Bruno_Mars,Quando volta!,,,,N.A.,N.A.: rev,,,,,,,,,,,,,,,,,,,,,0,0,0,0,0,1,Afetivo,Neutro,0.0,,,,,,,,,,,,error,True
BRUNO_MARS_6391,Bruno_Mars,Bora 🇧🇷,🇧🇷,,,N.A.,N.A.: rev,,,,,,,,,,,,,,,,,,,,,0,0,0,0,0,1,Afetivo,Neutro,0.0,,,,,,,,,,,,error,True
BRUNO_MARS_6392,Bruno_Mars,O melhor 💚,💚,,,N.A.,N.A.: rev,,,,,,,,,,,,,,,,,,,,,0,0,0,0,0,1,Afetivo,Neutro,0.0,,,,,,,,,,,,error,True
BRUNO_MARS_6393,Bruno_Mars,"A mesma energia do pai dele, MJ 💚🇧🇷",🇧🇷 💚,,,N.A.,N.A.: rev,,,,,,,,,,,,,,,,,,,,,0,0,0,0,0,1,Afetivo,Neutro,0.0,,,,,,,,,,,,error,True
BRUNO_MARS_6397,Bruno_Mars,"O 🇧🇷 te amaaaaaa, você é o nosso Bruno Marcio, estamos aguardando sua visita agora em 2026 ❤️❤️❤️❤️",🇧🇷 ❤️,,,N.A.,N.A.: rev,,,,,,,,,,,,,,,,,,,,,0,0,0,0,0,1,Afetivo,Neutro,0.0,,,,,,,,,,,,error,True
BRUNO_MARS_6441,Bruno_Mars,Te amo!,,,,N.A.,N.A.: rev,,,,,,,,,,,,,,,,,,,,,0,0,0,0,0,1,Afetivo,Neutro,0.0,,,,,,,,,,,,error,True
BRUNO_MARS_6445,Bruno_Mars,200Mi 🇧🇷❤️,🇧🇷 ❤️,,,N.A.,N.A.: rev,,,,,,,,,,,,,,,,,,,,,0,0,0,0,0,1,Afetivo,Neutro,0.0,,,,,,,,,,,,error,True
BRUNO_MARS_6448,Bruno_Mars,Volta logooooo❤️,❤️,,,N.A.,N.A.: rev,,,,,,,,,,,,,,,,,,,,,0,0,0,0,0,1,Afetivo,Neutro,0.0,,,,,,,,,,,,error,True
BRUNO_MARS_6454,Bruno_Mars,Oxente ! 🇧🇷,🇧🇷,,,N.A.,N.A.: rev,,,,,,,,,,,,,,,,,,,,,0,0,0,0,0,1,Afetivo,Neutro,0.0,,,,,,,,,,,,error,True
CR7_0024,CR7,Você é fera CR7 Deus abençoe grandemente sua família e sua vida tê concedendo muita saúde desejo que vc faça 100 gols pelo campeonato local. Deus abençoe torço por você meu querido continue sendo um exemplo.👏👏,👏,,,N.A.,N.A.: rev,,,,,,,,,,,,,,,,,,,,,0,0,0,0,0,1,Afetivo,Neutro,0.0,,,,,,,,,,,,error,True
CR7_0025,CR7,🇮🇷🙏🌹#theperamesedsavior #theperamesedsavior #theperamesedsavior #theperamesedsavior #theperamesedsavior,🙏 🌹 🇮🇷,,,N.A.,N.A.: rev,,,,,,,,,,,,,,,,,,,,,0,0,0,0,0,1,Afetivo,Neutro,0.0,,,,,,,,,,,,error,True
CR7_0028,CR7,VAAAMOOOOSSS CRISTIANOOOOOOOOOOOOOOOOOOOOOOOOOOO,,,,N.A.,N.A.: rev,,,,,,,,,,,,,,,,,,,,,0,0,0,0,0,1,Afetivo,Neutro,0.0,,,,,,,,,,,,error,True
CR7_0037,CR7,⠀⠀⠀⠀⠀⠀⠀⠀⣀⣴⣶⣿⣿⣿⣷⣶⣤⣄⠀⠀⠀⠀⠀⠀⠀⠀ ⠀⠀⠀⠀⠀⠀⠀⣴⣿⣿⡿⠿⠿⠿⠿⢿⣿⣿⣟⣦⠀⠀⠀⠀⠀⠀ ⠀⠀⠀⠀⠀⢀⣾⣿⣿⠃⠀⠀⠀⠀⠀⠀⠀⠙⣿⣿⡆⠀⠀⠀⠀⠀ ⠀⠀⠀⠀⠀⢸⣿⣿⠏⣀⣀⣀⠀⠀⠀⢀⡀⠀⠸⣿⣿⠀⠀⠀⠀⠀ ⠀⠀⠀⠀⠀⠀⣿⣿⡎⣴⠶⠿⠇⠀⠠⠿⠯⢭⣱⣿⣿⠀⠀⠀⠀⠀ ⠀⠀⠀⠀⠀⢀⢹⡏⠀⠀⠀⠀⢀⡀⠀⠀⠀⠈⠀⢹⡇⠀⠀⠀⠀⠀ ⠀⠀⠀⠀⠀⣼⢹⣷⡀⠀⠀⠀⠋⠉⠙⠃⠀⠀⠀⣼⡟⡇⠀⠀⠀⠀ ⠀⠀⠀⠀⠀⠈⠟⣿⠁⠀⠀⠠⢒⡈⢑⡢⠀⠀⠀⣿⡶⠁⠀⠀⠀⠀ ⠀⠀⠀⠀⠀⠀⠀⢸⣧⡀⡀⠀⠀⠉⠉⠁⠀⢀⣤⡇⠀⠀⠀⠀⠀⠀ ⠀⠀⠀⠀⠀⠀⠀⠀⣿⣿⣿⣦⣤⣠⣤⣤⣾⣿⣿⡇⠀⠀⠀⠀⠀⠀ ⠀⠀⠀⠀⠀⠀⠀⠀⡟⠙⢿⣿⡿⠿⠿⠿⠿⠋⠀⡇⠀⠀⠀⠀⠀⠀ ⠀⠀⠀⠀⠀⠀⠀⠀⡇⠀⠀⢧⣀⠀⠀⡀⠀⠀⠀⡇⠀⠀⠀⠀⠀⠀ ⠀⠀⠀⠀⠀⠀⣠⣼⠇⠀⠀⠀⠉⠳⠋⠀⠀⠀⠀⣿⢄⠀⠀⠀⠀⠀ ⠀⠀⠀⢀⣔⠜⠀⠛⢷⣤⡀⠀⠀⠀⠀⠀⠀⣠⠴⠋⠐⢬⡂⢄⠀⠀ ⢠⣔⠾⠚⠁⠀⠀⠀⠀⠈⠉⠙⠒⠒⠒⠊⠁⠀⠀⠀⠀⠀⠈⠑⠬⣐ ⠈⠁⠀⠀⠀⠀⠀⠀⠀⠀⠀⠀⠀⠀⠀⠀⠀⠀⠀⠀⠀⠀⠀⠀⠀⠈ ⠀⠀⠀⠀⠀⠀⠀⠀⠀⠀⠀⠀⠀⠀⠀⠀⠀⠀⠀⠀⠀⠀⠀⠀⠀⠀🇮🇳🫂🇵🇹 ⢠⣤⣤⣤⣤⣤⣤⣤⣤⣤⣤⣤⣤⣤⣤⣤⣤⣤⣤⣤⣤⣤⣤⣤⣤⣤ ⢸⣿⠀⣿⣿⣷⠰⠶⣾⠏⣴⡦⢿⡇⠶⢶⣿⢈⠻⡇⢸⠀⣶⣄⢹⣿ ⢸⣿⡀⠛⠛⣷⠘⣛⢻⣦⣙⣋⣸⡇⢛⡛⣿⢸⣷⣌⣸⡀⢛⣃⣼⣿,🇵🇹 🫂 🇮🇳,,,N.A.,N.A.: rev,,,,,,,,,,,,,,,,,,,,,0,0,0,0,0,1,Afetivo,Neutro,0.0,,,,,,,,,,,,error,True
CR7_0042,CR7,Belo ❤️,❤️,,,N.A.,N.A.: rev,,,,,,,,,,,,,,,,,,,,,0,0,0,0,0,1,Afetivo,Neutro,0.0,,,,,,,,,,,,error,True
CR7_0046,CR7,"muy humilde bicho :,(",,,,N.A.,N.A.: rev,,,,,,,,,,,,,,,,,,,,,0,0,0,0,0,1,Afetivo,Neutro,0.0,,,,,,,,,,,,error,True
CR7_0047,CR7,Two legend🙌 one fame #pele#CR7❤️❤️,🙌 ❤️,,,N.A.,N.A.: rev,,,,,,,,,,,,,,,,,,,,,0,0,0,0,0,1,Afetivo,Neutro,0.0,,,,,,,,,,,,error,True
CR7_0048,CR7,🥹,🥹,,,N.A.,N.A.: rev,,,,,,,,,,,,,,,,,,,,,0,0,0,0,0,1,Afetivo,Neutro,0.0,,,,,,,,,,,,error,True
CR7_0053,CR7,Cr7,,,,N.A.,N.A.: rev,,,,,,,,,,,,,,,,,,,,,0,0,0,0,0,1,Afetivo,Neutro,0.0,,,,,,,,,,,,error,True
CR7_0054,CR7,me come seu gostoso 🤤,🤤,,,N.A.,N.A.: rev,,,,,,,,,,,,,,,,,,,,,0,0,0,0,0,1,Afetivo,Neutro,0.0,,,,,,,,,,,,error,True
CR7_0057,CR7,lindos,,,,N.A.,N.A.: rev,,,,,,,,,,,,,,,,,,,,,0,0,0,0,0,1,Afetivo,Neutro,0.0,,,,,,,,,,,,error,True
CR7_0058,CR7,perfeitos,,,,N.A.,N.A.: rev,,,,,,,,,,,,,,,,,,,,,0,0,0,0,0,1,Afetivo,Neutro,0.0,,,,,,,,,,,,error,True
CR7_0059,CR7,duas lendas,,,,N.A.,N.A.: rev,,,,,,,,,,,,,,,,,,,,,0,0,0,0,0,1,Afetivo,Neutro,0.0,,,,,,,,,,,,error,True
CR7_0060,CR7,Nunca sera esquecido,,,,N.A.,N.A.: rev,,,,,,,,,,,,,,,,,,,,,0,0,0,0,0,1,Afetivo,Neutro,0.0,,,,,,,,,,,,error,True
CR7_0061,CR7,Dois mitos 👏👏👏,👏,,,N.A.,N.A.: rev,,,,,,,,,,,,,,,,,,,,,0,0,0,0,0,1,Afetivo,Neutro,0.0,,,,,,,,,,,,error,True
CR7_0067,CR7,🙏🏻🙏🏻🙏🏻,🙏🏻,,,N.A.,N.A.: rev,,,,,,,,,,,,,,,,,,,,,0,0,0,0,0,1,Afetivo,Neutro,0.0,,,,,,,,,,,,error,True
CR7_0069,CR7,hii,,,,N.A.,N.A.: rev,,,,,,,,,,,,,,,,,,,,,0,0,0,0,0,1,Afetivo,Neutro,0.0,,,,,,,,,,,,error,True
CR7_0071,CR7,خدا رحمتش کنه روحش شاد😢💔,💔 😢,,,N.A.,N.A.: rev,,,,,,,,,,,,,,,,,,,,,0,0,0,0,0,1,Afetivo,Neutro,0.0,,,,,,,,,,,,error,True
CR7_0073,CR7,Legend,,,,N.A.,N.A.: rev,,,,,,,,,,,,,,,,,,,,,0,0,0,0,0,1,Afetivo,Neutro,0.0,,,,,,,,,,,,error,True
CR7_0074,CR7,💔🖤,💔 🖤,,,N.A.,N.A.: rev,,,,,,,,,,,,,,,,,,,,,0,0,0,0,0,1,Afetivo,Neutro,0.0,,,,,,,,,,,,error,True
CR7_0077,CR7,Grande mi cr7❤️❤️,❤️,,,N.A.,N.A.: rev,,,,,,,,,,,,,,,,,,,,,0,0,0,0,0,1,Afetivo,Neutro,0.0,,,,,,,,,,,,error,True
CR7_0078,CR7,Ronaldo Goat🔥,🔥,,,N.A.,N.A.: rev,,,,,,,,,,,,,,,,,,,,,0,0,0,0,0,1,Afetivo,Neutro,0.0,,,,,,,,,,,,error,True
CR7_0079,CR7,بنظرم شما تازه متولد شدید چرا چون دربودنت قبل از نیستیت کسی شما رو درک نمیکرد اول خودت وبعد اندک معدودی قدرت رو میدونستنداما اکنون کج فهم ودیر فهم جای خالیت رو فهمیدن شما شاه ونفر اول زندگیم درورزش وادب بودید وخاهی بود بدرود ای شاه یادت تاابد درقلبم هست 😍😍😍,😍,,,N.A.,N.A.: rev,,,,,,,,,,,,,,,,,,,,,0,0,0,0,0,1,Afetivo,Neutro,0.0,,,,,,,,,,,,error,True
CR7_0081,CR7,"I think, u rbt",,,,N.A.,N.A.: rev,,,,,,,,,,,,,,,,,,,,,0,0,0,0,0,1,Afetivo,Neutro,0.0,,,,,,,,,,,,error,True
CR7_0082,CR7,💗,💗,,,N.A.,N.A.: rev,,,,,,,,,,,,,,,,,,,,,0,0,0,0,0,1,Afetivo,Neutro,0.0,,,,,,,,,,,,error,True
CR7_0090,CR7,😮,😮,,,N.A.,N.A.: rev,,,,,,,,,,,,,,,,,,,,,0,0,0,0,0,1,Afetivo,Neutro,0.0,,,,,,,,,,,,error,True
CR7_0098,CR7,App. Sports: London. Join us. Make your download,,,,N.A.,N.A.: rev,,,,,,,,,,,,,,,,,,,,,0,0,0,0,0,1,Afetivo,Neutro,0.0,,,,,,,,,,,,error,True
CR7_0100,CR7,2 🐐🐫,🐐 🐫,,,N.A.,N.A.: rev,,,,,,,,,,,,,,,,,,,,,0,0,0,0,0,1,Afetivo,Neutro,0.0,,,,,,,,,,,,error,True
CR7_0101,CR7,RIP,,,,N.A.,N.A.: rev,,,,,,,,,,,,,,,,,,,,,0,0,0,0,0,1,Afetivo,Neutro,0.0,,,,,,,,,,,,error,True
CR7_0103,CR7,Erkin,,,,N.A.,N.A.: rev,,,,,,,,,,,,,,,,,,,,,0,0,0,0,0,1,Afetivo,Neutro,0.0,,,,,,,,,,,,error,True
CR7_0105,CR7,The GOAT has fallen but he'll never be forgotten and may he rest in peace 🐐🙏🏻,🙏🏻 🐐,,,N.A.,N.A.: rev,,,,,,,,,,,,,,,,,,,,,0,0,0,0,0,1,Afetivo,Neutro,0.0,,,,,,,,,,,,error,True
CR7_0106,CR7,Rest in peace legend pele.....,,,,N.A.,N.A.: rev,,,,,,,,,,,,,,,,,,,,,0,0,0,0,0,1,Afetivo,Neutro,0.0,,,,,,,,,,,,error,True
CR7_0107,CR7,@user please visit to india❤️❤️❤️❤️,❤️,,,N.A.,N.A.: rev,,,,,,,,,,,,,,,,,,,,,0,0,0,0,0,1,Afetivo,Neutro,0.0,,,,,,,,,,,,error,True
CR7_0108,CR7,⠀⠀⠀⠀⢀⣠⠤⡶⣲⢺⣴⣶⢭⣉⢲⣀⠀⠀⠀⠀⠀⠀⠀⠀ ⠀⠀⢀⡾⢵⣶⣿⣿⣿⣾⣷⣳⣿⣷⣵⣈⠷⢤⡀⠀⠀⠀⠀⠀ ⠀⠀⠘⢾⣿⡿⠿⠿⠿⠿⠿⠿⢿⡿⣿⣿⣿⣾⣾⣦⠀⠀⠀⠀ ⠀⠀⣠⡋⠉⠀⠀⠀⠀⠀⠀⠀⠀⠀⠀⠀⠙⠻⢿⢿⣧⠀⠀⠀ ⠀⣰⡇⠀⠀⠀⠀⠀⠀⠀⠀⠀⠀⠀⠀⠀⠀⠀⣠⣳⢮⣧⠀⠀ ⢠⣧⠇⡠⠄⣤⣤⣄⡀⠀⠀⣀⣤⣄⣤⣀⠀⠀⣿⣿⣿⣯⣇⠀ ⠈⣿⠀⢀⣶⣾⣿⣿⠁⠀⢸⣿⣿⣿⣧⣌⣥⠀⠘⣿⣿⣿⣿⠀ ⢀⣿⠀⠈⠁⠀⠀⠁⠀⠀⠀⠉⠉⠭⠽⠿⠻⠁⠀⣿⣿⣿⡏⠀ ⡏⠆⠀⠀⠀⠀⠀⠀⡀⣀⣀⠀⠀⠀⠀⠀⠀⠀⠀⠸⠟⢋⣿⣆ ⡎⠀⠀⢀⡴⠂⠈⠉⠻⠿⠿⠛⣀⢲⣤⣄⣀⠀⠀⠈⠘⣏⢹⡿ ⠱⡄⠘⢻⣳⣤⡶⠖⠒⠶⠶⢶⣿⣷⣿⣿⣿⣟⠀⠀⠄⠠⣰⠃ ⠀⢹⠀⠀⠀⠈⠓⠒⠒⠒⠒⠒⠛⠁⢨⣼⣿⣿⡀⣼⠖⠛⠁⠀ ⠀⠘⣄⠀⠀⠀⠀⠀⠀⠀⠀⠀⠀⣠⣿⣿⣿⣿⢁⠀⠀⠀⠀⠀ ⠀⠀⢸⠀⠀⠀⢀⣀⣀⣀⣠⣤⣶⣿⣿⣿⡿⣁⡎⢸⠀⠀⠀⠀ ⠀⠀⢸⠀⠀⠀⠘⢿⣿⣿⣿⣿⣿⣿⣿⣿⣿⣿⠁⠸⠀⠀⠀⠀ ⠀⠀⢸⠀⠀⠀⠀⠀⢿⣿⣿⣿⣿#byFCA⣿⡄⠀⡇⠀⠀⠀ ⠀⢀⣼⠀⠀⠀⠀⠀⠈⢹⣿⣿⣿⡟⣿⣿⣿⣟⡁⠀⢿⣷⡄⠀ ⠀⣸⣿⠀⠀⠀⠀⠀⠀⠸⣿⣿⣿⣿⣝⣿⣿⡍⠁⠀⢸⣿⣷⠀ ⠀⣿⣿⡀⠀⠀⠀⠀⠀⢐⣿⣿⣿⣿⣿⣿⣯⠁⠀⠀⢸⣿⣿⠀ ⠀⢿⢿⣿⣄⠀⠀⠀⠀⢼⣿⣿⣿⣿⣿⣿⡯⠀⢠⢒⣿⣿⡏⠀ ⠀⠈⢮⡻⣿⣷⣀⠀⢀⢸⣿⣿⣟⣿⣿⠿⠒⣀⣤⣿⣿⠏⠀⠀ ⠀⠀⠀⠙⠺⣿⣿⣿⣾⣾⣿⣭⣭⣭⣷⣾⣿⣿⣿⠟⠁⠀⠀⠀ ⠀⠀⠀⠀⠀⠀⠉⠛⠻⠿⠿⠿⠿⠿⠿⠟⠛⠉⠁⠀⠀⠀⠀⠀ ​​ ⚫ CRISTIANO RONALDO ​​⚫,⚫,,,N.A.,N.A.: rev,,,,,,,,,,,,,,,,,,,,,0,0,0,0,0,1,Afetivo,Neutro,0.0,,,,,,,,,,,,error,True
CR7_0109,CR7,nice,,,,N.A.,N.A.: rev,,,,,,,,,,,,,,,,,,,,,0,0,0,0,0,1,Afetivo,Neutro,0.0,,,,,,,,,,,,error,True
CR7_0110,CR7,Rip,,,,N.A.,N.A.: rev,,,,,,,,,,,,,,,,,,,,,0,0,0,0,0,1,Afetivo,Neutro,0.0,,,,,,,,,,,,error,True
CR7_0112,CR7,Two Legends ❤️❤️❤️❤️❤️,❤️,,,N.A.,N.A.: rev,,,,,,,,,,,,,,,,,,,,,0,0,0,0,0,1,Afetivo,Neutro,0.0,,,,,,,,,,,,error,True
CR7_0113,CR7,Nega estile gango😍 nega tarkibo rango🔥😎,😎 😍 🔥,,,N.A.,N.A.: rev,,,,,,,,,,,,,,,,,,,,,0,0,0,0,0,1,Afetivo,Neutro,0.0,,,,,,,,,,,,error,True
CR7_0115,CR7,Forever in our heart Legend.,,,,N.A.,N.A.: rev,,,,,,,,,,,,,,,,,,,,,0,0,0,0,0,1,Afetivo,Neutro,0.0,,,,,,,,,,,,error,True
CR7_0117,CR7,Hi 😁nice to meet you we’ve same interesse & 🍀to came across If & You want your own Freedom in HEALTH & WEALTH 😇🙏1 🌏Bio Tech 🧬 Discovery ?#dmc 🙏😇🇪🇺😉☺️😁Holliday’s 🎉🍾🥂,😇 ☺️ 🎉 🧬 🍾 😁 🙏 🇪🇺 🍀 🌏 🥂 😉,,,N.A.,N.A.: rev,,,,,,,,,,,,,,,,,,,,,0,0,0,0,0,1,Afetivo,Neutro,0.0,,,,,,,,,,,,error,True
CR7_0123,CR7,صباح الخير كل عام و انتم بخير يا رب العالمين **,,,,N.A.,N.A.: rev,,,,,,,,,,,,,,,,,,,,,0,0,0,0,0,1,Afetivo,Neutro,0.0,,,,,,,,,,,,error,True
CR7_0125,CR7,R.I.P,,,,N.A.,N.A.: rev,,,,,,,,,,,,,,,,,,,,,0,0,0,0,0,1,Afetivo,Neutro,0.0,,,,,,,,,,,,error,True
CR7_0128,CR7,اللهم اغفر له وارحمه واسكنه فسيح جناتك 🤲,🤲,,,N.A.,N.A.: rev,,,,,,,,,,,,,,,,,,,,,0,0,0,0,0,1,Afetivo,Neutro,0.0,,,,,,,,,,,,error,True
CR7_0133,CR7,Please don't retire ❤️❤️❤️❤️,❤️,,,N.A.,N.A.: rev,,,,,,,,,,,,,,,,,,,,,0,0,0,0,0,1,Afetivo,Neutro,0.0,,,,,,,,,,,,error,True
CR7_0135,CR7,CR7 💪💪💪 you are the best,💪,,,N.A.,N.A.: rev,,,,,,,,,,,,,,,,,,,,,0,0,0,0,0,1,Afetivo,Neutro,0.0,,,,,,,,,,,,error,True
CR7_0136,CR7,"#Jahan #QueenOfJamaica #CarlaRichards #EmpressMenen #KingstonJamaica Life Started In Jamaica. Life starting in Africa is something that white woman are pushing hard. Cuz its easy for them to snatch that continent from the black man. They are forcing you guys to harrass us and put us down and push Africa down our throat. White woman have this Africa Adgenda. Let's drive the real black families into the future. Black man stop ripping off the Brown skin black woman and stealing our money when we are asleep and taking it and giving it to the white skin woman. Then they take you guys out and give your money to their white man. They use you guys as slaves then they take you guys out. If that's what you call love. Rest In Peace. Happy 2023 everyone. We want back our birthright spiritual wealth from all you white skin woman. Black man. Stop splitting up our families and chasing the teen age girls out of their mothers home so you can have easy access to young girls to impregnate and turn into single mothers. By the grace of the golden ages calendar. Christmas is only a few days away. In Ethiopia they use the Julian Calendar of our fore parents who honour the real brown skin black Jamaican woman who was here on earth before any man. Black man stop moving out of the Brown skin black woman family home just because she ask you to pay rent, pay bills and buy groceries. Then when you move out you go to a white skin woman home and go free load for the rest of your life. Until they take you take like paper trash. You have been warned. Black man who go with white skin woman are dieing quickly at an alarming rate. What are they putting in your food with a kiss. Now in Oshawa we use the Gregorian calendar of the snakes who like to glorify the frogs by trying to steal the real black woman birthright spiritual wealth with gimmicks and fantasy of storytelling. Everyone can choose. The truth or the Hollywood make believe stories. It's your life. Just dont force others to live you fairytale life. White woman stop turning our likkle Brown skin boys into homosexuals by the time they are 6 months old. So you white woman can control them when they start growing up. When we",,,,N.A.,N.A.: rev,,,,,,,,,,,,,,,,,,,,,0,0,0,0,0,1,Afetivo,Neutro,0.0,,,,,,,,,,,,error,True
CR7_0137,CR7,@user,,,,N.A.,N.A.: rev,,,,,,,,,,,,,,,,,,,,,0,0,0,0,0,1,Afetivo,Neutro,0.0,,,,,,,,,,,,error,True
CR7_0139,CR7,❤️🙌🔥🙌👏😢 gr elwktkfkrkeotkyidkskxjckhmfkwloepgohvk ❤️😂😮😍😢👏🔥🙌❤️❤️,😍 👏 🙌 🔥 😢 ❤️ 😂 😮,,,N.A.,N.A.: rev,,,,,,,,,,,,,,,,,,,,,0,0,0,0,0,1,Afetivo,Neutro,0.0,,,,,,,,,,,,error,True
CR7_0144,CR7,R I P LEGEND😢,😢,,,N.A.,N.A.: rev,,,,,,,,,,,,,,,,,,,,,0,0,0,0,0,1,Afetivo,Neutro,0.0,,,,,,,,,,,,error,True
CR7_0146,CR7,I ask all fans to CR7 unsubscribe from the Manchester United,,,,N.A.,N.A.: rev,,,,,,,,,,,,,,,,,,,,,0,0,0,0,0,1,Afetivo,Neutro,0.0,,,,,,,,,,,,error,True
CR7_0148,CR7,Ronaldo hi hi,,,,N.A.,N.A.: rev,,,,,,,,,,,,,,,,,,,,,0,0,0,0,0,1,Afetivo,Neutro,0.0,,,,,,,,,,,,error,True
CR7_0149,CR7,Vc é grandão e cada ano que passa minha admiração por você só cresce!!! 👏👏👏😍😍 🇧🇷 🇧🇷,😍 👏 🇧🇷,,,N.A.,N.A.: rev,,,,,,,,,,,,,,,,,,,,,0,0,0,0,0,1,Afetivo,Neutro,0.0,,,,,,,,,,,,error,True
CR7_0150,CR7,🖤,🖤,,,N.A.,N.A.: rev,,,,,,,,,,,,,,,,,,,,,0,0,0,0,0,1,Afetivo,Neutro,0.0,,,,,,,,,,,,error,True
CR7_0151,CR7,افضل لاعب في الكون ❤️❤️❤️وداعاً يا بيله. 😢😢😢😢,❤️ 😢,,,N.A.,N.A.: rev,,,,,,,,,,,,,,,,,,,,,0,0,0,0,0,1,Afetivo,Neutro,0.0,,,,,,,,,,,,error,True
CR7_0155,CR7,🔥df👏😮😢vhnu🙌d😮😍❤️❤️😍f😢,😍 👏 🙌 🔥 😢 ❤️ 😮,,,N.A.,N.A.: rev,,,,,,,,,,,,,,,,,,,,,0,0,0,0,0,1,Afetivo,Neutro,0.0,,,,,,,,,,,,error,True
CR7_0156,CR7,xef CG v kwimxnvhxmsklpreax,,,,N.A.,N.A.: rev,,,,,,,,,,,,,,,,,,,,,0,0,0,0,0,1,Afetivo,Neutro,0.0,,,,,,,,,,,,error,True
CR7_0159,CR7,"Ronaldo ,Jaloliddin Masharipov .👍👍",👍,,,N.A.,N.A.: rev,,,,,,,,,,,,,,,,,,,,,0,0,0,0,0,1,Afetivo,Neutro,0.0,,,,,,,,,,,,error,True
CR7_0160,CR7,"""RIP For pele"" legend brazil",,,,N.A.,N.A.: rev,,,,,,,,,,,,,,,,,,,,,0,0,0,0,0,1,Afetivo,Neutro,0.0,,,,,,,,,,,,error,True
CR7_0166,CR7,Welcomm to Saudi Arabia 😍😍😍,😍,,,N.A.,N.A.: rev,,,,,,,,,,,,,,,,,,,,,0,0,0,0,0,1,Afetivo,Neutro,0.0,,,,,,,,,,,,error,True
CR7_0167,CR7,💔,💔,,,N.A.,N.A.: rev,,,,,,,,,,,,,,,,,,,,,0,0,0,0,0,1,Afetivo,Neutro,0.0,,,,,,,,,,,,error,True
CR7_0168,CR7,RIP pele,,,,N.A.,N.A.: rev,,,,,,,,,,,,,,,,,,,,,0,0,0,0,0,1,Afetivo,Neutro,0.0,,,,,,,,,,,,error,True
CR7_0170,CR7,Football in a photo ✨👑💯,💯 👑 ✨,,,N.A.,N.A.: rev,,,,,,,,,,,,,,,,,,,,,0,0,0,0,0,1,Afetivo,Neutro,0.0,,,,,,,,,,,,error,True
CR7_0172,CR7,ʜᴇʟʟᴏ ꜱɪʀ❤️❤️❤️,❤️,,,N.A.,N.A.: rev,,,,,,,,,,,,,,,,,,,,,0,0,0,0,0,1,Afetivo,Neutro,0.0,,,,,,,,,,,,error,True
CR7_0173,CR7,💔💔💔💔📌,💔 📌,,,N.A.,N.A.: rev,,,,,,,,,,,,,,,,,,,,,0,0,0,0,0,1,Afetivo,Neutro,0.0,,,,,,,,,,,,error,True
CR7_0174,CR7,King and Principe,,,,N.A.,N.A.: rev,,,,,,,,,,,,,,,,,,,,,0,0,0,0,0,1,Afetivo,Neutro,0.0,,,,,,,,,,,,error,True
CR7_0176,CR7,"Semoga di lapangkn kubur e, d mudahkn jln e, Karo moga² di tmpt Aken Ng surga ne Amin.. yrb... 🙏",🙏,,,N.A.,N.A.: rev,,,,,,,,,,,,,,,,,,,,,0,0,0,0,0,1,Afetivo,Neutro,0.0,,,,,,,,,,,,error,True
CR7_0177,CR7,"Semoga di lapangkn kubur e, di mudahkn jln e, Kro moga² di tmpt Aken Ng surga ne Amin YRA.. 🙏",🙏,,,N.A.,N.A.: rev,,,,,,,,,,,,,,,,,,,,,0,0,0,0,0,1,Afetivo,Neutro,0.0,,,,,,,,,,,,error,True
CR7_0178,CR7,MUCHAS GRACIAS AFICÍON ESTO ES PARA VOSOTROS .⢠⣶⣾⣷⣦⡀⠀⣤⣤⣤⣤⣄⠀⣤⣤⣤⣤⣤⣤⣤ ⣾⣿⠁⢸⣿⣧⠀⣿⣿⠉⠹⣿⣆⠉⠉⠉⠉⣿⣿⠟ ⣿⣿⠀⠘⠛⠛⠀⣿⣿⠀⠀⣿⣿⠀⠀⠀⣼⣿⡟ ⣿⣿⠀⠀⠀⠀⠀⣿⣿⣤⣾⡿⠃⠀⠀⣼⣿⡟ ⣿⣿⠀⠀⠀⠀⠀⣿⣿⢻⣿⣇⠀⠀⠀⣿⣿ ⣿⣿⠀⢸⣿⣷⠀⣿⣿⠀⣿⣿⡄⠀⠀⣿⣿ ⢻⣿⣦⣼⣿⠏⠀⣿⣿⠀ ⣿⣧⠀ ⣿⣿ ⠛⠛⠛⠋⠀⠀⠛⠛⠀⠀⠛⠛ ⠛⠛ ⠀⠀⠀⠀⠀⠀⠀⠀⠀⠀⣴⣿⣦⠀⠀⠀⠀⠀⠀⠀⠀ ⠀⠀⠀⠀⠀⠀⠀⠀⠀⠀⢻⣿⣿⠂⠀⠀⠀⠀⠀⠀⠀⠀ ⠀⠀⠀⠀⠀⠀⠀⠀⠀⢀⣴⣿⣿⣀⠀⠀⠀⠀⠀⠀⠀⠀ ⠀⠀⠀⠀⠀⠀⠀⢠⣾⣿⣿⣿⣿⣿⣿⣦⠀ ⠀⠀⠀⠀⠀⠀⣴⣿⢿⣷⠒⠲⣾⣾⣿⣿ ⠀⠀⠀⠀⣴⣿⠟⠁⠀⢿⣿⠁⣿⣿⣿⠻⣿⣄⠀⠀⠀⠀ ⠀⠀⣠⡾⠟⠁⠀⠀ ⠀ ⣿⣸⣿⣿⣿⣆⠙⢿⣷⡀⠀⠀ ⣰⡿⠋⠀⠀⠀⠀⠀ ⠀⢸⣿⣿⣿⣿⣿⣿⠀⠀⠉⠻⣿⡀ ⠀⠀⠀⠀⠀⠀⠀⠀⠀⣾⣿⣿⣿⣿⣿⣿⠂⠀ ⠀⠀⠀⠀⠀⠀⠀⠀⣼⣿⣿⣿⡿⣿⣿⣿⣿⡄⠀⠀⠀⠀ ⠀⠀⠀⠀⠀⠀⠀⢠⣿⣿⠿⠟⠀⠀⠻⣿⣿⡇⠀⠀⠀⠀ ⠀⠀⠀⠀⠀⠀⢀⣾⡿⠃⠀⠀⠀⠀⠀⠘⢿⣿⡀⠀⠀⠀ ⠀⠀⠀⠀⠀⣰⣿⡟⠀⠀⠀⠀⠀⠀⠀⠀⢸⣿⣷⡀⠀⠀ ⠀⠀⠀⠀⢠⣿⠟⠀⠀⠀⠀⠀⠀⠀⠀⠀⠀⠻⣿⣧⠀⠀ ⠀⠀⠀⢀⣿⠃⠀⠀⠀⠀⠀⠀⠀⠀⠀⠀⠀⠀⠘⣿⣆⠀ ⠀⠀⠠⢾⠇⠀⠀⠀⠀⠀⠀⠀⠀⠀⠀⠀⠀⠀⠀⢸⣿⣷⡤⠄ “SIIUUUUUUUUUUUUUUUUUUU”🇵🇹🔥,🔥 🇵🇹,,,N.A.,N.A.: rev,,,,,,,,,,,,,,,,,,,,,0,0,0,0,0,1,Afetivo,Neutro,0.0,,,,,,,,,,,,error,True
CR7_0180,CR7,"2 G. O. T when mets,R. I. P Pelè😢",😢,,,N.A.,N.A.: rev,,,,,,,,,,,,,,,,,,,,,0,0,0,0,0,1,Afetivo,Neutro,0.0,,,,,,,,,,,,error,True
CR7_0181,CR7,It's a big loss!..,,,,N.A.,N.A.: rev,,,,,,,,,,,,,,,,,,,,,0,0,0,0,0,1,Afetivo,Neutro,0.0,,,,,,,,,,,,error,True
CR7_0184,CR7,Os dois maiores da história👑,👑,,,N.A.,N.A.: rev,,,,,,,,,,,,,,,,,,,,,0,0,0,0,0,1,Afetivo,Neutro,0.0,,,,,,,,,,,,error,True
CR7_0185,CR7,why💔💔,💔,,,N.A.,N.A.: rev,,,,,,,,,,,,,,,,,,,,,0,0,0,0,0,1,Afetivo,Neutro,0.0,,,,,,,,,,,,error,True
CR7_0187,CR7,RIP pele,,,,N.A.,N.A.: rev,,,,,,,,,,,,,,,,,,,,,0,0,0,0,0,1,Afetivo,Neutro,0.0,,,,,,,,,,,,error,True
CR7_0188,CR7,You are my real hero,,,,N.A.,N.A.: rev,,,,,,,,,,,,,,,,,,,,,0,0,0,0,0,1,Afetivo,Neutro,0.0,,,,,,,,,,,,error,True
CR7_0189,CR7,🖤🖤🖤rip pele,🖤,,,N.A.,N.A.: rev,,,,,,,,,,,,,,,,,,,,,0,0,0,0,0,1,Afetivo,Neutro,0.0,,,,,,,,,,,,error,True
CR7_0192,CR7,#freetate,,,,N.A.,N.A.: rev,,,,,,,,,,,,,,,,,,,,,0,0,0,0,0,1,Afetivo,Neutro,0.0,,,,,,,,,,,,error,True
CR7_0194,CR7,Pele dan Maradona akan main di surga,,,,N.A.,N.A.: rev,,,,,,,,,,,,,,,,,,,,,0,0,0,0,0,1,Afetivo,Neutro,0.0,,,,,,,,,,,,error,True
CR7_0195,CR7,Melhor do Portugal para o melhor do Brasil ❤️,❤️,,,N.A.,N.A.: rev,,,,,,,,,,,,,,,,,,,,,0,0,0,0,0,1,Afetivo,Neutro,0.0,,,,,,,,,,,,error,True
CR7_0197,CR7,Rest in peace,,,,N.A.,N.A.: rev,,,,,,,,,,,,,,,,,,,,,0,0,0,0,0,1,Afetivo,Neutro,0.0,,,,,,,,,,,,error,True
CR7_0198,CR7,My rolmodel,,,,N.A.,N.A.: rev,,,,,,,,,,,,,,,,,,,,,0,0,0,0,0,1,Afetivo,Neutro,0.0,,,,,,,,,,,,error,True
CR7_0202,CR7,Legend man,,,,N.A.,N.A.: rev,,,,,,,,,,,,,,,,,,,,,0,0,0,0,0,1,Afetivo,Neutro,0.0,,,,,,,,,,,,error,True
CR7_0204,CR7,Amen,,,,N.A.,N.A.: rev,,,,,,,,,,,,,,,,,,,,,0,0,0,0,0,1,Afetivo,Neutro,0.0,,,,,,,,,,,,error,True
CR7_0205,CR7,Oh cara é foda,,,,N.A.,N.A.: rev,,,,,,,,,,,,,,,,,,,,,0,0,0,0,0,1,Afetivo,Neutro,0.0,,,,,,,,,,,,error,True
CR7_0211,CR7,When two legends meet each other🔥❤️❤️,🔥 ❤️,,,N.A.,N.A.: rev,,,,,,,,,,,,,,,,,,,,,0,0,0,0,0,1,Afetivo,Neutro,0.0,,,,,,,,,,,,error,True
CR7_0213,CR7,Hamza ningeria,,,,N.A.,N.A.: rev,,,,,,,,,,,,,,,,,,,,,0,0,0,0,0,1,Afetivo,Neutro,0.0,,,,,,,,,,,,error,True
CR7_0221,CR7,❤️ love you,❤️,,,N.A.,N.A.: rev,,,,,,,,,,,,,,,,,,,,,0,0,0,0,0,1,Afetivo,Neutro,0.0,,,,,,,,,,,,error,True
CR7_0224,CR7,Condoléances à la famille,,,,N.A.,N.A.: rev,,,,,,,,,,,,,,,,,,,,,0,0,0,0,0,1,Afetivo,Neutro,0.0,,,,,,,,,,,,error,True
CR7_0228,CR7,نایس,,,,N.A.,N.A.: rev,,,,,,,,,,,,,,,,,,,,,0,0,0,0,0,1,Afetivo,Neutro,0.0,,,,,,,,,,,,error,True
CR7_0232,CR7,Paix à ton ame Adson,,,,N.A.,N.A.: rev,,,,,,,,,,,,,,,,,,,,,0,0,0,0,0,1,Afetivo,Neutro,0.0,,,,,,,,,,,,error,True
CR7_0234,CR7,خدا رحمتش کنه، پله عزیز را,,,,N.A.,N.A.: rev,,,,,,,,,,,,,,,,,,,,,0,0,0,0,0,1,Afetivo,Neutro,0.0,,,,,,,,,,,,error,True
CR7_0235,CR7,O eterno Pelé,,,,N.A.,N.A.: rev,,,,,,,,,,,,,,,,,,,,,0,0,0,0,0,1,Afetivo,Neutro,0.0,,,,,,,,,,,,error,True
CR7_0236,CR7,Les vp,,,,N.A.,N.A.: rev,,,,,,,,,,,,,,,,,,,,,0,0,0,0,0,1,Afetivo,Neutro,0.0,,,,,,,,,,,,error,True
CR7_0238,CR7,pele the dream of football,,,,N.A.,N.A.: rev,,,,,,,,,,,,,,,,,,,,,0,0,0,0,0,1,Afetivo,Neutro,0.0,,,,,,,,,,,,error,True
CR7_0239,CR7,Rest in peace Pelle,,,,N.A.,N.A.: rev,,,,,,,,,,,,,,,,,,,,,0,0,0,0,0,1,Afetivo,Neutro,0.0,,,,,,,,,,,,error,True
CR7_0240,CR7,The best of the best in a pic,,,,N.A.,N.A.: rev,,,,,,,,,,,,,,,,,,,,,0,0,0,0,0,1,Afetivo,Neutro,0.0,,,,,,,,,,,,error,True
CR7_0245,CR7,RIP LEGEND,,,,N.A.,N.A.: rev,,,,,,,,,,,,,,,,,,,,,0,0,0,0,0,1,Afetivo,Neutro,0.0,,,,,,,,,,,,error,True
CR7_0246,CR7,🖤,🖤,,,N.A.,N.A.: rev,,,,,,,,,,,,,,,,,,,,,0,0,0,0,0,1,Afetivo,Neutro,0.0,,,,,,,,,,,,error,True
CR7_0250,CR7,تبقه رقم واحد,,,,N.A.,N.A.: rev,,,,,,,,,,,,,,,,,,,,,0,0,0,0,0,1,Afetivo,Neutro,0.0,,,,,,,,,,,,error,True
CR7_0252,CR7,R.I.P 😢 Legend never die,😢,,,N.A.,N.A.: rev,,,,,,,,,,,,,,,,,,,,,0,0,0,0,0,1,Afetivo,Neutro,0.0,,,,,,,,,,,,error,True
CR7_0254,CR7,This is person is it your dad,,,,N.A.,N.A.: rev,,,,,,,,,,,,,,,,,,,,,0,0,0,0,0,1,Afetivo,Neutro,0.0,,,,,,,,,,,,error,True
CR7_0255,CR7,@user,,,,N.A.,N.A.: rev,,,,,,,,,,,,,,,,,,,,,0,0,0,0,0,1,Afetivo,Neutro,0.0,,,,,,,,,,,,error,True
CR7_0256,CR7,Pele meu rei,,,,N.A.,N.A.: rev,,,,,,,,,,,,,,,,,,,,,0,0,0,0,0,1,Afetivo,Neutro,0.0,,,,,,,,,,,,error,True
CR7_0259,CR7,Goat 🐐 ❤️,🐐 ❤️,,,N.A.,N.A.: rev,,,,,,,,,,,,,,,,,,,,,0,0,0,0,0,1,Afetivo,Neutro,0.0,,,,,,,,,,,,error,True
CR7_0261,CR7,Ronaldo 2 year later galatasaray can you come.❤️❤️❤️❤️💛💛💛💛,❤️ 💛,,,N.A.,N.A.: rev,,,,,,,,,,,,,,,,,,,,,0,0,0,0,0,1,Afetivo,Neutro,0.0,,,,,,,,,,,,error,True
CR7_0262,CR7,🙏🏽 ❤️,🙏🏽 ❤️,,,N.A.,N.A.: rev,,,,,,,,,,,,,,,,,,,,,0,0,0,0,0,1,Afetivo,Neutro,0.0,,,,,,,,,,,,error,True
CR7_0266,CR7,💔,💔,,,N.A.,N.A.: rev,,,,,,,,,,,,,,,,,,,,,0,0,0,0,0,1,Afetivo,Neutro,0.0,,,,,,,,,,,,error,True
CR7_0272,CR7,Suiiiii,,,,N.A.,N.A.: rev,,,,,,,,,,,,,,,,,,,,,0,0,0,0,0,1,Afetivo,Neutro,0.0,,,,,,,,,,,,error,True
CR7_0273,CR7,WHO WANTS TO GET INTO PSYCHIC TELEPATHIC CONTACT ON HIGH TELEPATIC FREQUENCY DIRECTLY WITH GOD INFINITE INEXHAUSTABLE SOURCE OF GUIDING LIGHT LOVE PEACE SCIENCE WISDOM SUPERNATURAL POWER POSITIVE ENERGY LIFE BLESSING AND ETERNAL HAPPINESS IN THE HOLY KINGDOM OF GOD BUILD IN THE PSYCHIC MECHANISM AN EXTRATERRESTRIAL COMMUNICATION PORTAL DIRECTLY WITH GOD WHICH HAS TWO MAIN COMPONENTS THE KNOWLEDGE OF THE TRUTH WRITTEN IN THE HOLY BIBLE AND THE FULFILLMENT OF THE 10 DIVINE LAWS. GOD HELPS AND GUIDES US TO BUILD THIS PORTAL EXTRATERRESTRIAL IMMATERIAL INFORMATIONAL MULTIDIMENSIONAL MULTIFUNCTIONAL TRANSCENDENT.,,,,N.A.,N.A.: rev,,,,,,,,,,,,,,,,,,,,,0,0,0,0,0,1,Afetivo,Neutro,0.0,,,,,,,,,,,,error,True
CR7_0274,CR7,💔💔💔💔,💔,,,N.A.,N.A.: rev,,,,,,,,,,,,,,,,,,,,,0,0,0,0,0,1,Afetivo,Neutro,0.0,,,,,,,,,,,,error,True
CR7_0275,CR7,WHO WANTS TO GET INTO PSYCHIC TELEPATHIC CONTACT ON HIGH TELEPATIC FREQUENCY DIRECTLY WITH GOD INFINITE INEXHAUSTABLE SOURCE OF GUIDING LIGHT LOVE PEACE SCIENCE WISDOM SUPERNATURAL POWER POSITIVE ENERGY LIFE BLESSING AND ETERNAL HAPPINESS IN THE HOLY KINGDOM OF GOD BUILD IN THE PSYCHIC MECHANISM AN EXTRATERRESTRIAL COMMUNICATION PORTAL DIRECTLY WITH GOD WHICH HAS TWO MAIN COMPONENTS THE KNOWLEDGE OF THE TRUTH WRITTEN IN THE HOLY BIBLE AND THE FULFILLMENT OF THE 10 DIVINE LAWS. GOD HELPS AND GUIDES US TO BUILD THIS PORTAL EXTRATERRESTRIAL IMMATERIAL INFORMATIONAL MULTIDIMENSIONAL MULTIFUNCTIONAL TRANSCENDENT.,,,,N.A.,N.A.: rev,,,,,,,,,,,,,,,,,,,,,0,0,0,0,0,1,Afetivo,Neutro,0.0,,,,,,,,,,,,error,True
CR7_0277,CR7,Polla😔,😔,,,N.A.,N.A.: rev,,,,,,,,,,,,,,,,,,,,,0,0,0,0,0,1,Afetivo,Neutro,0.0,,,,,,,,,,,,error,True
CR7_0278,CR7,🙏🙏🙏🙏🙏🙏🙏🙏🙏🙏🙏🙏🙏🙏🙏🙏🥲🥲🥲🥲🥲🥲🥲🥲🥲🙏🙏🙏🙏🙏,🙏 🥲,,,N.A.,N.A.: rev,,,,,,,,,,,,,,,,,,,,,0,0,0,0,0,1,Afetivo,Neutro,0.0,,,,,,,,,,,,error,True
CR7_0279,CR7,❤️❤️❤️👏👏 goat,👏 ❤️,,,N.A.,N.A.: rev,,,,,,,,,,,,,,,,,,,,,0,0,0,0,0,1,Afetivo,Neutro,0.0,,,,,,,,,,,,error,True
CR7_0280,CR7,@user és antigo rei e o novo rei ... uma bela imagem (arte) de monarquia,,,,N.A.,N.A.: rev,,,,,,,,,,,,,,,,,,,,,0,0,0,0,0,1,Afetivo,Neutro,0.0,,,,,,,,,,,,error,True
CR7_0281,CR7,Legends never die.... They always live in our heart❤️❤️,❤️,,,N.A.,N.A.: rev,,,,,,,,,,,,,,,,,,,,,0,0,0,0,0,1,Afetivo,Neutro,0.0,,,,,,,,,,,,error,True
CR7_0282,CR7,Rip,,,,N.A.,N.A.: rev,,,,,,,,,,,,,,,,,,,,,0,0,0,0,0,1,Afetivo,Neutro,0.0,,,,,,,,,,,,error,True
CR7_0284,CR7,🤘🏻💔😞,💔 🤘🏻 😞,,,N.A.,N.A.: rev,,,,,,,,,,,,,,,,,,,,,0,0,0,0,0,1,Afetivo,Neutro,0.0,,,,,,,,,,,,error,True
CR7_0292,CR7,Vlw cr7,,,,N.A.,N.A.: rev,,,,,,,,,,,,,,,,,,,,,0,0,0,0,0,1,Afetivo,Neutro,0.0,,,,,,,,,,,,error,True
CR7_0293,CR7,الله يرحمه برحمته الواسعه,,,,N.A.,N.A.: rev,,,,,,,,,,,,,,,,,,,,,0,0,0,0,0,1,Afetivo,Neutro,0.0,,,,,,,,,,,,error,True
CR7_0296,CR7,👏👏🏽👏🏽👏🏼👏🏼👏👏🏻,👏🏼 👏 👏🏽 👏🏻,,,N.A.,N.A.: rev,,,,,,,,,,,,,,,,,,,,,0,0,0,0,0,1,Afetivo,Neutro,0.0,,,,,,,,,,,,error,True
CR7_0297,CR7,The king never bows 👏👏👏😍❤️❤️❤️,😍 👏 ❤️,,,N.A.,N.A.: rev,,,,,,,,,,,,,,,,,,,,,0,0,0,0,0,1,Afetivo,Neutro,0.0,,,,,,,,,,,,error,True
CR7_0298,CR7,Muy bonitos sentimientos y tristeza,,,,N.A.,N.A.: rev,,,,,,,,,,,,,,,,,,,,,0,0,0,0,0,1,Afetivo,Neutro,0.0,,,,,,,,,,,,error,True
CR7_0301,CR7,Мае что Вт цемвер,,,,N.A.,N.A.: rev,,,,,,,,,,,,,,,,,,,,,0,0,0,0,0,1,Afetivo,Neutro,0.0,,,,,,,,,,,,error,True
CR7_0302,CR7,2008 CRISTIANO RONALDO ....... 2009 SHAVI ....... 2010 SNAIDER ....... 2011 INIESTA ....... 2012 CRISTIANO RONALDO ....... 2013 CRISTIANO RONALDO ....... 2014 CRISTIANO RONALDO ....... 2015 MESSI ....... 2016 CRISTIANO RONALDO ....... 2017 CRISTIANO RONALDO ....... 2018 CRISTIANO RONALDO ....... 2019 VAN DAIK- CRISTIANO RONALDO ....... 2020 LEVANDOVSKI- CRISTIANO RONALDO ....... 2021 LEVANDOVSKI ....... 2022 MBBAPPE ....... ....... ....... ....... ....... .......,,,,N.A.,N.A.: rev,,,,,,,,,,,,,,,,,,,,,0,0,0,0,0,1,Afetivo,Neutro,0.0,,,,,,,,,,,,error,True
CR7_0304,CR7,مونتهي,,,,N.A.,N.A.: rev,,,,,,,,,,,,,,,,,,,,,0,0,0,0,0,1,Afetivo,Neutro,0.0,,,,,,,,,,,,error,True
CR7_0305,CR7,🐐🔥,🐐 🔥,,,N.A.,N.A.: rev,,,,,,,,,,,,,,,,,,,,,0,0,0,0,0,1,Afetivo,Neutro,0.0,,,,,,,,,,,,error,True
CR7_0306,CR7,Mèsi 👏👏👏👏👏👏👏,👏,,,N.A.,N.A.: rev,,,,,,,,,,,,,,,,,,,,,0,0,0,0,0,1,Afetivo,Neutro,0.0,,,,,,,,,,,,error,True
CR7_0308,CR7,Que lindo 😍👏,😍 👏,,,N.A.,N.A.: rev,,,,,,,,,,,,,,,,,,,,,0,0,0,0,0,1,Afetivo,Neutro,0.0,,,,,,,,,,,,error,True
CR7_0312,CR7,Mérci Ronaldo 👏,👏,,,N.A.,N.A.: rev,,,,,,,,,,,,,,,,,,,,,0,0,0,0,0,1,Afetivo,Neutro,0.0,,,,,,,,,,,,error,True
CR7_0313,CR7,😢🙌😭 Rei ⚽️,🙌 ⚽ 😭 😢,,,N.A.,N.A.: rev,,,,,,,,,,,,,,,,,,,,,0,0,0,0,0,1,Afetivo,Neutro,0.0,,,,,,,,,,,,error,True
CR7_0314,CR7,good,,,,N.A.,N.A.: rev,,,,,,,,,,,,,,,,,,,,,0,0,0,0,0,1,Afetivo,Neutro,0.0,,,,,,,,,,,,error,True
CR7_0321,CR7,جهنم 😍تنادي👏👏😢😢😢😢,😍 👏 😢,,,N.A.,N.A.: rev,,,,,,,,,,,,,,,,,,,,,0,0,0,0,0,1,Afetivo,Neutro,0.0,,,,,,,,,,,,error,True
CR7_0324,CR7,The best two players in history,,,,N.A.,N.A.: rev,,,,,,,,,,,,,,,,,,,,,0,0,0,0,0,1,Afetivo,Neutro,0.0,,,,,,,,,,,,error,True
CR7_0325,CR7,"Ronaldo, please, don't leave football, you should be the world champion, because I believe in you, everyone is laughing at me, I trust you, don't leave football, you will definitely win, I am always a big fan of you.@user",,,,N.A.,N.A.: rev,,,,,,,,,,,,,,,,,,,,,0,0,0,0,0,1,Afetivo,Neutro,0.0,,,,,,,,,,,,error,True
CR7_0326,CR7,Go a head for to be Islam my king 👑,👑,,,N.A.,N.A.: rev,,,,,,,,,,,,,,,,,,,,,0,0,0,0,0,1,Afetivo,Neutro,0.0,,,,,,,,,,,,error,True
CR7_0327,CR7,Legend never die❤️,❤️,,,N.A.,N.A.: rev,,,,,,,,,,,,,,,,,,,,,0,0,0,0,0,1,Afetivo,Neutro,0.0,,,,,,,,,,,,error,True
CR7_0328,CR7,In truth it's the anchor for me,,,,N.A.,N.A.: rev,,,,,,,,,,,,,,,,,,,,,0,0,0,0,0,1,Afetivo,Neutro,0.0,,,,,,,,,,,,error,True
CR7_0329,CR7,Nea,,,,N.A.,N.A.: rev,,,,,,,,,,,,,,,,,,,,,0,0,0,0,0,1,Afetivo,Neutro,0.0,,,,,,,,,,,,error,True
CR7_0332,CR7,😮😮,😮,,,N.A.,N.A.: rev,,,,,,,,,,,,,,,,,,,,,0,0,0,0,0,1,Afetivo,Neutro,0.0,,,,,,,,,,,,error,True
CR7_0336,CR7,🥹❤️❤️,❤️ 🥹,,,N.A.,N.A.: rev,,,,,,,,,,,,,,,,,,,,,0,0,0,0,0,1,Afetivo,Neutro,0.0,,,,,,,,,,,,error,True
CR7_0337,CR7,The only person who had genuine love for Ronaldo 😔💔,💔 😔,,,N.A.,N.A.: rev,,,,,,,,,,,,,,,,,,,,,0,0,0,0,0,1,Afetivo,Neutro,0.0,,,,,,,,,,,,error,True
CR7_0339,CR7,Two great men 🙌,🙌,,,N.A.,N.A.: rev,,,,,,,,,,,,,,,,,,,,,0,0,0,0,0,1,Afetivo,Neutro,0.0,,,,,,,,,,,,error,True
CR7_0340,CR7,كرستيانو لا تنتقل,,,,N.A.,N.A.: rev,,,,,,,,,,,,,,,,,,,,,0,0,0,0,0,1,Afetivo,Neutro,0.0,,,,,,,,,,,,error,True
CR7_0342,CR7,Tas bem,,,,N.A.,N.A.: rev,,,,,,,,,,,,,,,,,,,,,0,0,0,0,0,1,Afetivo,Neutro,0.0,,,,,,,,,,,,error,True
CR7_0343,CR7,Bien,,,,N.A.,N.A.: rev,,,,,,,,,,,,,,,,,,,,,0,0,0,0,0,1,Afetivo,Neutro,0.0,,,,,,,,,,,,error,True
CR7_0344,CR7,خدا بیامرزتش داداش,,,,N.A.,N.A.: rev,,,,,,,,,,,,,,,,,,,,,0,0,0,0,0,1,Afetivo,Neutro,0.0,,,,,,,,,,,,error,True
CR7_0350,CR7,"Dear Ronaldo, A Infinity Love For You, Brother My One And Only Biggest Dream In This Earth To Meet You, Please 🙏🏿 I Am In Saudi Arabia 🇸🇦🥺🙏🏿",🙏🏿 🥺 🇸🇦,,,N.A.,N.A.: rev,,,,,,,,,,,,,,,,,,,,,0,0,0,0,0,1,Afetivo,Neutro,0.0,,,,,,,,,,,,error,True
CR7_0351,CR7,Descansa em paz rei,,,,N.A.,N.A.: rev,,,,,,,,,,,,,,,,,,,,,0,0,0,0,0,1,Afetivo,Neutro,0.0,,,,,,,,,,,,error,True
CR7_0352,CR7,Du stinkst,,,,N.A.,N.A.: rev,,,,,,,,,,,,,,,,,,,,,0,0,0,0,0,1,Afetivo,Neutro,0.0,,,,,,,,,,,,error,True
CR7_0353,CR7,"Ronaldo, for God's sake, your salary for 1 hour, help me, I am in need",,,,N.A.,N.A.: rev,,,,,,,,,,,,,,,,,,,,,0,0,0,0,0,1,Afetivo,Neutro,0.0,,,,,,,,,,,,error,True
CR7_0354,CR7,"Ronaldo, for God's sake, your salary for 1 hour, help me, I am in need",,,,N.A.,N.A.: rev,,,,,,,,,,,,,,,,,,,,,0,0,0,0,0,1,Afetivo,Neutro,0.0,,,,,,,,,,,,error,True
CR7_0355,CR7,"Ronaldo, for God's sake, your salary for 1 hour, help me, I am in needRonaldo, for God's sake, your salary for 1 hour, help me, I am in need",,,,N.A.,N.A.: rev,,,,,,,,,,,,,,,,,,,,,0,0,0,0,0,1,Afetivo,Neutro,0.0,,,,,,,,,,,,error,True
CR7_0356,CR7,"Ronaldo, for God's sake, your salary for 1 hour, help me, I am in needRonaldo, for God's sake, your salary for 1 hour, help me, I am in need",,,,N.A.,N.A.: rev,,,,,,,,,,,,,,,,,,,,,0,0,0,0,0,1,Afetivo,Neutro,0.0,,,,,,,,,,,,error,True
CR7_0357,CR7,"Ronaldo, for God's sake, your salary for 1 hour, help me, I am in needRonaldo, for God's sake, your salary for 1 hour, help me, I am in needRonaldo, for God's sake, your salary for 1 hour, help me, I am in need",,,,N.A.,N.A.: rev,,,,,,,,,,,,,,,,,,,,,0,0,0,0,0,1,Afetivo,Neutro,0.0,,,,,,,,,,,,error,True
CR7_0358,CR7,"Ronaldo, for God's sake, your salary for 1 hour, help me, I am in needRonaldo, for God's sake, your salary for 1 hour, help me, I am in needRonaldo, for God's sake, your salary for 1 hour, help me, I am in need",,,,N.A.,N.A.: rev,,,,,,,,,,,,,,,,,,,,,0,0,0,0,0,1,Afetivo,Neutro,0.0,,,,,,,,,,,,error,True
CR7_0362,CR7,"Acho que Portugal não vai perdoar o Cristiano por deixar de ver ele jogar,porque o sinal não chega há Europa e é um pais com pena de morte é todos os dias depois vê",,,,N.A.,N.A.: rev,,,,,,,,,,,,,,,,,,,,,0,0,0,0,0,1,Afetivo,Neutro,0.0,,,,,,,,,,,,error,True
CR7_0369,CR7,😢😢😢😢descanse em paz Rei Pelé vai fazer muita falta para o brasileiros.,😢,,,N.A.,N.A.: rev,,,,,,,,,,,,,,,,,,,,,0,0,0,0,0,1,Afetivo,Neutro,0.0,,,,,,,,,,,,error,True
CR7_0374,CR7,"Ronaldo, I'm from Dagestan, my name is Taga Khabiba Nurmagomedova, a villager, please help me with money, I have big problems",,,,N.A.,N.A.: rev,,,,,,,,,,,,,,,,,,,,,0,0,0,0,0,1,Afetivo,Neutro,0.0,,,,,,,,,,,,error,True
CR7_0375,CR7,Oi cristiano ronaldo quero conhecer você é meu sonho falar com você de verdade eu quero que esse sonho se realize por favor fale comigo cristiano ronaldo pelo Instagram por favor😭😭😭😭😭😭😭😭😭😭😭😭😭😭😭😭😭😭😭😭😭😭😭😭,😭,,,N.A.,N.A.: rev,,,,,,,,,,,,,,,,,,,,,0,0,0,0,0,1,Afetivo,Neutro,0.0,,,,,,,,,,,,error,True
CR7_0378,CR7,vai com Deus eterno pele,,,,N.A.,N.A.: rev,,,,,,,,,,,,,,,,,,,,,0,0,0,0,0,1,Afetivo,Neutro,0.0,,,,,,,,,,,,error,True
CR7_0380,CR7,Hi,,,,N.A.,N.A.: rev,,,,,,,,,,,,,,,,,,,,,0,0,0,0,0,1,Afetivo,Neutro,0.0,,,,,,,,,,,,error,True
CR7_0381,CR7,🇺🇿🇺🇿🇺🇿🫵🫵🫵🫵🫵🫵🫵😢,😢 🇺🇿 🫵,,,N.A.,N.A.: rev,,,,,,,,,,,,,,,,,,,,,0,0,0,0,0,1,Afetivo,Neutro,0.0,,,,,,,,,,,,error,True
CR7_0383,CR7,❤️🔥🐐🚀🐐💎,🐐 🚀 🔥 💎 ❤️,,,N.A.,N.A.: rev,,,,,,,,,,,,,,,,,,,,,0,0,0,0,0,1,Afetivo,Neutro,0.0,,,,,,,,,,,,error,True
CR7_0384,CR7,Lindas Palavras CR7 Vc é uma Lenda tbm 👏👏👏,👏,,,N.A.,N.A.: rev,,,,,,,,,,,,,,,,,,,,,0,0,0,0,0,1,Afetivo,Neutro,0.0,,,,,,,,,,,,error,True
CR7_0386,CR7,"Ronaldo, for God's sake, your salary for 1 hour, help me, I am in need",,,,N.A.,N.A.: rev,,,,,,,,,,,,,,,,,,,,,0,0,0,0,0,1,Afetivo,Neutro,0.0,,,,,,,,,,,,error,True
CR7_0387,CR7,"Ronaldo, for God's sake, your salary for 1 hour, help me, I am in need",,,,N.A.,N.A.: rev,,,,,,,,,,,,,,,,,,,,,0,0,0,0,0,1,Afetivo,Neutro,0.0,,,,,,,,,,,,error,True
CR7_0388,CR7,Grande 👏,👏,,,N.A.,N.A.: rev,,,,,,,,,,,,,,,,,,,,,0,0,0,0,0,1,Afetivo,Neutro,0.0,,,,,,,,,,,,error,True
CR7_0389,CR7,Hgñc .hĺc,,,,N.A.,N.A.: rev,,,,,,,,,,,,,,,,,,,,,0,0,0,0,0,1,Afetivo,Neutro,0.0,,,,,,,,,,,,error,True
CR7_0390,CR7,Where are you,,,,N.A.,N.A.: rev,,,,,,,,,,,,,,,,,,,,,0,0,0,0,0,1,Afetivo,Neutro,0.0,,,,,,,,,,,,error,True
CR7_0396,CR7,.,,,,N.A.,N.A.: rev,,,,,,,,,,,,,,,,,,,,,0,0,0,0,0,1,Afetivo,Neutro,0.0,,,,,,,,,,,,error,True
CR7_0400,CR7,💔💔,💔,,,N.A.,N.A.: rev,,,,,,,,,,,,,,,,,,,,,0,0,0,0,0,1,Afetivo,Neutro,0.0,,,,,,,,,,,,error,True
CR7_0401,CR7,"Welcome to Saudi GOAT , cant wait to see u play , god bless u 😍😍😍😍😍😍😍😍🤍🤍🤍🤍🤍🤍🤍🤍🤍💛💛💛💛💛💛💛💛💛💛",😍 🤍 💛,,,N.A.,N.A.: rev,,,,,,,,,,,,,,,,,,,,,0,0,0,0,0,1,Afetivo,Neutro,0.0,,,,,,,,,,,,error,True
CR7_0406,CR7,O melhor do mundo são vcs 2,,,,N.A.,N.A.: rev,,,,,,,,,,,,,,,,,,,,,0,0,0,0,0,1,Afetivo,Neutro,0.0,,,,,,,,,,,,error,True
CR7_0407,CR7,💚💛👑,💚 👑 💛,,,N.A.,N.A.: rev,,,,,,,,,,,,,,,,,,,,,0,0,0,0,0,1,Afetivo,Neutro,0.0,,,,,,,,,,,,error,True
CR7_0409,CR7,"c,yss,,,cxo,yfvFdfyxyyxex🙌",🙌,,,N.A.,N.A.: rev,,,,,,,,,,,,,,,,,,,,,0,0,0,0,0,1,Afetivo,Neutro,0.0,,,,,,,,,,,,error,True
CR7_0410,CR7,🙌fdrfxffyddgxxrcsggfsgf,🙌,,,N.A.,N.A.: rev,,,,,,,,,,,,,,,,,,,,,0,0,0,0,0,1,Afetivo,Neutro,0.0,,,,,,,,,,,,error,True
CR7_0411,CR7,🐐🐐..,🐐,,,N.A.,N.A.: rev,,,,,,,,,,,,,,,,,,,,,0,0,0,0,0,1,Afetivo,Neutro,0.0,,,,,,,,,,,,error,True
CR7_0413,CR7,"Também senti muito, ele era humilde e querido, vivi perto dele no Guarujá.😢",😢,,,N.A.,N.A.: rev,,,,,,,,,,,,,,,,,,,,,0,0,0,0,0,1,Afetivo,Neutro,0.0,,,,,,,,,,,,error,True
CR7_0415,CR7,Adios Amigo my man! So long.,,,,N.A.,N.A.: rev,,,,,,,,,,,,,,,,,,,,,0,0,0,0,0,1,Afetivo,Neutro,0.0,,,,,,,,,,,,error,True
CR7_0419,CR7,Pequeno gajo👏,👏,,,N.A.,N.A.: rev,,,,,,,,,,,,,,,,,,,,,0,0,0,0,0,1,Afetivo,Neutro,0.0,,,,,,,,,,,,error,True
CR7_0422,CR7,isso é tão triste jogar é uma lenda e sempre vai se lembrar dele,,,,N.A.,N.A.: rev,,,,,,,,,,,,,,,,,,,,,0,0,0,0,0,1,Afetivo,Neutro,0.0,,,,,,,,,,,,error,True
CR7_0424,CR7,🐐🐐🐐🐐🐐🐐🐐🐐,🐐,,,N.A.,N.A.: rev,,,,,,,,,,,,,,,,,,,,,0,0,0,0,0,1,Afetivo,Neutro,0.0,,,,,,,,,,,,error,True
CR7_0432,CR7,Asalamou alekouma ya RONALDO,,,,N.A.,N.A.: rev,,,,,,,,,,,,,,,,,,,,,0,0,0,0,0,1,Afetivo,Neutro,0.0,,,,,,,,,,,,error,True
CR7_0434,CR7,Cristiano Ronaldo ❤️🔥,🔥 ❤️,,,N.A.,N.A.: rev,,,,,,,,,,,,,,,,,,,,,0,0,0,0,0,1,Afetivo,Neutro,0.0,,,,,,,,,,,,error,True
CR7_0435,CR7,Descanse em paz😢👏❤️,👏 ❤️ 😢,,,N.A.,N.A.: rev,,,,,,,,,,,,,,,,,,,,,0,0,0,0,0,1,Afetivo,Neutro,0.0,,,,,,,,,,,,error,True
CR7_0438,CR7,welcome to the goat ❤️❤️,❤️,,,N.A.,N.A.: rev,,,,,,,,,,,,,,,,,,,,,0,0,0,0,0,1,Afetivo,Neutro,0.0,,,,,,,,,,,,error,True
CR7_0439,CR7,@user #EdgarMackevic #mackevicedgar edgarmackevic.tumblr.com #loveit,,,,N.A.,N.A.: rev,,,,,,,,,,,,,,,,,,,,,0,0,0,0,0,1,Afetivo,Neutro,0.0,,,,,,,,,,,,error,True
CR7_0441,CR7,Duas máquinas 😢👏❤️,👏 ❤️ 😢,,,N.A.,N.A.: rev,,,,,,,,,,,,,,,,,,,,,0,0,0,0,0,1,Afetivo,Neutro,0.0,,,,,,,,,,,,error,True
CR7_0442,CR7,Hello please I want to meet you,,,,N.A.,N.A.: rev,,,,,,,,,,,,,,,,,,,,,0,0,0,0,0,1,Afetivo,Neutro,0.0,,,,,,,,,,,,error,True
CR7_0446,CR7,RIP King,,,,N.A.,N.A.: rev,,,,,,,,,,,,,,,,,,,,,0,0,0,0,0,1,Afetivo,Neutro,0.0,,,,,,,,,,,,error,True
CR7_0447,CR7,Happy New Year 2023,,,,N.A.,N.A.: rev,,,,,,,,,,,,,,,,,,,,,0,0,0,0,0,1,Afetivo,Neutro,0.0,,,,,,,,,,,,error,True
CR7_0448,CR7,Rip respect,,,,N.A.,N.A.: rev,,,,,,,,,,,,,,,,,,,,,0,0,0,0,0,1,Afetivo,Neutro,0.0,,,,,,,,,,,,error,True
CR7_0449,CR7,Hello,,,,N.A.,N.A.: rev,,,,,,,,,,,,,,,,,,,,,0,0,0,0,0,1,Afetivo,Neutro,0.0,,,,,,,,,,,,error,True
CR7_0450,CR7,wonderful,,,,N.A.,N.A.: rev,,,,,,,,,,,,,,,,,,,,,0,0,0,0,0,1,Afetivo,Neutro,0.0,,,,,,,,,,,,error,True
CR7_0451,CR7,🐐🐐,🐐,,,N.A.,N.A.: rev,,,,,,,,,,,,,,,,,,,,,0,0,0,0,0,1,Afetivo,Neutro,0.0,,,,,,,,,,,,error,True
CR7_0452,CR7,Repose en paix roi pelé,,,,N.A.,N.A.: rev,,,,,,,,,,,,,,,,,,,,,0,0,0,0,0,1,Afetivo,Neutro,0.0,,,,,,,,,,,,error,True
CR7_0453,CR7,Legend cr7,,,,N.A.,N.A.: rev,,,,,,,,,,,,,,,,,,,,,0,0,0,0,0,1,Afetivo,Neutro,0.0,,,,,,,,,,,,error,True
CR7_0455,CR7,I can't find a perfect way to express my experience with @user it was a very amsome transformation. I've always seen recommendations in respect to her name and i gave a try and i made nice withdrawals. All thanks to @user,,,,N.A.,N.A.: rev,,,,,,,,,,,,,,,,,,,,,0,0,0,0,0,1,Afetivo,Neutro,0.0,,,,,,,,,,,,error,True
CR7_0456,CR7,cristiano pelé foi um bom homem agora jogara no céu 😢,😢,,,N.A.,N.A.: rev,,,,,,,,,,,,,,,,,,,,,0,0,0,0,0,1,Afetivo,Neutro,0.0,,,,,,,,,,,,error,True
CR7_0460,CR7,Se este comentário atingir 1.000 curtidas mudo a minha foto do perfil para a do Pelé !,,,,N.A.,N.A.: rev,,,,,,,,,,,,,,,,,,,,,0,0,0,0,0,1,Afetivo,Neutro,0.0,,,,,,,,,,,,error,True
CR7_0465,CR7,Linda mensagem. Obrigada @user 🙌🏻❤️💔🇧🇷💚💛💙🤍,💔 🇧🇷 🙌🏻 💛 🤍 ❤️ 💙 💚,,,N.A.,N.A.: rev,,,,,,,,,,,,,,,,,,,,,0,0,0,0,0,1,Afetivo,Neutro,0.0,,,,,,,,,,,,error,True
CR7_0467,CR7,👏👏👏👏. @user o único médico brasileiro que o monstro @user segue,👏,,,N.A.,N.A.: rev,,,,,,,,,,,,,,,,,,,,,0,0,0,0,0,1,Afetivo,Neutro,0.0,,,,,,,,,,,,error,True
CR7_2208,CR7,😞🫶🏻,🫶🏻 😞,,,N.A.,N.A.: rev,,,,,,,,,,,,,,,,,,,,,0,0,0,0,0,1,Afetivo,Neutro,0.0,,,,,,,,,,,,error,True
CR7_2209,CR7,💔,💔,,,N.A.,N.A.: rev,,,,,,,,,,,,,,,,,,,,,0,0,0,0,0,1,Afetivo,Neutro,0.0,,,,,,,,,,,,error,True
CR7_2211,CR7,👏😢🐐,🐐 👏 😢,,,N.A.,N.A.: rev,,,,,,,,,,,,,,,,,,,,,0,0,0,0,0,1,Afetivo,Neutro,0.0,,,,,,,,,,,,error,True
CR7_2213,CR7,Os Dois melhores da História do Esporte 🐐😢,🐐 😢,,,N.A.,N.A.: rev,,,,,,,,,,,,,,,,,,,,,0,0,0,0,0,1,Afetivo,Neutro,0.0,,,,,,,,,,,,error,True
CR7_2216,CR7,🐐,🐐,,,N.A.,N.A.: rev,,,,,,,,,,,,,,,,,,,,,0,0,0,0,0,1,Afetivo,Neutro,0.0,,,,,,,,,,,,error,True
CR7_2218,CR7,🐐🐐🐐,🐐,,,N.A.,N.A.: rev,,,,,,,,,,,,,,,,,,,,,0,0,0,0,0,1,Afetivo,Neutro,0.0,,,,,,,,,,,,error,True
CR7_2220,CR7,😢😢🐐,🐐 😢,,,N.A.,N.A.: rev,,,,,,,,,,,,,,,,,,,,,0,0,0,0,0,1,Afetivo,Neutro,0.0,,,,,,,,,,,,error,True
CR7_2221,CR7,🐐🔥🔥,🐐 🔥,,,N.A.,N.A.: rev,,,,,,,,,,,,,,,,,,,,,0,0,0,0,0,1,Afetivo,Neutro,0.0,,,,,,,,,,,,error,True
CR7_2222,CR7,🐐🔥😍,🐐 🔥 😍,,,N.A.,N.A.: rev,,,,,,,,,,,,,,,,,,,,,0,0,0,0,0,1,Afetivo,Neutro,0.0,,,,,,,,,,,,error,True
CR7_2226,CR7,2008 ☠️,☠️,,,N.A.,N.A.: rev,,,,,,,,,,,,,,,,,,,,,0,0,0,0,0,1,Afetivo,Neutro,0.0,,,,,,,,,,,,error,True
CR7_2227,CR7,Legends 🙌,🙌,,,N.A.,N.A.: rev,,,,,,,,,,,,,,,,,,,,,0,0,0,0,0,1,Afetivo,Neutro,0.0,,,,,,,,,,,,error,True
CR7_2231,CR7,Two goats,,,,N.A.,N.A.: rev,,,,,,,,,,,,,,,,,,,,,0,0,0,0,0,1,Afetivo,Neutro,0.0,,,,,,,,,,,,error,True
CR7_2233,CR7,Foever CR7 THE real GOAT 🐐❤️,🐐 ❤️,,,N.A.,N.A.: rev,,,,,,,,,,,,,,,,,,,,,0,0,0,0,0,1,Afetivo,Neutro,0.0,,,,,,,,,,,,error,True
CR7_2234,CR7,Suiii❤️,❤️,,,N.A.,N.A.: rev,,,,,,,,,,,,,,,,,,,,,0,0,0,0,0,1,Afetivo,Neutro,0.0,,,,,,,,,,,,error,True
CR7_2235,CR7,Two goats in one pic🐐🐐❤️❤️,🐐 ❤️,,,N.A.,N.A.: rev,,,,,,,,,,,,,,,,,,,,,0,0,0,0,0,1,Afetivo,Neutro,0.0,,,,,,,,,,,,error,True
CR7_2238,CR7,🙁💔,💔 🙁,,,N.A.,N.A.: rev,,,,,,,,,,,,,,,,,,,,,0,0,0,0,0,1,Afetivo,Neutro,0.0,,,,,,,,,,,,error,True
CR7_2239,CR7,king cristiano . BLI,,,,N.A.,N.A.: rev,,,,,,,,,,,,,,,,,,,,,0,0,0,0,0,1,Afetivo,Neutro,0.0,,,,,,,,,,,,error,True
CR7_2240,CR7,os dois melhores do mundo 🤫,🤫,,,N.A.,N.A.: rev,,,,,,,,,,,,,,,,,,,,,0,0,0,0,0,1,Afetivo,Neutro,0.0,,,,,,,,,,,,error,True
CR7_2245,CR7,😢🫶🏻🥺🙏🏻,🫶🏻 🙏🏻 🥺 😢,,,N.A.,N.A.: rev,,,,,,,,,,,,,,,,,,,,,0,0,0,0,0,1,Afetivo,Neutro,0.0,,,,,,,,,,,,error,True
CR7_2247,CR7,🥹,🥹,,,N.A.,N.A.: rev,,,,,,,,,,,,,,,,,,,,,0,0,0,0,0,1,Afetivo,Neutro,0.0,,,,,,,,,,,,error,True
CR7_2248,CR7,@user,,,,N.A.,N.A.: rev,,,,,,,,,,,,,,,,,,,,,0,0,0,0,0,1,Afetivo,Neutro,0.0,,,,,,,,,,,,error,True
CR7_2250,CR7,He will not escape from the punishment of God Almighty,,,,N.A.,N.A.: rev,,,,,,,,,,,,,,,,,,,,,0,0,0,0,0,1,Afetivo,Neutro,0.0,,,,,,,,,,,,error,True
CR7_2253,CR7,777777777u,,,,N.A.,N.A.: rev,,,,,,,,,,,,,,,,,,,,,0,0,0,0,0,1,Afetivo,Neutro,0.0,,,,,,,,,,,,error,True
CR7_2254,CR7,Alguém em 2024?😢,😢,,,N.A.,N.A.: rev,,,,,,,,,,,,,,,,,,,,,0,0,0,0,0,1,Afetivo,Neutro,0.0,,,,,,,,,,,,error,True
CR7_2257,CR7,The two owners of the two best competitions in football history🐐🐐,🐐,,,N.A.,N.A.: rev,,,,,,,,,,,,,,,,,,,,,0,0,0,0,0,1,Afetivo,Neutro,0.0,,,,,,,,,,,,error,True
CR7_2262,CR7,Pele😢,😢,,,N.A.,N.A.: rev,,,,,,,,,,,,,,,,,,,,,0,0,0,0,0,1,Afetivo,Neutro,0.0,,,,,,,,,,,,error,True
CR7_2263,CR7,Two 🐐,🐐,,,N.A.,N.A.: rev,,,,,,,,,,,,,,,,,,,,,0,0,0,0,0,1,Afetivo,Neutro,0.0,,,,,,,,,,,,error,True
CR7_2264,CR7,Rest in peace 🕊️,🕊️,,,N.A.,N.A.: rev,,,,,,,,,,,,,,,,,,,,,0,0,0,0,0,1,Afetivo,Neutro,0.0,,,,,,,,,,,,error,True
CR7_2267,CR7,بهترین عکس تاریخ🔥🔥,🔥,,,N.A.,N.A.: rev,,,,,,,,,,,,,,,,,,,,,0,0,0,0,0,1,Afetivo,Neutro,0.0,,,,,,,,,,,,error,True
CR7_2270,CR7,dfhn🙌😍,🙌 😍,,,N.A.,N.A.: rev,,,,,,,,,,,,,,,,,,,,,0,0,0,0,0,1,Afetivo,Neutro,0.0,,,,,,,,,,,,error,True
CR7_2271,CR7,2008🥶🥶,🥶,,,N.A.,N.A.: rev,,,,,,,,,,,,,,,,,,,,,0,0,0,0,0,1,Afetivo,Neutro,0.0,,,,,,,,,,,,error,True
CR7_2274,CR7,the stairs,,,,N.A.,N.A.: rev,,,,,,,,,,,,,,,,,,,,,0,0,0,0,0,1,Afetivo,Neutro,0.0,,,,,,,,,,,,error,True
CR7_2277,CR7,😔🇧🇷🇧🇷 pele,🇧🇷 😔,,,N.A.,N.A.: rev,,,,,,,,,,,,,,,,,,,,,0,0,0,0,0,1,Afetivo,Neutro,0.0,,,,,,,,,,,,error,True
CR7_2279,CR7,O Rei 👑 do futebol e o Melhor das últimas décadas 🔥,🔥 👑,,,N.A.,N.A.: rev,,,,,,,,,,,,,,,,,,,,,0,0,0,0,0,1,Afetivo,Neutro,0.0,,,,,,,,,,,,error,True
CR7_2284,CR7,Pele,,,,N.A.,N.A.: rev,,,,,,,,,,,,,,,,,,,,,0,0,0,0,0,1,Afetivo,Neutro,0.0,,,,,,,,,,,,error,True
CR7_2285,CR7,Pele😢,😢,,,N.A.,N.A.: rev,,,,,,,,,,,,,,,,,,,,,0,0,0,0,0,1,Afetivo,Neutro,0.0,,,,,,,,,,,,error,True
CR7_2287,CR7,Siiiuuu,,,,N.A.,N.A.: rev,,,,,,,,,,,,,,,,,,,,,0,0,0,0,0,1,Afetivo,Neutro,0.0,,,,,,,,,,,,error,True
CR7_2290,CR7,😢🖤🖤😔,🖤 😔 😢,,,N.A.,N.A.: rev,,,,,,,,,,,,,,,,,,,,,0,0,0,0,0,1,Afetivo,Neutro,0.0,,,,,,,,,,,,error,True
CR7_2291,CR7,😢Cristiano Ronaldo,😢,,,N.A.,N.A.: rev,,,,,,,,,,,,,,,,,,,,,0,0,0,0,0,1,Afetivo,Neutro,0.0,,,,,,,,,,,,error,True
CR7_2293,CR7,Os dois melhores do mundo,,,,N.A.,N.A.: rev,,,,,,,,,,,,,,,,,,,,,0,0,0,0,0,1,Afetivo,Neutro,0.0,,,,,,,,,,,,error,True
CR7_2294,CR7,Rei 👑 Pelé 🖤😔,🖤 👑 😔,,,N.A.,N.A.: rev,,,,,,,,,,,,,,,,,,,,,0,0,0,0,0,1,Afetivo,Neutro,0.0,,,,,,,,,,,,error,True
CR7_2295,CR7,Duas lendas,,,,N.A.,N.A.: rev,,,,,,,,,,,,,,,,,,,,,0,0,0,0,0,1,Afetivo,Neutro,0.0,,,,,,,,,,,,error,True
CR7_2296,CR7,Lenda com lenda,,,,N.A.,N.A.: rev,,,,,,,,,,,,,,,,,,,,,0,0,0,0,0,1,Afetivo,Neutro,0.0,,,,,,,,,,,,error,True
CR7_2297,CR7,Wow that's co,,,,N.A.,N.A.: rev,,,,,,,,,,,,,,,,,,,,,0,0,0,0,0,1,Afetivo,Neutro,0.0,,,,,,,,,,,,error,True
CR7_2298,CR7,Ol,,,,N.A.,N.A.: rev,,,,,,,,,,,,,,,,,,,,,0,0,0,0,0,1,Afetivo,Neutro,0.0,,,,,,,,,,,,error,True
CR7_2299,CR7,Lenda y lenda,,,,N.A.,N.A.: rev,,,,,,,,,,,,,,,,,,,,,0,0,0,0,0,1,Afetivo,Neutro,0.0,,,,,,,,,,,,error,True
CR7_2300,CR7,Lenda,,,,N.A.,N.A.: rev,,,,,,,,,,,,,,,,,,,,,0,0,0,0,0,1,Afetivo,Neutro,0.0,,,,,,,,,,,,error,True
CR7_2303,CR7,5 ano hj Slc,,,,N.A.,N.A.: rev,,,,,,,,,,,,,,,,,,,,,0,0,0,0,0,1,Afetivo,Neutro,0.0,,,,,,,,,,,,error,True
CR7_2304,CR7,Lendas 🖤,🖤,,,N.A.,N.A.: rev,,,,,,,,,,,,,,,,,,,,,0,0,0,0,0,1,Afetivo,Neutro,0.0,,,,,,,,,,,,error,True
CR7_2305,CR7,2 anos já,,,,N.A.,N.A.: rev,,,,,,,,,,,,,,,,,,,,,0,0,0,0,0,1,Afetivo,Neutro,0.0,,,,,,,,,,,,error,True
CR7_2306,CR7,Eterno rei 🙌,🙌,,,N.A.,N.A.: rev,,,,,,,,,,,,,,,,,,,,,0,0,0,0,0,1,Afetivo,Neutro,0.0,,,,,,,,,,,,error,True
CR7_2311,CR7,Recebendo do rei🔥🔥🔥,🔥,,,N.A.,N.A.: rev,,,,,,,,,,,,,,,,,,,,,0,0,0,0,0,1,Afetivo,Neutro,0.0,,,,,,,,,,,,error,True
CR7_2321,CR7,The love of Cristiano Ronaldo is king,,,,N.A.,N.A.: rev,,,,,,,,,,,,,,,,,,,,,0,0,0,0,0,1,Afetivo,Neutro,0.0,,,,,,,,,,,,error,True
CR7_2322,CR7,دو اسطوره در یک قاب😢😢😢❤️🔥,🔥 ❤️ 😢,,,N.A.,N.A.: rev,,,,,,,,,,,,,,,,,,,,,0,0,0,0,0,1,Afetivo,Neutro,0.0,,,,,,,,,,,,error,True
CR7_2328,CR7,Pele is died 😢,😢,,,N.A.,N.A.: rev,,,,,,,,,,,,,,,,,,,,,0,0,0,0,0,1,Afetivo,Neutro,0.0,,,,,,,,,,,,error,True
CR7_2332,CR7,تقت,,,,N.A.,N.A.: rev,,,,,,,,,,,,,,,,,,,,,0,0,0,0,0,1,Afetivo,Neutro,0.0,,,,,,,,,,,,error,True
CR7_2334,CR7,Suiii❤️🙌,🙌 ❤️,,,N.A.,N.A.: rev,,,,,,,,,,,,,,,,,,,,,0,0,0,0,0,1,Afetivo,Neutro,0.0,,,,,,,,,,,,error,True
CR7_2335,CR7,Foever CR7 THE real GOAT 🐐👑,🐐 👑,,,N.A.,N.A.: rev,,,,,,,,,,,,,,,,,,,,,0,0,0,0,0,1,Afetivo,Neutro,0.0,,,,,,,,,,,,error,True
CR7_2336,CR7,Happy birthday to old cristiano 👏,👏,,,N.A.,N.A.: rev,,,,,,,,,,,,,,,,,,,,,0,0,0,0,0,1,Afetivo,Neutro,0.0,,,,,,,,,,,,error,True
CR7_2337,CR7,Pele🇧🇷😢,🇧🇷 😢,,,N.A.,N.A.: rev,,,,,,,,,,,,,,,,,,,,,0,0,0,0,0,1,Afetivo,Neutro,0.0,,,,,,,,,,,,error,True
CR7_2340,CR7,Cr7 siuuuuuu,,,,N.A.,N.A.: rev,,,,,,,,,,,,,,,,,,,,,0,0,0,0,0,1,Afetivo,Neutro,0.0,,,,,,,,,,,,error,True
CR7_2342,CR7,moti__dahiya_danpura_007,,,,N.A.,N.A.: rev,,,,,,,,,,,,,,,,,,,,,0,0,0,0,0,1,Afetivo,Neutro,0.0,,,,,,,,,,,,error,True
CR7_2347,CR7,GOAT❤️🐐,🐐 ❤️,,,N.A.,N.A.: rev,,,,,,,,,,,,,,,,,,,,,0,0,0,0,0,1,Afetivo,Neutro,0.0,,,,,,,,,,,,error,True
CR7_2348,CR7,"Hello brother, I saw you in my dream, I know you saw me in your dream last night too.",,,,N.A.,N.A.: rev,,,,,,,,,,,,,,,,,,,,,0,0,0,0,0,1,Afetivo,Neutro,0.0,,,,,,,,,,,,error,True
CR7_2349,CR7,بسم الله,,,,N.A.,N.A.: rev,,,,,,,,,,,,,,,,,,,,,0,0,0,0,0,1,Afetivo,Neutro,0.0,,,,,,,,,,,,error,True
CR7_2365,CR7,Dois goats,,,,N.A.,N.A.: rev,,,,,,,,,,,,,,,,,,,,,0,0,0,0,0,1,Afetivo,Neutro,0.0,,,,,,,,,,,,error,True
CR7_2368,CR7,09❤️,❤️,,,N.A.,N.A.: rev,,,,,,,,,,,,,,,,,,,,,0,0,0,0,0,1,Afetivo,Neutro,0.0,,,,,,,,,,,,error,True
CR7_2369,CR7,7,,,,N.A.,N.A.: rev,,,,,,,,,,,,,,,,,,,,,0,0,0,0,0,1,Afetivo,Neutro,0.0,,,,,,,,,,,,error,True
CR7_2385,CR7,Football qirollari,,,,N.A.,N.A.: rev,,,,,,,,,,,,,,,,,,,,,0,0,0,0,0,1,Afetivo,Neutro,0.0,,,,,,,,,,,,error,True
CR7_2386,CR7,"Os meus profundos sentimentos a todo o Brasil, e em particular à família do senhor Edson Arantes do Nascimento. Um mero “adeus” ao eterno Rei Pelé nunca será suficiente para expressar a dor que abraça neste momento todo o mundo do futebol. Uma inspiração para tantos milhões, uma referência do ontem, de hoje, de sempre. O carinho que sempre demonstrou por mim foi recíproco em todos os momentos que partilhámos, mesmo à distância. Jamais será esquecido e a sua memória perdurará para sempre em cada um de nós, amantes de futebol. Descansa em paz, Rei Pelé. 🙏🏽⚽️🇧🇷",🇧🇷 🙏🏽 ⚽,,,N.A.,N.A.: rev,,,,,,,,,,,,,,,,,,,,,0,0,0,0,0,1,Afetivo,Neutro,0.0,,,,,,,,,,,,error,True
CR7_2387,CR7,❤️❤️❤️❤️🔥🔥 Ronaldo I love you,🔥 ❤️,,,N.A.,N.A.: rev,,,,,,,,,,,,,,,,,,,,,0,0,0,0,0,1,Afetivo,Neutro,0.0,,,,,,,,,,,,error,True
CR7_2389,CR7,👑 ❤️,❤️ 👑,,,N.A.,N.A.: rev,,,,,,,,,,,,,,,,,,,,,0,0,0,0,0,1,Afetivo,Neutro,0.0,,,,,,,,,,,,error,True
CR7_2390,CR7,Pele Ronaldo 🔥,🔥,,,N.A.,N.A.: rev,,,,,,,,,,,,,,,,,,,,,0,0,0,0,0,1,Afetivo,Neutro,0.0,,,,,,,,,,,,error,True
CR7_2392,CR7,😮😮😮😮😮😮😮😮,😮,,,N.A.,N.A.: rev,,,,,,,,,,,,,,,,,,,,,0,0,0,0,0,1,Afetivo,Neutro,0.0,,,,,,,,,,,,error,True
CR7_2400,CR7,this happened 18 years ago gng leave it,,,,N.A.,N.A.: rev,,,,,,,,,,,,,,,,,,,,,0,0,0,0,0,1,Afetivo,Neutro,0.0,,,,,,,,,,,,error,True
CR7_2403,CR7,Felicidades a los fans de penaldo por la copa testamento jajajaja,,,,N.A.,N.A.: rev,,,,,,,,,,,,,,,,,,,,,0,0,0,0,0,1,Afetivo,Neutro,0.0,,,,,,,,,,,,error,True
CR7_2404,CR7,Pele is G.O.A.T 🔥❤️,🔥 ❤️,,,N.A.,N.A.: rev,,,,,,,,,,,,,,,,,,,,,0,0,0,0,0,1,Afetivo,Neutro,0.0,,,,,,,,,,,,error,True
CR7_2432,CR7,🔥🙌🐐,🐐 🙌 🔥,,,N.A.,N.A.: rev,,,,,,,,,,,,,,,,,,,,,0,0,0,0,0,1,Afetivo,Neutro,0.0,,,,,,,,,,,,error,True
CR7_2433,CR7,Two goats,,,,N.A.,N.A.: rev,,,,,,,,,,,,,,,,,,,,,0,0,0,0,0,1,Afetivo,Neutro,0.0,,,,,,,,,,,,error,True
CR7_2442,CR7,Goat,,,,N.A.,N.A.: rev,,,,,,,,,,,,,,,,,,,,,0,0,0,0,0,1,Afetivo,Neutro,0.0,,,,,,,,,,,,error,True
CR7_2446,CR7,🇮🇷,🇮🇷,,,N.A.,N.A.: rev,,,,,,,,,,,,,,,,,,,,,0,0,0,0,0,1,Afetivo,Neutro,0.0,,,,,,,,,,,,error,True
CR7_2447,CR7,The Two gotas,,,,N.A.,N.A.: rev,,,,,,,,,,,,,,,,,,,,,0,0,0,0,0,1,Afetivo,Neutro,0.0,,,,,,,,,,,,error,True
CR7_2449,CR7,Dois reis 👏👏,👏,,,N.A.,N.A.: rev,,,,,,,,,,,,,,,,,,,,,0,0,0,0,0,1,Afetivo,Neutro,0.0,,,,,,,,,,,,error,True
CR7_2450,CR7,Cr77777,,,,N.A.,N.A.: rev,,,,,,,,,,,,,,,,,,,,,0,0,0,0,0,1,Afetivo,Neutro,0.0,,,,,,,,,,,,error,True
CR7_2451,CR7,🇮🇷🇮🇷🇮🇷🇮🇷,🇮🇷,,,N.A.,N.A.: rev,,,,,,,,,,,,,,,,,,,,,0,0,0,0,0,1,Afetivo,Neutro,0.0,,,,,,,,,,,,error,True
CR7_2453,CR7,Os melhores do mundo,,,,N.A.,N.A.: rev,,,,,,,,,,,,,,,,,,,,,0,0,0,0,0,1,Afetivo,Neutro,0.0,,,,,,,,,,,,error,True
CR7_2458,CR7,G O A T,,,,N.A.,N.A.: rev,,,,,,,,,,,,,,,,,,,,,0,0,0,0,0,1,Afetivo,Neutro,0.0,,,,,,,,,,,,error,True
CR7_2459,CR7,👑7️⃣🔟,7️⃣ 🔟 👑,,,N.A.,N.A.: rev,,,,,,,,,,,,,,,,,,,,,0,0,0,0,0,1,Afetivo,Neutro,0.0,,,,,,,,,,,,error,True
CR7_2461,CR7,"Rip, Pelé ❤️",❤️,,,N.A.,N.A.: rev,,,,,,,,,,,,,,,,,,,,,0,0,0,0,0,1,Afetivo,Neutro,0.0,,,,,,,,,,,,error,True
CR7_2462,CR7,PELE_10 AND RONALDO_7 FRIENDS,,,,N.A.,N.A.: rev,,,,,,,,,,,,,,,,,,,,,0,0,0,0,0,1,Afetivo,Neutro,0.0,,,,,,,,,,,,error,True
CR7_2463,CR7,RONALDO and PELE ❤️,❤️,,,N.A.,N.A.: rev,,,,,,,,,,,,,,,,,,,,,0,0,0,0,0,1,Afetivo,Neutro,0.0,,,,,,,,,,,,error,True
CR7_2465,CR7,EU TE AMO😢😢👏👏😍😍,😍 👏 😢,,,N.A.,N.A.: rev,,,,,,,,,,,,,,,,,,,,,0,0,0,0,0,1,Afetivo,Neutro,0.0,,,,,,,,,,,,error,True
CR7_2469,CR7,Só o brasileiro não dá valor ao nosso Rei.,,,,N.A.,N.A.: rev,,,,,,,,,,,,,,,,,,,,,0,0,0,0,0,1,Afetivo,Neutro,0.0,,,,,,,,,,,,error,True
CR7_2473,CR7,Acho q rolei demais...,,,,N.A.,N.A.: rev,,,,,,,,,,,,,,,,,,,,,0,0,0,0,0,1,Afetivo,Neutro,0.0,,,,,,,,,,,,error,True
CR7_2476,CR7,👑,👑,,,N.A.,N.A.: rev,,,,,,,,,,,,,,,,,,,,,0,0,0,0,0,1,Afetivo,Neutro,0.0,,,,,,,,,,,,error,True
CR7_2482,CR7,Juju,,,,N.A.,N.A.: rev,,,,,,,,,,,,,,,,,,,,,0,0,0,0,0,1,Afetivo,Neutro,0.0,,,,,,,,,,,,error,True
CR7_2486,CR7,Back when they mistaken him for the 🐐,🐐,,,N.A.,N.A.: rev,,,,,,,,,,,,,,,,,,,,,0,0,0,0,0,1,Afetivo,Neutro,0.0,,,,,,,,,,,,error,True
CR7_2503,CR7,"🤡 "" i have the video of my goals he haven't"" 🤡",🤡,,,N.A.,N.A.: rev,,,,,,,,,,,,,,,,,,,,,0,0,0,0,0,1,Afetivo,Neutro,0.0,,,,,,,,,,,,error,True
CR7_2505,CR7,Helo Ripley me 😢😢,😢,,,N.A.,N.A.: rev,,,,,,,,,,,,,,,,,,,,,0,0,0,0,0,1,Afetivo,Neutro,0.0,,,,,,,,,,,,error,True
CR7_2506,CR7,Helo my king 👑,👑,,,N.A.,N.A.: rev,,,,,,,,,,,,,,,,,,,,,0,0,0,0,0,1,Afetivo,Neutro,0.0,,,,,,,,,,,,error,True
CR7_2510,CR7,💔,💔,,,N.A.,N.A.: rev,,,,,,,,,,,,,,,,,,,,,0,0,0,0,0,1,Afetivo,Neutro,0.0,,,,,,,,,,,,error,True
CR7_2512,CR7,🐐👑🤍,🐐 🤍 👑,,,N.A.,N.A.: rev,,,,,,,,,,,,,,,,,,,,,0,0,0,0,0,1,Afetivo,Neutro,0.0,,,,,,,,,,,,error,True
CR7_2513,CR7,🐐👑🤍,🐐 🤍 👑,,,N.A.,N.A.: rev,,,,,,,,,,,,,,,,,,,,,0,0,0,0,0,1,Afetivo,Neutro,0.0,,,,,,,,,,,,error,True
CR7_2516,CR7,🖤🖤,🖤,,,N.A.,N.A.: rev,,,,,,,,,,,,,,,,,,,,,0,0,0,0,0,1,Afetivo,Neutro,0.0,,,,,,,,,,,,error,True
CR7_2519,CR7,🥹🫀,🫀 🥹,,,N.A.,N.A.: rev,,,,,,,,,,,,,,,,,,,,,0,0,0,0,0,1,Afetivo,Neutro,0.0,,,,,,,,,,,,error,True
CR7_2522,CR7,عشقا❤️🔥,🔥 ❤️,,,N.A.,N.A.: rev,,,,,,,,,,,,,,,,,,,,,0,0,0,0,0,1,Afetivo,Neutro,0.0,,,,,,,,,,,,error,True
CR7_2523,CR7,Pepe,,,,N.A.,N.A.: rev,,,,,,,,,,,,,,,,,,,,,0,0,0,0,0,1,Afetivo,Neutro,0.0,,,,,,,,,,,,error,True
CR7_2524,CR7,Pepe,,,,N.A.,N.A.: rev,,,,,,,,,,,,,,,,,,,,,0,0,0,0,0,1,Afetivo,Neutro,0.0,,,,,,,,,,,,error,True
CR7_2525,CR7,Ronaldo🔥,🔥,,,N.A.,N.A.: rev,,,,,,,,,,,,,,,,,,,,,0,0,0,0,0,1,Afetivo,Neutro,0.0,,,,,,,,,,,,error,True
CR7_2533,CR7,شووف ياوصخ @user,,,,N.A.,N.A.: rev,,,,,,,,,,,,,,,,,,,,,0,0,0,0,0,1,Afetivo,Neutro,0.0,,,,,,,,,,,,error,True
CR7_2535,CR7,Roi pelé 🕊️🤍,🤍 🕊️,,,N.A.,N.A.: rev,,,,,,,,,,,,,,,,,,,,,0,0,0,0,0,1,Afetivo,Neutro,0.0,,,,,,,,,,,,error,True
CR7_2543,CR7,🐐🐐⚽,🐐 ⚽,,,N.A.,N.A.: rev,,,,,,,,,,,,,,,,,,,,,0,0,0,0,0,1,Afetivo,Neutro,0.0,,,,,,,,,,,,error,True
CR7_2544,CR7,nunca será esquecido 👏😢,👏 😢,,,N.A.,N.A.: rev,,,,,,,,,,,,,,,,,,,,,0,0,0,0,0,1,Afetivo,Neutro,0.0,,,,,,,,,,,,error,True
CR7_2545,CR7,"The start and the end of football, is the picture 📸, just simply",📸,,,N.A.,N.A.: rev,,,,,,,,,,,,,,,,,,,,,0,0,0,0,0,1,Afetivo,Neutro,0.0,,,,,,,,,,,,error,True
CR7_2546,CR7,Goattt,,,,N.A.,N.A.: rev,,,,,,,,,,,,,,,,,,,,,0,0,0,0,0,1,Afetivo,Neutro,0.0,,,,,,,,,,,,error,True
CR7_2547,CR7,3 years Ago 💔🕊️,💔 🕊️,,,N.A.,N.A.: rev,,,,,,,,,,,,,,,,,,,,,0,0,0,0,0,1,Afetivo,Neutro,0.0,,,,,,,,,,,,error,True
CR7_2548,CR7,GLORIA ETERNA AL REY PELE QUE SU ALMA ILUMINE AL FUTBOL EN TODO EL MUNDO AMEN,,,,N.A.,N.A.: rev,,,,,,,,,,,,,,,,,,,,,0,0,0,0,0,1,Afetivo,Neutro,0.0,,,,,,,,,,,,error,True
CR7_2549,CR7,He,,,,N.A.,N.A.: rev,,,,,,,,,,,,,,,,,,,,,0,0,0,0,0,1,Afetivo,Neutro,0.0,,,,,,,,,,,,error,True
CR7_2552,CR7,1 goat and 1 king,,,,N.A.,N.A.: rev,,,,,,,,,,,,,,,,,,,,,0,0,0,0,0,1,Afetivo,Neutro,0.0,,,,,,,,,,,,error,True
CR7_2553,CR7,Siu,,,,N.A.,N.A.: rev,,,,,,,,,,,,,,,,,,,,,0,0,0,0,0,1,Afetivo,Neutro,0.0,,,,,,,,,,,,error,True
CR7_2554,CR7,Amém eu creio 🙏 SIUUUUU,🙏,,,N.A.,N.A.: rev,,,,,,,,,,,,,,,,,,,,,0,0,0,0,0,1,Afetivo,Neutro,0.0,,,,,,,,,,,,error,True
CR7_2555,CR7,🐐🐐🔥,🐐 🔥,,,N.A.,N.A.: rev,,,,,,,,,,,,,,,,,,,,,0,0,0,0,0,1,Afetivo,Neutro,0.0,,,,,,,,,,,,error,True
CR7_2556,CR7,@user,,,,N.A.,N.A.: rev,,,,,,,,,,,,,,,,,,,,,0,0,0,0,0,1,Afetivo,Neutro,0.0,,,,,,,,,,,,error,True
CR7_2557,CR7,@user,,,,N.A.,N.A.: rev,,,,,,,,,,,,,,,,,,,,,0,0,0,0,0,1,Afetivo,Neutro,0.0,,,,,,,,,,,,error,True
CR7_2558,CR7,@user,,,,N.A.,N.A.: rev,,,,,,,,,,,,,,,,,,,,,0,0,0,0,0,1,Afetivo,Neutro,0.0,,,,,,,,,,,,error,True
CR7_2559,CR7,@user,,,,N.A.,N.A.: rev,,,,,,,,,,,,,,,,,,,,,0,0,0,0,0,1,Afetivo,Neutro,0.0,,,,,,,,,,,,error,True
CR7_2560,CR7,@user,,,,N.A.,N.A.: rev,,,,,,,,,,,,,,,,,,,,,0,0,0,0,0,1,Afetivo,Neutro,0.0,,,,,,,,,,,,error,True
CR7_2561,CR7,@user,,,,N.A.,N.A.: rev,,,,,,,,,,,,,,,,,,,,,0,0,0,0,0,1,Afetivo,Neutro,0.0,,,,,,,,,,,,error,True
CR7_2562,CR7,@user,,,,N.A.,N.A.: rev,,,,,,,,,,,,,,,,,,,,,0,0,0,0,0,1,Afetivo,Neutro,0.0,,,,,,,,,,,,error,True
CR7_2563,CR7,Verdade ele sempre estara em nossas memórias ❤️🙌,🙌 ❤️,,,N.A.,N.A.: rev,,,,,,,,,,,,,,,,,,,,,0,0,0,0,0,1,Afetivo,Neutro,0.0,,,,,,,,,,,,error,True
CR7_2564,CR7,2026 Ronaldo the best,,,,N.A.,N.A.: rev,,,,,,,,,,,,,,,,,,,,,0,0,0,0,0,1,Afetivo,Neutro,0.0,,,,,,,,,,,,error,True
CR7_2565,CR7,ارقد بسلام,,,,N.A.,N.A.: rev,,,,,,,,,,,,,,,,,,,,,0,0,0,0,0,1,Afetivo,Neutro,0.0,,,,,,,,,,,,error,True
CR7_2567,CR7,love you🐐👑,🐐 👑,,,N.A.,N.A.: rev,,,,,,,,,,,,,,,,,,,,,0,0,0,0,0,1,Afetivo,Neutro,0.0,,,,,,,,,,,,error,True
CR7_2568,CR7,Foi um dos melhores e vc já está chegando lá papai cris,,,,N.A.,N.A.: rev,,,,,,,,,,,,,,,,,,,,,0,0,0,0,0,1,Afetivo,Neutro,0.0,,,,,,,,,,,,error,True
FERNANDA_TORRES_0001,Fernanda_Torres,Goooooo @user Champion @user 🏆🏆🏆🏆,🏆,,,N.A.,N.A.: rev,,,,,,,,,,,,,,,,,,,,,0,0,0,0,0,1,Afetivo,Neutro,0.0,,,,,,,,,,,,error,True
FERNANDA_TORRES_0002,Fernanda_Torres,@user nossa Diva !! ❤️,❤️,,,N.A.,N.A.: rev,,,,,,,,,,,,,,,,,,,,,0,0,0,0,0,1,Afetivo,Neutro,0.0,,,,,,,,,,,,error,True
FERNANDA_TORRES_0003,Fernanda_Torres,Perfeita!!!!,,,,N.A.,N.A.: rev,,,,,,,,,,,,,,,,,,,,,0,0,0,0,0,1,Afetivo,Neutro,0.0,,,,,,,,,,,,error,True
FERNANDA_TORRES_0004,Fernanda_Torres,🇧🇷🇧🇷🇧🇷 🏆🏆🏆🏆🏆 Fernanda,🇧🇷 🏆,,,N.A.,N.A.: rev,,,,,,,,,,,,,,,,,,,,,0,0,0,0,0,1,Afetivo,Neutro,0.0,,,,,,,,,,,,error,True
FERNANDA_TORRES_0005,Fernanda_Torres,A melhor,,,,N.A.,N.A.: rev,,,,,,,,,,,,,,,,,,,,,0,0,0,0,0,1,Afetivo,Neutro,0.0,,,,,,,,,,,,error,True
FERNANDA_TORRES_0006,Fernanda_Torres,"Hilária em ""Os Normais""",,,,N.A.,N.A.: rev,,,,,,,,,,,,,,,,,,,,,0,0,0,0,0,1,Afetivo,Neutro,0.0,,,,,,,,,,,,error,True
FERNANDA_TORRES_0007,Fernanda_Torres,The best!,,,,N.A.,N.A.: rev,,,,,,,,,,,,,,,,,,,,,0,0,0,0,0,1,Afetivo,Neutro,0.0,,,,,,,,,,,,error,True
FERNANDA_TORRES_0009,Fernanda_Torres,Beautiful & stunning @user 🇧🇷🏆❤️🫶🏻,🫶🏻 🇧🇷 🏆 ❤️,,,N.A.,N.A.: rev,,,,,,,,,,,,,,,,,,,,,0,0,0,0,0,1,Afetivo,Neutro,0.0,,,,,,,,,,,,error,True
FERNANDA_TORRES_0012,Fernanda_Torres,Winner!!!,,,,N.A.,N.A.: rev,,,,,,,,,,,,,,,,,,,,,0,0,0,0,0,1,Afetivo,Neutro,0.0,,,,,,,,,,,,error,True
FERNANDA_TORRES_0014,Fernanda_Torres,A melhor ❤️❤️❤️🇧🇷🇧🇷🇧🇷,🇧🇷 ❤️,,,N.A.,N.A.: rev,,,,,,,,,,,,,,,,,,,,,0,0,0,0,0,1,Afetivo,Neutro,0.0,,,,,,,,,,,,error,True
FERNANDA_TORRES_0016,Fernanda_Torres,É ela ❤️🇧🇷,🇧🇷 ❤️,,,N.A.,N.A.: rev,,,,,,,,,,,,,,,,,,,,,0,0,0,0,0,1,Afetivo,Neutro,0.0,,,,,,,,,,,,error,True
FERNANDA_TORRES_0017,Fernanda_Torres,👏🏼👏🏼👏🏼,👏🏼,,,N.A.,N.A.: rev,,,,,,,,,,,,,,,,,,,,,0,0,0,0,0,1,Afetivo,Neutro,0.0,,,,,,,,,,,,error,True
FERNANDA_TORRES_0019,Fernanda_Torres,We love you!,,,,N.A.,N.A.: rev,,,,,,,,,,,,,,,,,,,,,0,0,0,0,0,1,Afetivo,Neutro,0.0,,,,,,,,,,,,error,True
FERNANDA_TORRES_0021,Fernanda_Torres,A performance dela nesse filme foi surreal. Atuação de milhões. Poucas conseguiriam dar tanta força a essa personagem como Fernanda. Perfeita. 🇧🇷🇧🇷🇧🇷🇧🇷🇧🇷🇧🇷🇧🇷🇧🇷🇧🇷🇧🇷🇧🇷🇧🇷🇧🇷🇧🇷🇧🇷🇧🇷🇧🇷,🇧🇷,,,N.A.,N.A.: rev,,,,,,,,,,,,,,,,,,,,,0,0,0,0,0,1,Afetivo,Neutro,0.0,,,,,,,,,,,,error,True
FERNANDA_TORRES_0024,Fernanda_Torres,"@user FERNANDA TORRES, Segunda de seu nome, nascida da coxia, A Pikachu. À Milanesa. Totalmente Indicada, Mãe do Globo de Ouro, Quebradora das Correntes, Khaleesi dos Brasileiros. @user",,,,N.A.,N.A.: rev,,,,,,,,,,,,,,,,,,,,,0,0,0,0,0,1,Afetivo,Neutro,0.0,,,,,,,,,,,,error,True
FERNANDA_TORRES_0026,Fernanda_Torres,E o Oscar vem aí 😍🏆,😍 🏆,,,N.A.,N.A.: rev,,,,,,,,,,,,,,,,,,,,,0,0,0,0,0,1,Afetivo,Neutro,0.0,,,,,,,,,,,,error,True
FERNANDA_TORRES_0028,Fernanda_Torres,"Só vem 🏆, quero pular neste carnaval como se não houvesse amanhã pra te comemorar, ao som da melhor trilha sonora do mundo…quero estar bonita com alguma fantasia barata, purpurinada, sorrindo e mostrando que apesar das mazelas do passado, nós resistimos e ainda estamos aqui!!! @user e depois desse feito, queremos correr atrás do trio com vc, TO-TAL-MEN-TE PREMIADA!!!!🇧🇷🏆😍❤️🎊🎉",😍 🇧🇷 🎉 🏆 ❤️ 🎊,,,N.A.,N.A.: rev,,,,,,,,,,,,,,,,,,,,,0,0,0,0,0,1,Afetivo,Neutro,0.0,,,,,,,,,,,,error,True
FERNANDA_TORRES_0030,Fernanda_Torres,chama que é elaaaaaaaaa a dona 🏆,🏆,,,N.A.,N.A.: rev,,,,,,,,,,,,,,,,,,,,,0,0,0,0,0,1,Afetivo,Neutro,0.0,,,,,,,,,,,,error,True
FERNANDA_TORRES_0033,Fernanda_Torres,"Maravilhosa!!! Exatamente como disseram, o mundo só está descobrindo o que o Brasil inteiro já sabe!!! ❤🏆🇧🇷👏🏻👏🏻👏🏻👏🏻",🇧🇷 🏆 ❤ 👏🏻,,,N.A.,N.A.: rev,,,,,,,,,,,,,,,,,,,,,0,0,0,0,0,1,Afetivo,Neutro,0.0,,,,,,,,,,,,error,True
FERNANDA_TORRES_0036,Fernanda_Torres,DIVA,,,,N.A.,N.A.: rev,,,,,,,,,,,,,,,,,,,,,0,0,0,0,0,1,Afetivo,Neutro,0.0,,,,,,,,,,,,error,True
FERNANDA_TORRES_0037,Fernanda_Torres,Ela é realmente a melhor 🇧🇷🇧🇷🇧🇷🇧🇷🇧🇷🇧🇷🇧🇷🇧🇷❤️❤️❤️❤️,🇧🇷 ❤️,,,N.A.,N.A.: rev,,,,,,,,,,,,,,,,,,,,,0,0,0,0,0,1,Afetivo,Neutro,0.0,,,,,,,,,,,,error,True
FERNANDA_TORRES_0039,Fernanda_Torres,DIVA🇧🇷❤️🏆 Gigante como o seu povo brasileiro ✨,🇧🇷 🏆 ❤️ ✨,,,N.A.,N.A.: rev,,,,,,,,,,,,,,,,,,,,,0,0,0,0,0,1,Afetivo,Neutro,0.0,,,,,,,,,,,,error,True
FERNANDA_TORRES_0040,Fernanda_Torres,🇧🇷🏆🇧🇷FERNANDA TORRES🇧🇷🏆🇧🇷 ✨,🇧🇷 🏆 ✨,,,N.A.,N.A.: rev,,,,,,,,,,,,,,,,,,,,,0,0,0,0,0,1,Afetivo,Neutro,0.0,,,,,,,,,,,,error,True
FERNANDA_TORRES_0042,Fernanda_Torres,🇧🇷 Fernanda lindaaaaa ✨✨✨,🇧🇷 ✨,,,N.A.,N.A.: rev,,,,,,,,,,,,,,,,,,,,,0,0,0,0,0,1,Afetivo,Neutro,0.0,,,,,,,,,,,,error,True
FERNANDA_TORRES_0044,Fernanda_Torres,FERNANDA TORRES 🇧🇷❤️,🇧🇷 ❤️,,,N.A.,N.A.: rev,,,,,,,,,,,,,,,,,,,,,0,0,0,0,0,1,Afetivo,Neutro,0.0,,,,,,,,,,,,error,True
FERNANDA_TORRES_0045,Fernanda_Torres,Isso aqui é o Brasil!!!! 🇧🇷 👏,🇧🇷 👏,,,N.A.,N.A.: rev,,,,,,,,,,,,,,,,,,,,,0,0,0,0,0,1,Afetivo,Neutro,0.0,,,,,,,,,,,,error,True
FERNANDA_TORRES_0047,Fernanda_Torres,Merece muuuito 👏🏻👏🏻🇧🇷,🇧🇷 👏🏻,,,N.A.,N.A.: rev,,,,,,,,,,,,,,,,,,,,,0,0,0,0,0,1,Afetivo,Neutro,0.0,,,,,,,,,,,,error,True
FERNANDA_TORRES_0049,Fernanda_Torres,Rainha 😍🏆✨,😍 🏆 ✨,,,N.A.,N.A.: rev,,,,,,,,,,,,,,,,,,,,,0,0,0,0,0,1,Afetivo,Neutro,0.0,,,,,,,,,,,,error,True
FERNANDA_TORRES_0051,Fernanda_Torres,"Brasileiros, já chamaram Fernandinha de Diva hoje? Diva!!!!✨🏆🇧🇷❤️",🇧🇷 🏆 ❤️ ✨,,,N.A.,N.A.: rev,,,,,,,,,,,,,,,,,,,,,0,0,0,0,0,1,Afetivo,Neutro,0.0,,,,,,,,,,,,error,True
FERNANDA_TORRES_0052,Fernanda_Torres,Ganhou já 🏆,🏆,,,N.A.,N.A.: rev,,,,,,,,,,,,,,,,,,,,,0,0,0,0,0,1,Afetivo,Neutro,0.0,,,,,,,,,,,,error,True
FERNANDA_TORRES_0053,Fernanda_Torres,Maravilhosa! 😍🇧🇷,😍 🇧🇷,,,N.A.,N.A.: rev,,,,,,,,,,,,,,,,,,,,,0,0,0,0,0,1,Afetivo,Neutro,0.0,,,,,,,,,,,,error,True
FERNANDA_TORRES_0054,Fernanda_Torres,The best,,,,N.A.,N.A.: rev,,,,,,,,,,,,,,,,,,,,,0,0,0,0,0,1,Afetivo,Neutro,0.0,,,,,,,,,,,,error,True
FERNANDA_TORRES_0056,Fernanda_Torres,Haters gonna hate,,,,N.A.,N.A.: rev,,,,,,,,,,,,,,,,,,,,,0,0,0,0,0,1,Afetivo,Neutro,0.0,,,,,,,,,,,,error,True
FERNANDA_TORRES_0057,Fernanda_Torres,"Já ganhou 🇧🇷 Se não ganhar, é roubo 🏆🏆",🇧🇷 🏆,,,N.A.,N.A.: rev,,,,,,,,,,,,,,,,,,,,,0,0,0,0,0,1,Afetivo,Neutro,0.0,,,,,,,,,,,,error,True
FERNANDA_TORRES_0058,Fernanda_Torres,A maiooooorrrr 🏆,🏆,,,N.A.,N.A.: rev,,,,,,,,,,,,,,,,,,,,,0,0,0,0,0,1,Afetivo,Neutro,0.0,,,,,,,,,,,,error,True
FERNANDA_TORRES_0059,Fernanda_Torres,Letsss gooo,,,,N.A.,N.A.: rev,,,,,,,,,,,,,,,,,,,,,0,0,0,0,0,1,Afetivo,Neutro,0.0,,,,,,,,,,,,error,True
FERNANDA_TORRES_0061,Fernanda_Torres,Maravilhosa,,,,N.A.,N.A.: rev,,,,,,,,,,,,,,,,,,,,,0,0,0,0,0,1,Afetivo,Neutro,0.0,,,,,,,,,,,,error,True
FERNANDA_TORRES_0062,Fernanda_Torres,Winner ❤️🏆,🏆 ❤️,,,N.A.,N.A.: rev,,,,,,,,,,,,,,,,,,,,,0,0,0,0,0,1,Afetivo,Neutro,0.0,,,,,,,,,,,,error,True
FERNANDA_TORRES_0063,Fernanda_Torres,Coming right back at yah! ❤️🇧🇷,🇧🇷 ❤️,,,N.A.,N.A.: rev,,,,,,,,,,,,,,,,,,,,,0,0,0,0,0,1,Afetivo,Neutro,0.0,,,,,,,,,,,,error,True
FERNANDA_TORRES_0064,Fernanda_Torres,The biggest 🇧🇷,🇧🇷,,,N.A.,N.A.: rev,,,,,,,,,,,,,,,,,,,,,0,0,0,0,0,1,Afetivo,Neutro,0.0,,,,,,,,,,,,error,True
FERNANDA_TORRES_0079,Fernanda_Torres,É nosso🏆🇧🇷🇧🇷✨,🇧🇷 🏆 ✨,,,N.A.,N.A.: rev,,,,,,,,,,,,,,,,,,,,,0,0,0,0,0,1,Afetivo,Neutro,0.0,,,,,,,,,,,,error,True
FERNANDA_TORRES_0080,Fernanda_Torres,Vai Brasil!,,,,N.A.,N.A.: rev,,,,,,,,,,,,,,,,,,,,,0,0,0,0,0,1,Afetivo,Neutro,0.0,,,,,,,,,,,,error,True
FERNANDA_TORRES_1823,Fernanda_Torres,#imstillhere,,,,N.A.,N.A.: rev,,,,,,,,,,,,,,,,,,,,,0,0,0,0,0,1,Afetivo,Neutro,0.0,,,,,,,,,,,,error,True
FERNANDA_TORRES_1824,Fernanda_Torres,Icônica 🏆✨,🏆 ✨,,,N.A.,N.A.: rev,,,,,,,,,,,,,,,,,,,,,0,0,0,0,0,1,Afetivo,Neutro,0.0,,,,,,,,,,,,error,True
FERNANDA_TORRES_1829,Fernanda_Torres,Maravilhosaaaaaaa,,,,N.A.,N.A.: rev,,,,,,,,,,,,,,,,,,,,,0,0,0,0,0,1,Afetivo,Neutro,0.0,,,,,,,,,,,,error,True
FERNANDA_TORRES_1830,Fernanda_Torres,É Latina!!!!! É do Brasil 🇧🇷✨,🇧🇷 ✨,,,N.A.,N.A.: rev,,,,,,,,,,,,,,,,,,,,,0,0,0,0,0,1,Afetivo,Neutro,0.0,,,,,,,,,,,,error,True
FERNANDA_TORRES_1831,Fernanda_Torres,The best 😍🇧🇷✨✨✨🍀🏆,😍 ✨ 🇧🇷 🏆 🍀,,,N.A.,N.A.: rev,,,,,,,,,,,,,,,,,,,,,0,0,0,0,0,1,Afetivo,Neutro,0.0,,,,,,,,,,,,error,True
FERNANDA_TORRES_1833,Fernanda_Torres,A brilliant actress 👏🏽👏🏽👏🏽👏🏽👏🏽,👏🏽,,,N.A.,N.A.: rev,,,,,,,,,,,,,,,,,,,,,0,0,0,0,0,1,Afetivo,Neutro,0.0,,,,,,,,,,,,error,True
FERNANDA_TORRES_1835,Fernanda_Torres,A melhor,,,,N.A.,N.A.: rev,,,,,,,,,,,,,,,,,,,,,0,0,0,0,0,1,Afetivo,Neutro,0.0,,,,,,,,,,,,error,True
FERNANDA_TORRES_1836,Fernanda_Torres,A maior,,,,N.A.,N.A.: rev,,,,,,,,,,,,,,,,,,,,,0,0,0,0,0,1,Afetivo,Neutro,0.0,,,,,,,,,,,,error,True
FERNANDA_TORRES_1839,Fernanda_Torres,Fernandinha rainha dos nossos corações. ❤️😍,😍 ❤️,,,N.A.,N.A.: rev,,,,,,,,,,,,,,,,,,,,,0,0,0,0,0,1,Afetivo,Neutro,0.0,,,,,,,,,,,,error,True
FERNANDA_TORRES_1840,Fernanda_Torres,Vai 🏆🏆🏆🏆,🏆,,,N.A.,N.A.: rev,,,,,,,,,,,,,,,,,,,,,0,0,0,0,0,1,Afetivo,Neutro,0.0,,,,,,,,,,,,error,True
FERNANDA_TORRES_1843,Fernanda_Torres,Fernanda 🏆,🏆,,,N.A.,N.A.: rev,,,,,,,,,,,,,,,,,,,,,0,0,0,0,0,1,Afetivo,Neutro,0.0,,,,,,,,,,,,error,True
FERNANDA_TORRES_1845,Fernanda_Torres,A vencedora 😍😍😍😍😍😍😍😍😍😍😍😍😍😍😍😍😍😍😍,😍,,,N.A.,N.A.: rev,,,,,,,,,,,,,,,,,,,,,0,0,0,0,0,1,Afetivo,Neutro,0.0,,,,,,,,,,,,error,True
FERNANDA_TORRES_1846,Fernanda_Torres,Fernanda Torres🏆🇧🇷,🇧🇷 🏆,,,N.A.,N.A.: rev,,,,,,,,,,,,,,,,,,,,,0,0,0,0,0,1,Afetivo,Neutro,0.0,,,,,,,,,,,,error,True
FERNANDA_TORRES_1847,Fernanda_Torres,Fernanda Torres I'm Still Here,,,,N.A.,N.A.: rev,,,,,,,,,,,,,,,,,,,,,0,0,0,0,0,1,Afetivo,Neutro,0.0,,,,,,,,,,,,error,True
FERNANDA_TORRES_1848,Fernanda_Torres,Mais um dia exaltando a nossa maravilhosa @user ✨🏆🇧🇷❤️,🇧🇷 🏆 ❤️ ✨,,,N.A.,N.A.: rev,,,,,,,,,,,,,,,,,,,,,0,0,0,0,0,1,Afetivo,Neutro,0.0,,,,,,,,,,,,error,True
FERNANDA_TORRES_1850,Fernanda_Torres,Maravilhosa 👏🏆✨,🏆 👏 ✨,,,N.A.,N.A.: rev,,,,,,,,,,,,,,,,,,,,,0,0,0,0,0,1,Afetivo,Neutro,0.0,,,,,,,,,,,,error,True
FERNANDA_TORRES_1852,Fernanda_Torres,👏🏾👏🏾👏🏾👏🏾👏🏾,👏🏾,,,N.A.,N.A.: rev,,,,,,,,,,,,,,,,,,,,,0,0,0,0,0,1,Afetivo,Neutro,0.0,,,,,,,,,,,,error,True
FERNANDA_TORRES_1853,Fernanda_Torres,Pra cima deles Brasil! 🇧🇷,🇧🇷,,,N.A.,N.A.: rev,,,,,,,,,,,,,,,,,,,,,0,0,0,0,0,1,Afetivo,Neutro,0.0,,,,,,,,,,,,error,True
FERNANDA_TORRES_1854,Fernanda_Torres,Winner 🇧🇷❤️🏆✨,🇧🇷 🏆 ❤️ ✨,,,N.A.,N.A.: rev,,,,,,,,,,,,,,,,,,,,,0,0,0,0,0,1,Afetivo,Neutro,0.0,,,,,,,,,,,,error,True
FERNANDA_TORRES_1855,Fernanda_Torres,❤❤❤❤,❤,,,N.A.,N.A.: rev,,,,,,,,,,,,,,,,,,,,,0,0,0,0,0,1,Afetivo,Neutro,0.0,,,,,,,,,,,,error,True
FERNANDA_TORRES_1858,Fernanda_Torres,✨👏🏻✨FERNANDA TORRES ✨👏🏻✨,👏🏻 ✨,,,N.A.,N.A.: rev,,,,,,,,,,,,,,,,,,,,,0,0,0,0,0,1,Afetivo,Neutro,0.0,,,,,,,,,,,,error,True
FERNANDA_TORRES_1861,Fernanda_Torres,Queen 🇧🇷❤️😍,🇧🇷 ❤️ 😍,,,N.A.,N.A.: rev,,,,,,,,,,,,,,,,,,,,,0,0,0,0,0,1,Afetivo,Neutro,0.0,,,,,,,,,,,,error,True
FERNANDA_TORRES_1864,Fernanda_Torres,🇧🇷❤️vai Fernanda!!!!,🇧🇷 ❤️,,,N.A.,N.A.: rev,,,,,,,,,,,,,,,,,,,,,0,0,0,0,0,1,Afetivo,Neutro,0.0,,,,,,,,,,,,error,True
FERNANDA_TORRES_1869,Fernanda_Torres,Revendo essa foto e ansiosa para a cerimônia 😍🏆,😍 🏆,,,N.A.,N.A.: rev,,,,,,,,,,,,,,,,,,,,,0,0,0,0,0,1,Afetivo,Neutro,0.0,,,,,,,,,,,,error,True
FERNANDA_TORRES_1870,Fernanda_Torres,Vai Vaníííííííííí 🇧🇷🏆✨,🇧🇷 🏆 ✨,,,N.A.,N.A.: rev,,,,,,,,,,,,,,,,,,,,,0,0,0,0,0,1,Afetivo,Neutro,0.0,,,,,,,,,,,,error,True
FERNANDA_TORRES_1871,Fernanda_Torres,Go Fernanda! 🇧🇷,🇧🇷,,,N.A.,N.A.: rev,,,,,,,,,,,,,,,,,,,,,0,0,0,0,0,1,Afetivo,Neutro,0.0,,,,,,,,,,,,error,True
FERNANDA_TORRES_1874,Fernanda_Torres,Vai ser ela ❤️,❤️,,,N.A.,N.A.: rev,,,,,,,,,,,,,,,,,,,,,0,0,0,0,0,1,Afetivo,Neutro,0.0,,,,,,,,,,,,error,True
FERNANDA_TORRES_1876,Fernanda_Torres,Mother!❤️,❤️,,,N.A.,N.A.: rev,,,,,,,,,,,,,,,,,,,,,0,0,0,0,0,1,Afetivo,Neutro,0.0,,,,,,,,,,,,error,True
FERNANDA_TORRES_1877,Fernanda_Torres,Melhor do mundo!!!!!!!!! ❤️🏆,🏆 ❤️,,,N.A.,N.A.: rev,,,,,,,,,,,,,,,,,,,,,0,0,0,0,0,1,Afetivo,Neutro,0.0,,,,,,,,,,,,error,True
FERNANDA_TORRES_1881,Fernanda_Torres,Maravilhosa 👏🇧🇷😍,🇧🇷 👏 😍,,,N.A.,N.A.: rev,,,,,,,,,,,,,,,,,,,,,0,0,0,0,0,1,Afetivo,Neutro,0.0,,,,,,,,,,,,error,True
FERNANDA_TORRES_1883,Fernanda_Torres,Vem oscar! 🏆,🏆,,,N.A.,N.A.: rev,,,,,,,,,,,,,,,,,,,,,0,0,0,0,0,1,Afetivo,Neutro,0.0,,,,,,,,,,,,error,True
FERNANDA_TORRES_1884,Fernanda_Torres,The queen!❤️❤️❤️❤️❤️,❤️,,,N.A.,N.A.: rev,,,,,,,,,,,,,,,,,,,,,0,0,0,0,0,1,Afetivo,Neutro,0.0,,,,,,,,,,,,error,True
FERNANDA_TORRES_1885,Fernanda_Torres,Grandonaaaa 🏆🇧🇷,🇧🇷 🏆,,,N.A.,N.A.: rev,,,,,,,,,,,,,,,,,,,,,0,0,0,0,0,1,Afetivo,Neutro,0.0,,,,,,,,,,,,error,True
FERNANDA_TORRES_1886,Fernanda_Torres,Ela eleva o nome do Brasil para o mundo. Pq ela é totalmente competente e dedicada ao que ama fazer!,,,,N.A.,N.A.: rev,,,,,,,,,,,,,,,,,,,,,0,0,0,0,0,1,Afetivo,Neutro,0.0,,,,,,,,,,,,error,True
FERNANDA_TORRES_1887,Fernanda_Torres,Brazil loves you our queen!❤️❤️❤️❤️❤️,❤️,,,N.A.,N.A.: rev,,,,,,,,,,,,,,,,,,,,,0,0,0,0,0,1,Afetivo,Neutro,0.0,,,,,,,,,,,,error,True
FERNANDA_TORRES_1889,Fernanda_Torres,Melhor de todas!!,,,,N.A.,N.A.: rev,,,,,,,,,,,,,,,,,,,,,0,0,0,0,0,1,Afetivo,Neutro,0.0,,,,,,,,,,,,error,True
FERNANDA_TORRES_1894,Fernanda_Torres,@user amamos você! Coerência em representar um filme tão importante. 🏆🇧🇷,🇧🇷 🏆,,,N.A.,N.A.: rev,,,,,,,,,,,,,,,,,,,,,0,0,0,0,0,1,Afetivo,Neutro,0.0,,,,,,,,,,,,error,True
FERNANDA_TORRES_1901,Fernanda_Torres,The best!!!,,,,N.A.,N.A.: rev,,,,,,,,,,,,,,,,,,,,,0,0,0,0,0,1,Afetivo,Neutro,0.0,,,,,,,,,,,,error,True
FERNANDA_TORRES_1903,Fernanda_Torres,The Best,,,,N.A.,N.A.: rev,,,,,,,,,,,,,,,,,,,,,0,0,0,0,0,1,Afetivo,Neutro,0.0,,,,,,,,,,,,error,True
FERNANDA_TORRES_1907,Fernanda_Torres,Absolutamente brilhante ✨❤️,❤️ ✨,,,N.A.,N.A.: rev,,,,,,,,,,,,,,,,,,,,,0,0,0,0,0,1,Afetivo,Neutro,0.0,,,,,,,,,,,,error,True
FERNANDA_TORRES_1910,Fernanda_Torres,Justo,,,,N.A.,N.A.: rev,,,,,,,,,,,,,,,,,,,,,0,0,0,0,0,1,Afetivo,Neutro,0.0,,,,,,,,,,,,error,True
FERNANDA_TORRES_1911,Fernanda_Torres,@user Perfeita... 🏆🇧🇷,🇧🇷 🏆,,,N.A.,N.A.: rev,,,,,,,,,,,,,,,,,,,,,0,0,0,0,0,1,Afetivo,Neutro,0.0,,,,,,,,,,,,error,True
FERNANDA_TORRES_1917,Fernanda_Torres,"Se não ganhar, é roubalheira! Se perder pra do filme mexicano fake, é guerra!",,,,N.A.,N.A.: rev,,,,,,,,,,,,,,,,,,,,,0,0,0,0,0,1,Afetivo,Neutro,0.0,,,,,,,,,,,,error,True
FERNANDA_TORRES_1918,Fernanda_Torres,É elaaaaaaa🇧🇷 🏆,🇧🇷 🏆,,,N.A.,N.A.: rev,,,,,,,,,,,,,,,,,,,,,0,0,0,0,0,1,Afetivo,Neutro,0.0,,,,,,,,,,,,error,True
FERNANDA_TORRES_1919,Fernanda_Torres,Minha maaaaae,,,,N.A.,N.A.: rev,,,,,,,,,,,,,,,,,,,,,0,0,0,0,0,1,Afetivo,Neutro,0.0,,,,,,,,,,,,error,True
FERNANDA_TORRES_1920,Fernanda_Torres,A mais mais,,,,N.A.,N.A.: rev,,,,,,,,,,,,,,,,,,,,,0,0,0,0,0,1,Afetivo,Neutro,0.0,,,,,,,,,,,,error,True
FERNANDA_TORRES_1921,Fernanda_Torres,Melhor 🇧🇷,🇧🇷,,,N.A.,N.A.: rev,,,,,,,,,,,,,,,,,,,,,0,0,0,0,0,1,Afetivo,Neutro,0.0,,,,,,,,,,,,error,True
FERNANDA_TORRES_1924,Fernanda_Torres,A MAIS DIVA,,,,N.A.,N.A.: rev,,,,,,,,,,,,,,,,,,,,,0,0,0,0,0,1,Afetivo,Neutro,0.0,,,,,,,,,,,,error,True
FERNANDA_TORRES_1925,Fernanda_Torres,FERNANDA TORRES ORGULHO DO BRASIL,,,,N.A.,N.A.: rev,,,,,,,,,,,,,,,,,,,,,0,0,0,0,0,1,Afetivo,Neutro,0.0,,,,,,,,,,,,error,True
FERNANDA_TORRES_1926,Fernanda_Torres,Tô sentindo falta de mais fotos da Fernanda aqui. Já comentei umas 5 vezes nessa. 🤔,🤔,,,N.A.,N.A.: rev,,,,,,,,,,,,,,,,,,,,,0,0,0,0,0,1,Afetivo,Neutro,0.0,,,,,,,,,,,,error,True
FERNANDA_TORRES_1929,Fernanda_Torres,She is MOTHER 🇧🇷🏆,🇧🇷 🏆,,,N.A.,N.A.: rev,,,,,,,,,,,,,,,,,,,,,0,0,0,0,0,1,Afetivo,Neutro,0.0,,,,,,,,,,,,error,True
FERNANDA_TORRES_1930,Fernanda_Torres,"Orgulho do Brasil! Fernanda Torres, a melhor!🏆🇧🇷🇧🇷",🇧🇷 🏆,,,N.A.,N.A.: rev,,,,,,,,,,,,,,,,,,,,,0,0,0,0,0,1,Afetivo,Neutro,0.0,,,,,,,,,,,,error,True
FERNANDA_TORRES_1932,Fernanda_Torres,ELA É NOSSA 🇧🇷🇧🇷🇧🇷🏆🏆🏆,🇧🇷 🏆,,,N.A.,N.A.: rev,,,,,,,,,,,,,,,,,,,,,0,0,0,0,0,1,Afetivo,Neutro,0.0,,,,,,,,,,,,error,True
FERNANDA_TORRES_1933,Fernanda_Torres,I’m Still Here and Fernanda Torres 🇧🇷🏆🏆🏆,🇧🇷 🏆,,,N.A.,N.A.: rev,,,,,,,,,,,,,,,,,,,,,0,0,0,0,0,1,Afetivo,Neutro,0.0,,,,,,,,,,,,error,True
FERNANDA_TORRES_1934,Fernanda_Torres,"I’m not Brazilian, but I think Fernanda Torres and I’m Still Here deserve all the awards! VAI QUE É SUA, FÁTIMA 🏆🏆🏆",🏆,,,N.A.,N.A.: rev,,,,,,,,,,,,,,,,,,,,,0,0,0,0,0,1,Afetivo,Neutro,0.0,,,,,,,,,,,,error,True
FERNANDA_TORRES_1935,Fernanda_Torres,"😍🏆✨🇧🇷 Brasileiro têm talento, vamos torcer!",😍 🏆 🇧🇷 ✨,,,N.A.,N.A.: rev,,,,,,,,,,,,,,,,,,,,,0,0,0,0,0,1,Afetivo,Neutro,0.0,,,,,,,,,,,,error,True
FERNANDA_TORRES_1936,Fernanda_Torres,Perfeita minha mãe 💜,💜,,,N.A.,N.A.: rev,,,,,,,,,,,,,,,,,,,,,0,0,0,0,0,1,Afetivo,Neutro,0.0,,,,,,,,,,,,error,True
FERNANDA_TORRES_1937,Fernanda_Torres,MERECE DEMAIS,,,,N.A.,N.A.: rev,,,,,,,,,,,,,,,,,,,,,0,0,0,0,0,1,Afetivo,Neutro,0.0,,,,,,,,,,,,error,True
FERNANDA_TORRES_1940,Fernanda_Torres,🇧🇷🏆 é dela,🇧🇷 🏆,,,N.A.,N.A.: rev,,,,,,,,,,,,,,,,,,,,,0,0,0,0,0,1,Afetivo,Neutro,0.0,,,,,,,,,,,,error,True
FERNANDA_TORRES_1941,Fernanda_Torres,Cada dia mais perto! 🇧🇷🏆✨,🇧🇷 🏆 ✨,,,N.A.,N.A.: rev,,,,,,,,,,,,,,,,,,,,,0,0,0,0,0,1,Afetivo,Neutro,0.0,,,,,,,,,,,,error,True
FERNANDA_TORRES_1942,Fernanda_Torres,❤️Maravilhosa 🇧🇷,🇧🇷 ❤️,,,N.A.,N.A.: rev,,,,,,,,,,,,,,,,,,,,,0,0,0,0,0,1,Afetivo,Neutro,0.0,,,,,,,,,,,,error,True
FERNANDA_TORRES_1943,Fernanda_Torres,GO FERNANDAAAA 🇺🇸🇧🇷,🇧🇷 🇺🇸,,,N.A.,N.A.: rev,,,,,,,,,,,,,,,,,,,,,0,0,0,0,0,1,Afetivo,Neutro,0.0,,,,,,,,,,,,error,True
FERNANDA_TORRES_1948,Fernanda_Torres,Maravilhosa 👏👏👏👏👏,👏,,,N.A.,N.A.: rev,,,,,,,,,,,,,,,,,,,,,0,0,0,0,0,1,Afetivo,Neutro,0.0,,,,,,,,,,,,error,True
FERNANDA_TORRES_1950,Fernanda_Torres,"Brilhe, Brilhe, Brilhe muito, nossa estrela! Manda Brasa, Brasil! Esse já é seu, é nosso! 🇧🇷🏆❤️👏✨",👏 ✨ 🇧🇷 🏆 ❤️,,,N.A.,N.A.: rev,,,,,,,,,,,,,,,,,,,,,0,0,0,0,0,1,Afetivo,Neutro,0.0,,,,,,,,,,,,error,True
FERNANDA_TORRES_1953,Fernanda_Torres,Mãe!,,,,N.A.,N.A.: rev,,,,,,,,,,,,,,,,,,,,,0,0,0,0,0,1,Afetivo,Neutro,0.0,,,,,,,,,,,,error,True
FERNANDA_TORRES_1955,Fernanda_Torres,"Uai Jesus, vim curiar e percebi que havia compartilhado, mas esquecido de comentar. 🏆✨👏🇧🇷",🇧🇷 🏆 👏 ✨,,,N.A.,N.A.: rev,,,,,,,,,,,,,,,,,,,,,0,0,0,0,0,1,Afetivo,Neutro,0.0,,,,,,,,,,,,error,True
FERNANDA_TORRES_1959,Fernanda_Torres,"Já é seu, Nanda! 🇧🇷🏆",🇧🇷 🏆,,,N.A.,N.A.: rev,,,,,,,,,,,,,,,,,,,,,0,0,0,0,0,1,Afetivo,Neutro,0.0,,,,,,,,,,,,error,True
FERNANDA_TORRES_1960,Fernanda_Torres,"Gigante, já ganhou!🇧🇷",🇧🇷,,,N.A.,N.A.: rev,,,,,,,,,,,,,,,,,,,,,0,0,0,0,0,1,Afetivo,Neutro,0.0,,,,,,,,,,,,error,True
FERNANDA_TORRES_1965,Fernanda_Torres,Ela e essa postagem mostram a força da cultura brasileira.,,,,N.A.,N.A.: rev,,,,,,,,,,,,,,,,,,,,,0,0,0,0,0,1,Afetivo,Neutro,0.0,,,,,,,,,,,,error,True
FERNANDA_TORRES_1967,Fernanda_Torres,Queen 🇧🇷❤️,🇧🇷 ❤️,,,N.A.,N.A.: rev,,,,,,,,,,,,,,,,,,,,,0,0,0,0,0,1,Afetivo,Neutro,0.0,,,,,,,,,,,,error,True
FERNANDA_TORRES_1972,Fernanda_Torres,#fernandatorres,,,,N.A.,N.A.: rev,,,,,,,,,,,,,,,,,,,,,0,0,0,0,0,1,Afetivo,Neutro,0.0,,,,,,,,,,,,error,True
FERNANDA_TORRES_1973,Fernanda_Torres,Maravilhosa atriz!,,,,N.A.,N.A.: rev,,,,,,,,,,,,,,,,,,,,,0,0,0,0,0,1,Afetivo,Neutro,0.0,,,,,,,,,,,,error,True
FERNANDA_TORRES_1974,Fernanda_Torres,Trabalho divino.,,,,N.A.,N.A.: rev,,,,,,,,,,,,,,,,,,,,,0,0,0,0,0,1,Afetivo,Neutro,0.0,,,,,,,,,,,,error,True
FERNANDA_TORRES_1975,Fernanda_Torres,Grata por sua atuação !,,,,N.A.,N.A.: rev,,,,,,,,,,,,,,,,,,,,,0,0,0,0,0,1,Afetivo,Neutro,0.0,,,,,,,,,,,,error,True
FERNANDA_TORRES_1977,Fernanda_Torres,JÁ É DELA🏆🇧🇷❤️,🇧🇷 🏆 ❤️,,,N.A.,N.A.: rev,,,,,,,,,,,,,,,,,,,,,0,0,0,0,0,1,Afetivo,Neutro,0.0,,,,,,,,,,,,error,True
FERNANDA_TORRES_1978,Fernanda_Torres,Maravilhosa 🇧🇷🇧🇷🇧🇷,🇧🇷,,,N.A.,N.A.: rev,,,,,,,,,,,,,,,,,,,,,0,0,0,0,0,1,Afetivo,Neutro,0.0,,,,,,,,,,,,error,True
FERNANDA_TORRES_1981,Fernanda_Torres,Legend ❤️🔥,🔥 ❤️,,,N.A.,N.A.: rev,,,,,,,,,,,,,,,,,,,,,0,0,0,0,0,1,Afetivo,Neutro,0.0,,,,,,,,,,,,error,True
FERNANDA_TORRES_1982,Fernanda_Torres,💖💘💝💕💞💓💗,💞 💕 💝 💖 💘 💗 💓,,,N.A.,N.A.: rev,,,,,,,,,,,,,,,,,,,,,0,0,0,0,0,1,Afetivo,Neutro,0.0,,,,,,,,,,,,error,True
FERNANDA_TORRES_1983,Fernanda_Torres,💟💟💟💟💟💟💟,💟,,,N.A.,N.A.: rev,,,,,,,,,,,,,,,,,,,,,0,0,0,0,0,1,Afetivo,Neutro,0.0,,,,,,,,,,,,error,True
FERNANDA_TORRES_1984,Fernanda_Torres,🩷❤️🧡💛💚💙🤍🖤,🖤 💛 🧡 🤍 ❤️ 💙 🩷 💚,,,N.A.,N.A.: rev,,,,,,,,,,,,,,,,,,,,,0,0,0,0,0,1,Afetivo,Neutro,0.0,,,,,,,,,,,,error,True
FERNANDA_TORRES_1985,Fernanda_Torres,💗💗💗💗💗💗💗💗,💗,,,N.A.,N.A.: rev,,,,,,,,,,,,,,,,,,,,,0,0,0,0,0,1,Afetivo,Neutro,0.0,,,,,,,,,,,,error,True
FERNANDA_TORRES_1986,Fernanda_Torres,💓💓💓💓💓💓💓💓,💓,,,N.A.,N.A.: rev,,,,,,,,,,,,,,,,,,,,,0,0,0,0,0,1,Afetivo,Neutro,0.0,,,,,,,,,,,,error,True
FERNANDA_TORRES_1987,Fernanda_Torres,💞💞💞💞💞💞💞💝,💞 💝,,,N.A.,N.A.: rev,,,,,,,,,,,,,,,,,,,,,0,0,0,0,0,1,Afetivo,Neutro,0.0,,,,,,,,,,,,error,True
FERNANDA_TORRES_1988,Fernanda_Torres,💝💘💖💝💘💖💝💘💖,💖 💘 💝,,,N.A.,N.A.: rev,,,,,,,,,,,,,,,,,,,,,0,0,0,0,0,1,Afetivo,Neutro,0.0,,,,,,,,,,,,error,True
FERNANDA_TORRES_1989,Fernanda_Torres,🩷❤️🧡🧡💚🩵💙💜🖤💚🤍,💜 🖤 🩵 🧡 🤍 ❤️ 💙 🩷 💚,,,N.A.,N.A.: rev,,,,,,,,,,,,,,,,,,,,,0,0,0,0,0,1,Afetivo,Neutro,0.0,,,,,,,,,,,,error,True
FERNANDA_TORRES_1990,Fernanda_Torres,🩷❤️🧡💛💚🩷💙🧡🖤🩶🤍🤎💖,🖤 🤎 💛 🩶 🧡 🤍 ❤️ 💖 💙 🩷 💚,,,N.A.,N.A.: rev,,,,,,,,,,,,,,,,,,,,,0,0,0,0,0,1,Afetivo,Neutro,0.0,,,,,,,,,,,,error,True
FERNANDA_TORRES_1997,Fernanda_Torres,Maravilhosa 🏆✨🇧🇷,🇧🇷 🏆 ✨,,,N.A.,N.A.: rev,,,,,,,,,,,,,,,,,,,,,0,0,0,0,0,1,Afetivo,Neutro,0.0,,,,,,,,,,,,error,True
FERNANDA_TORRES_2000,Fernanda_Torres,A maior 🏆,🏆,,,N.A.,N.A.: rev,,,,,,,,,,,,,,,,,,,,,0,0,0,0,0,1,Afetivo,Neutro,0.0,,,,,,,,,,,,error,True
FERNANDA_TORRES_2001,Fernanda_Torres,🤩,🤩,,,N.A.,N.A.: rev,,,,,,,,,,,,,,,,,,,,,0,0,0,0,0,1,Afetivo,Neutro,0.0,,,,,,,,,,,,error,True
FERNANDA_TORRES_2003,Fernanda_Torres,FERNANDA TORRES 🏆 👊🏼🍀,🍀 🏆 👊🏼,,,N.A.,N.A.: rev,,,,,,,,,,,,,,,,,,,,,0,0,0,0,0,1,Afetivo,Neutro,0.0,,,,,,,,,,,,error,True
FERNANDA_TORRES_2004,Fernanda_Torres,The best👏🏆✊,🏆 👏 ✊,,,N.A.,N.A.: rev,,,,,,,,,,,,,,,,,,,,,0,0,0,0,0,1,Afetivo,Neutro,0.0,,,,,,,,,,,,error,True
FERNANDA_TORRES_2005,Fernanda_Torres,É dela! 🇧🇷🏆,🇧🇷 🏆,,,N.A.,N.A.: rev,,,,,,,,,,,,,,,,,,,,,0,0,0,0,0,1,Afetivo,Neutro,0.0,,,,,,,,,,,,error,True
FERNANDA_TORRES_2007,Fernanda_Torres,I’m still here 👏👏👏👏,👏,,,N.A.,N.A.: rev,,,,,,,,,,,,,,,,,,,,,0,0,0,0,0,1,Afetivo,Neutro,0.0,,,,,,,,,,,,error,True
FERNANDA_TORRES_2011,Fernanda_Torres,THE BEST!!! ❤️🇧🇷,🇧🇷 ❤️,,,N.A.,N.A.: rev,,,,,,,,,,,,,,,,,,,,,0,0,0,0,0,1,Afetivo,Neutro,0.0,,,,,,,,,,,,error,True
FERNANDA_TORRES_2013,Fernanda_Torres,Eu não me canso de falar que @user é maravilhosa 🏆✨🇧🇷❤️,🇧🇷 🏆 ❤️ ✨,,,N.A.,N.A.: rev,,,,,,,,,,,,,,,,,,,,,0,0,0,0,0,1,Afetivo,Neutro,0.0,,,,,,,,,,,,error,True
FERNANDA_TORRES_2015,Fernanda_Torres,Vamos🇧🇷,🇧🇷,,,N.A.,N.A.: rev,,,,,,,,,,,,,,,,,,,,,0,0,0,0,0,1,Afetivo,Neutro,0.0,,,,,,,,,,,,error,True
FERNANDA_TORRES_2020,Fernanda_Torres,Wonderful,,,,N.A.,N.A.: rev,,,,,,,,,,,,,,,,,,,,,0,0,0,0,0,1,Afetivo,Neutro,0.0,,,,,,,,,,,,error,True
FERNANDA_TORRES_2021,Fernanda_Torres,😍😍😍🏆mami 🇧🇷,😍 🏆 🇧🇷,,,N.A.,N.A.: rev,,,,,,,,,,,,,,,,,,,,,0,0,0,0,0,1,Afetivo,Neutro,0.0,,,,,,,,,,,,error,True
FERNANDA_TORRES_2023,Fernanda_Torres,👏👏👏👏👏👏 best in the world🏆,🏆 👏,,,N.A.,N.A.: rev,,,,,,,,,,,,,,,,,,,,,0,0,0,0,0,1,Afetivo,Neutro,0.0,,,,,,,,,,,,error,True
FERNANDA_TORRES_2025,Fernanda_Torres,Totalmente premiada! ❤️🏆,🏆 ❤️,,,N.A.,N.A.: rev,,,,,,,,,,,,,,,,,,,,,0,0,0,0,0,1,Afetivo,Neutro,0.0,,,,,,,,,,,,error,True
FERNANDA_TORRES_2026,Fernanda_Torres,You deserve it. Go @user 🇧🇷🏆✨💚💛,✨ 🇧🇷 💛 🏆 💚,,,N.A.,N.A.: rev,,,,,,,,,,,,,,,,,,,,,0,0,0,0,0,1,Afetivo,Neutro,0.0,,,,,,,,,,,,error,True
FERNANDA_TORRES_2028,Fernanda_Torres,Totalmente indicada,,,,N.A.,N.A.: rev,,,,,,,,,,,,,,,,,,,,,0,0,0,0,0,1,Afetivo,Neutro,0.0,,,,,,,,,,,,error,True
FERNANDA_TORRES_2029,Fernanda_Torres,mãe,,,,N.A.,N.A.: rev,,,,,,,,,,,,,,,,,,,,,0,0,0,0,0,1,Afetivo,Neutro,0.0,,,,,,,,,,,,error,True
FERNANDA_TORRES_2033,Fernanda_Torres,A SEM IGUAL! 🇧🇷🇧🇷🇧🇷,🇧🇷,,,N.A.,N.A.: rev,,,,,,,,,,,,,,,,,,,,,0,0,0,0,0,1,Afetivo,Neutro,0.0,,,,,,,,,,,,error,True
FERNANDA_TORRES_2035,Fernanda_Torres,"Absolute Diva 🇧🇷🏆❤️ Nós, brasileiros, estamos imensamente honrados com esse filme magnífico que Fernanda Torres, @user e toda a equipe de #ImStillHere / #AindaEstouAqui realizaram sob a direção de Walter Salles. . Além disso, estamos profundamente felizes e gratos pelo reconhecimento respeitoso dado à performance e ao talento de @user e obra de @user pela @user 😍 Isso também se estende a todas as instituições de cinema nos EUA que têm valorizado cada vez mais a grandiosidade da sétima arte produzida ao redor do mundo. 👏🙌❤️🏆 #theacademy #oscars #oscar2025 #fernandatorres #Imestillhere #waltersalles #aindaestouaqui 🇧🇷🇧🇷",😍 👏 🙌 🇧🇷 🏆 ❤️,,,N.A.,N.A.: rev,,,,,,,,,,,,,,,,,,,,,0,0,0,0,0,1,Afetivo,Neutro,0.0,,,,,,,,,,,,error,True
FERNANDA_TORRES_2036,Fernanda_Torres,Mother Queen,,,,N.A.,N.A.: rev,,,,,,,,,,,,,,,,,,,,,0,0,0,0,0,1,Afetivo,Neutro,0.0,,,,,,,,,,,,error,True
FERNANDA_TORRES_2037,Fernanda_Torres,Beautiful She,,,,N.A.,N.A.: rev,,,,,,,,,,,,,,,,,,,,,0,0,0,0,0,1,Afetivo,Neutro,0.0,,,,,,,,,,,,error,True
FERNANDA_TORRES_2038,Fernanda_Torres,The Best Mother Queen,,,,N.A.,N.A.: rev,,,,,,,,,,,,,,,,,,,,,0,0,0,0,0,1,Afetivo,Neutro,0.0,,,,,,,,,,,,error,True
FERNANDA_TORRES_2039,Fernanda_Torres,The Best 🏆🏆🏆👏👏👏🇧🇷,🇧🇷 🏆 👏,,,N.A.,N.A.: rev,,,,,,,,,,,,,,,,,,,,,0,0,0,0,0,1,Afetivo,Neutro,0.0,,,,,,,,,,,,error,True
FERNANDA_TORRES_2042,Fernanda_Torres,"Atriz maravilhosa, filme e elenco maravilhosos! ❤️❤️❤️❤️❤️🇧🇷🇧🇷🇧🇷🇧🇷🇧🇷🏆🏆🏆🏆🏆",🇧🇷 🏆 ❤️,,,N.A.,N.A.: rev,,,,,,,,,,,,,,,,,,,,,0,0,0,0,0,1,Afetivo,Neutro,0.0,,,,,,,,,,,,error,True
FERNANDA_TORRES_2044,Fernanda_Torres,She is Mother 🇧🇷🏆,🇧🇷 🏆,,,N.A.,N.A.: rev,,,,,,,,,,,,,,,,,,,,,0,0,0,0,0,1,Afetivo,Neutro,0.0,,,,,,,,,,,,error,True
FERNANDA_TORRES_2046,Fernanda_Torres,PERFEITA,,,,N.A.,N.A.: rev,,,,,,,,,,,,,,,,,,,,,0,0,0,0,0,1,Afetivo,Neutro,0.0,,,,,,,,,,,,error,True
FERNANDA_TORRES_2047,Fernanda_Torres,ORGULHO DO BRASIL,,,,N.A.,N.A.: rev,,,,,,,,,,,,,,,,,,,,,0,0,0,0,0,1,Afetivo,Neutro,0.0,,,,,,,,,,,,error,True
FERNANDA_TORRES_2048,Fernanda_Torres,Just THE BEST! ❤️,❤️,,,N.A.,N.A.: rev,,,,,,,,,,,,,,,,,,,,,0,0,0,0,0,1,Afetivo,Neutro,0.0,,,,,,,,,,,,error,True
FERNANDA_TORRES_2051,Fernanda_Torres,🇧🇷 FT ❤️ em pleno Carnaval. 🏆🔝🥇🎊🎉🥳🍾,🔝 🇧🇷 🎉 🍾 🏆 🥇 ❤️ 🥳 🎊,,,N.A.,N.A.: rev,,,,,,,,,,,,,,,,,,,,,0,0,0,0,0,1,Afetivo,Neutro,0.0,,,,,,,,,,,,error,True
FERNANDA_TORRES_2054,Fernanda_Torres,Fernanda Torres with am Oscar🇧🇷🇧🇷🇧🇷,🇧🇷,,,N.A.,N.A.: rev,,,,,,,,,,,,,,,,,,,,,0,0,0,0,0,1,Afetivo,Neutro,0.0,,,,,,,,,,,,error,True
FERNANDA_TORRES_2055,Fernanda_Torres,Filme sensacional! Fernanda merece muito esse prêmio!🇧🇷🇧🇷,🇧🇷,,,N.A.,N.A.: rev,,,,,,,,,,,,,,,,,,,,,0,0,0,0,0,1,Afetivo,Neutro,0.0,,,,,,,,,,,,error,True
FERNANDA_TORRES_2056,Fernanda_Torres,The best 🇧🇷🇧🇷🇧🇷🇧🇷,🇧🇷,,,N.A.,N.A.: rev,,,,,,,,,,,,,,,,,,,,,0,0,0,0,0,1,Afetivo,Neutro,0.0,,,,,,,,,,,,error,True
FERNANDA_TORRES_2057,Fernanda_Torres,Filmaço !!!!,,,,N.A.,N.A.: rev,,,,,,,,,,,,,,,,,,,,,0,0,0,0,0,1,Afetivo,Neutro,0.0,,,,,,,,,,,,error,True
FERNANDA_TORRES_2059,Fernanda_Torres,👏🏻👏🏿👏🏼👏🏾👏🏽,👏🏽 👏🏻 👏🏼 👏🏿 👏🏾,,,N.A.,N.A.: rev,,,,,,,,,,,,,,,,,,,,,0,0,0,0,0,1,Afetivo,Neutro,0.0,,,,,,,,,,,,error,True
FERNANDA_TORRES_2071,Fernanda_Torres,Melhor do mundooo❤️,❤️,,,N.A.,N.A.: rev,,,,,,,,,,,,,,,,,,,,,0,0,0,0,0,1,Afetivo,Neutro,0.0,,,,,,,,,,,,error,True
FERNANDA_TORRES_2074,Fernanda_Torres,"Ela está maravilhosa no filme Ainda estou aqui, uma atuação excelente. Também uma pessoa querida por todos e que não destila ódio. Grandiosa Fernanda Torres 👏👏👏❤️",👏 ❤️,,,N.A.,N.A.: rev,,,,,,,,,,,,,,,,,,,,,0,0,0,0,0,1,Afetivo,Neutro,0.0,,,,,,,,,,,,error,True
FERNANDA_TORRES_2077,Fernanda_Torres,♥️♥️♥️♥️♥️,♥️,,,N.A.,N.A.: rev,,,,,,,,,,,,,,,,,,,,,0,0,0,0,0,1,Afetivo,Neutro,0.0,,,,,,,,,,,,error,True
FERNANDA_TORRES_2079,Fernanda_Torres,EH HOJE!!! 🇧🇷,🇧🇷,,,N.A.,N.A.: rev,,,,,,,,,,,,,,,,,,,,,0,0,0,0,0,1,Afetivo,Neutro,0.0,,,,,,,,,,,,error,True
FERNANDA_TORRES_2080,Fernanda_Torres,Maravilhosa 🇧🇷🏆,🇧🇷 🏆,,,N.A.,N.A.: rev,,,,,,,,,,,,,,,,,,,,,0,0,0,0,0,1,Afetivo,Neutro,0.0,,,,,,,,,,,,error,True
FERNANDA_TORRES_2084,Fernanda_Torres,🙌🙌🙌🇧🇷🇧🇷🇧🇷🇧🇷 Brazil! Im Still Here!,🙌 🇧🇷,,,N.A.,N.A.: rev,,,,,,,,,,,,,,,,,,,,,0,0,0,0,0,1,Afetivo,Neutro,0.0,,,,,,,,,,,,error,True
FERNANDA_TORRES_2085,Fernanda_Torres,Vai com tudo Fernandona🏆🇧🇷,🇧🇷 🏆,,,N.A.,N.A.: rev,,,,,,,,,,,,,,,,,,,,,0,0,0,0,0,1,Afetivo,Neutro,0.0,,,,,,,,,,,,error,True
FERNANDA_TORRES_2087,Fernanda_Torres,@user are you ready to make the first post about Fernanda Torres winning the Oscar? Because all of Brazil will be here to comment. 🇧🇷✨🏆🏆,🇧🇷 🏆 ✨,,,N.A.,N.A.: rev,,,,,,,,,,,,,,,,,,,,,0,0,0,0,0,1,Afetivo,Neutro,0.0,,,,,,,,,,,,error,True
FERNANDA_TORRES_2090,Fernanda_Torres,Lendária 🇧🇷,🇧🇷,,,N.A.,N.A.: rev,,,,,,,,,,,,,,,,,,,,,0,0,0,0,0,1,Afetivo,Neutro,0.0,,,,,,,,,,,,error,True
FERNANDA_TORRES_2093,Fernanda_Torres,The best! 😍🏆,😍 🏆,,,N.A.,N.A.: rev,,,,,,,,,,,,,,,,,,,,,0,0,0,0,0,1,Afetivo,Neutro,0.0,,,,,,,,,,,,error,True
FERNANDA_TORRES_2096,Fernanda_Torres,Maravilhosa!,,,,N.A.,N.A.: rev,,,,,,,,,,,,,,,,,,,,,0,0,0,0,0,1,Afetivo,Neutro,0.0,,,,,,,,,,,,error,True
FERNANDA_TORRES_2100,Fernanda_Torres,Perfeita 🇧🇷👏❤️,🇧🇷 👏 ❤️,,,N.A.,N.A.: rev,,,,,,,,,,,,,,,,,,,,,0,0,0,0,0,1,Afetivo,Neutro,0.0,,,,,,,,,,,,error,True
FERNANDA_TORRES_2102,Fernanda_Torres,Ninguém supera o 🇧🇷,🇧🇷,,,N.A.,N.A.: rev,,,,,,,,,,,,,,,,,,,,,0,0,0,0,0,1,Afetivo,Neutro,0.0,,,,,,,,,,,,error,True
FERNANDA_TORRES_2103,Fernanda_Torres,🇧🇷🇧🇷 Fernanda Torres! Pra cima!.,🇧🇷,,,N.A.,N.A.: rev,,,,,,,,,,,,,,,,,,,,,0,0,0,0,0,1,Afetivo,Neutro,0.0,,,,,,,,,,,,error,True
FERNANDA_TORRES_2104,Fernanda_Torres,"A ditadura mostrada na sua forma nua e crua, a vivência de uma família e suas dores. Uma morte sem cadáver, uma família assombrada por um corpo nunca encontrado, a dor, a resiliência. A maldade de tempos sombrios. Passado e presente. Atuações impecáveis, respeitando a memória da Eunice. Viva Ainda estou aqui, viva a Fernanda",,,,N.A.,N.A.: rev,,,,,,,,,,,,,,,,,,,,,0,0,0,0,0,1,Afetivo,Neutro,0.0,,,,,,,,,,,,error,True
FERNANDA_TORRES_2107,Fernanda_Torres,Aqui é BRASILLLLLL,,,,N.A.,N.A.: rev,,,,,,,,,,,,,,,,,,,,,0,0,0,0,0,1,Afetivo,Neutro,0.0,,,,,,,,,,,,error,True
FERNANDA_TORRES_2108,Fernanda_Torres,A maior,,,,N.A.,N.A.: rev,,,,,,,,,,,,,,,,,,,,,0,0,0,0,0,1,Afetivo,Neutro,0.0,,,,,,,,,,,,error,True
FERNANDA_TORRES_2109,Fernanda_Torres,She is fuck incredible,,,,N.A.,N.A.: rev,,,,,,,,,,,,,,,,,,,,,0,0,0,0,0,1,Afetivo,Neutro,0.0,,,,,,,,,,,,error,True
FERNANDA_TORRES_2114,Fernanda_Torres,"The Oscar for Best Actress goes to… Torres, Fernanda… FERNANDA TORRES!!! 👏👏👏👏👏",👏,,,N.A.,N.A.: rev,,,,,,,,,,,,,,,,,,,,,0,0,0,0,0,1,Afetivo,Neutro,0.0,,,,,,,,,,,,error,True
FERNANDA_TORRES_2115,Fernanda_Torres,Diva ❤️,❤️,,,N.A.,N.A.: rev,,,,,,,,,,,,,,,,,,,,,0,0,0,0,0,1,Afetivo,Neutro,0.0,,,,,,,,,,,,error,True
FERNANDA_TORRES_2117,Fernanda_Torres,Agora o Oscar vem!!,,,,N.A.,N.A.: rev,,,,,,,,,,,,,,,,,,,,,0,0,0,0,0,1,Afetivo,Neutro,0.0,,,,,,,,,,,,error,True
FERNANDA_TORRES_2118,Fernanda_Torres,Chegou a sua vez 🏆,🏆,,,N.A.,N.A.: rev,,,,,,,,,,,,,,,,,,,,,0,0,0,0,0,1,Afetivo,Neutro,0.0,,,,,,,,,,,,error,True
FERNANDA_TORRES_2119,Fernanda_Torres,Vai ser carnaval no Brasil!! 👏👏👏,👏,,,N.A.,N.A.: rev,,,,,,,,,,,,,,,,,,,,,0,0,0,0,0,1,Afetivo,Neutro,0.0,,,,,,,,,,,,error,True
FERNANDA_TORRES_2127,Fernanda_Torres,Maravilhosa,,,,N.A.,N.A.: rev,,,,,,,,,,,,,,,,,,,,,0,0,0,0,0,1,Afetivo,Neutro,0.0,,,,,,,,,,,,error,True
FERNANDA_TORRES_2130,Fernanda_Torres,🙌🙌🙌🙌🙌🙌🙌 The best,🙌,,,N.A.,N.A.: rev,,,,,,,,,,,,,,,,,,,,,0,0,0,0,0,1,Afetivo,Neutro,0.0,,,,,,,,,,,,error,True
FERNANDA_TORRES_2131,Fernanda_Torres,Wonderful!! She is 🇧🇷😍❤️,🇧🇷 ❤️ 😍,,,N.A.,N.A.: rev,,,,,,,,,,,,,,,,,,,,,0,0,0,0,0,1,Afetivo,Neutro,0.0,,,,,,,,,,,,error,True
FERNANDA_TORRES_2133,Fernanda_Torres,Queen ✨,✨,,,N.A.,N.A.: rev,,,,,,,,,,,,,,,,,,,,,0,0,0,0,0,1,Afetivo,Neutro,0.0,,,,,,,,,,,,error,True
FERNANDA_TORRES_2134,Fernanda_Torres,"Indicação mais que merecida, obrigada ao cinema brasileiro, viva o audiovisual! “ Que história Walter!!” #aindaestouaqui 🏆🇧🇷💃🏽",💃🏽 🇧🇷 🏆,,,N.A.,N.A.: rev,,,,,,,,,,,,,,,,,,,,,0,0,0,0,0,1,Afetivo,Neutro,0.0,,,,,,,,,,,,error,True
FERNANDA_TORRES_2136,Fernanda_Torres,Acabei de assistir. É melhor dar logo o troféu pra ela.,,,,N.A.,N.A.: rev,,,,,,,,,,,,,,,,,,,,,0,0,0,0,0,1,Afetivo,Neutro,0.0,,,,,,,,,,,,error,True
FERNANDA_TORRES_2138,Fernanda_Torres,Fernanda ❤️ the Oscar is coming!❤️🏆,🏆 ❤️,,,N.A.,N.A.: rev,,,,,,,,,,,,,,,,,,,,,0,0,0,0,0,1,Afetivo,Neutro,0.0,,,,,,,,,,,,error,True
FERNANDA_TORRES_2150,Fernanda_Torres,Brasil 🇧🇷,🇧🇷,,,N.A.,N.A.: rev,,,,,,,,,,,,,,,,,,,,,0,0,0,0,0,1,Afetivo,Neutro,0.0,,,,,,,,,,,,error,True
FERNANDA_TORRES_2151,Fernanda_Torres,Diva,,,,N.A.,N.A.: rev,,,,,,,,,,,,,,,,,,,,,0,0,0,0,0,1,Afetivo,Neutro,0.0,,,,,,,,,,,,error,True
FERNANDA_TORRES_2152,Fernanda_Torres,Diva,,,,N.A.,N.A.: rev,,,,,,,,,,,,,,,,,,,,,0,0,0,0,0,1,Afetivo,Neutro,0.0,,,,,,,,,,,,error,True
FERNANDA_TORRES_2156,Fernanda_Torres,É nossa! ❤️,❤️,,,N.A.,N.A.: rev,,,,,,,,,,,,,,,,,,,,,0,0,0,0,0,1,Afetivo,Neutro,0.0,,,,,,,,,,,,error,True
FERNANDA_TORRES_2157,Fernanda_Torres,"Sou fã desde a época da Fátima, parabéns @user 👏🏻👏🏻👏🏻👏🏻",👏🏻,,,N.A.,N.A.: rev,,,,,,,,,,,,,,,,,,,,,0,0,0,0,0,1,Afetivo,Neutro,0.0,,,,,,,,,,,,error,True
FERNANDA_TORRES_2158,Fernanda_Torres,Poderosa🇧🇷🇧🇷🇧🇷,🇧🇷,,,N.A.,N.A.: rev,,,,,,,,,,,,,,,,,,,,,0,0,0,0,0,1,Afetivo,Neutro,0.0,,,,,,,,,,,,error,True
FERNANDA_TORRES_2159,Fernanda_Torres,A melhor 🏆🏆,🏆,,,N.A.,N.A.: rev,,,,,,,,,,,,,,,,,,,,,0,0,0,0,0,1,Afetivo,Neutro,0.0,,,,,,,,,,,,error,True
FERNANDA_TORRES_2161,Fernanda_Torres,É dela,,,,N.A.,N.A.: rev,,,,,,,,,,,,,,,,,,,,,0,0,0,0,0,1,Afetivo,Neutro,0.0,,,,,,,,,,,,error,True
FERNANDA_TORRES_2163,Fernanda_Torres,Go ahead brazil,,,,N.A.,N.A.: rev,,,,,,,,,,,,,,,,,,,,,0,0,0,0,0,1,Afetivo,Neutro,0.0,,,,,,,,,,,,error,True
FERNANDA_TORRES_2165,Fernanda_Torres,She's amazing! 👏👏👏👏,👏,,,N.A.,N.A.: rev,,,,,,,,,,,,,,,,,,,,,0,0,0,0,0,1,Afetivo,Neutro,0.0,,,,,,,,,,,,error,True
FERNANDA_TORRES_2166,Fernanda_Torres,Sensacional! A melhor!!!❤️🏆🇧🇷,🇧🇷 🏆 ❤️,,,N.A.,N.A.: rev,,,,,,,,,,,,,,,,,,,,,0,0,0,0,0,1,Afetivo,Neutro,0.0,,,,,,,,,,,,error,True
FERNANDA_TORRES_2170,Fernanda_Torres,A vencedora 🇧🇷🇧🇷,🇧🇷,,,N.A.,N.A.: rev,,,,,,,,,,,,,,,,,,,,,0,0,0,0,0,1,Afetivo,Neutro,0.0,,,,,,,,,,,,error,True
FERNANDA_TORRES_2171,Fernanda_Torres,Shine Fernanda 🇧🇷,🇧🇷,,,N.A.,N.A.: rev,,,,,,,,,,,,,,,,,,,,,0,0,0,0,0,1,Afetivo,Neutro,0.0,,,,,,,,,,,,error,True
FERNANDA_TORRES_2173,Fernanda_Torres,Maravilhosa,,,,N.A.,N.A.: rev,,,,,,,,,,,,,,,,,,,,,0,0,0,0,0,1,Afetivo,Neutro,0.0,,,,,,,,,,,,error,True
FERNANDA_TORRES_2175,Fernanda_Torres,"Este Oscar tem que ser da Fernanda Torres, vocês estão tendo a chance de fazer uma reparação histórica 🏆✨🇧🇷",🇧🇷 🏆 ✨,,,N.A.,N.A.: rev,,,,,,,,,,,,,,,,,,,,,0,0,0,0,0,1,Afetivo,Neutro,0.0,,,,,,,,,,,,error,True
FERNANDA_TORRES_2180,Fernanda_Torres,✨ maravilhosa,✨,,,N.A.,N.A.: rev,,,,,,,,,,,,,,,,,,,,,0,0,0,0,0,1,Afetivo,Neutro,0.0,,,,,,,,,,,,error,True
FERNANDA_TORRES_2181,Fernanda_Torres,Best actress,,,,N.A.,N.A.: rev,,,,,,,,,,,,,,,,,,,,,0,0,0,0,0,1,Afetivo,Neutro,0.0,,,,,,,,,,,,error,True
FERNANDA_TORRES_2182,Fernanda_Torres,"""Já Ganhou! TAN TAN TAN Já ganhou! TAN TAN TAN",,,,N.A.,N.A.: rev,,,,,,,,,,,,,,,,,,,,,0,0,0,0,0,1,Afetivo,Neutro,0.0,,,,,,,,,,,,error,True
FERNANDA_TORRES_2183,Fernanda_Torres,O Oscar já é dela🇧🇷,🇧🇷,,,N.A.,N.A.: rev,,,,,,,,,,,,,,,,,,,,,0,0,0,0,0,1,Afetivo,Neutro,0.0,,,,,,,,,,,,error,True
FERNANDA_TORRES_2186,Fernanda_Torres,What an amazing actress!!,,,,N.A.,N.A.: rev,,,,,,,,,,,,,,,,,,,,,0,0,0,0,0,1,Afetivo,Neutro,0.0,,,,,,,,,,,,error,True
FERNANDA_TORRES_2187,Fernanda_Torres,❤❤❤❤❤,❤,,,N.A.,N.A.: rev,,,,,,,,,,,,,,,,,,,,,0,0,0,0,0,1,Afetivo,Neutro,0.0,,,,,,,,,,,,error,True
FERNANDA_TORRES_2189,Fernanda_Torres,Arrasa mãe de uma nação ❤️🏆🇧🇷,🇧🇷 🏆 ❤️,,,N.A.,N.A.: rev,,,,,,,,,,,,,,,,,,,,,0,0,0,0,0,1,Afetivo,Neutro,0.0,,,,,,,,,,,,error,True
FERNANDA_TORRES_2190,Fernanda_Torres,NOSSA VENCEDORA❤️🏆,🏆 ❤️,,,N.A.,N.A.: rev,,,,,,,,,,,,,,,,,,,,,0,0,0,0,0,1,Afetivo,Neutro,0.0,,,,,,,,,,,,error,True
FERNANDA_TORRES_2191,Fernanda_Torres,Queen 👑🇧🇷🏆,🇧🇷 🏆 👑,,,N.A.,N.A.: rev,,,,,,,,,,,,,,,,,,,,,0,0,0,0,0,1,Afetivo,Neutro,0.0,,,,,,,,,,,,error,True
FERNANDA_TORRES_2192,Fernanda_Torres,QUEEN,,,,N.A.,N.A.: rev,,,,,,,,,,,,,,,,,,,,,0,0,0,0,0,1,Afetivo,Neutro,0.0,,,,,,,,,,,,error,True
FERNANDA_TORRES_2194,Fernanda_Torres,Parabéns @user 🏆🇧🇷🎬👏🏼👏🏼👏🏼,👏🏼 🇧🇷 🏆 🎬,,,N.A.,N.A.: rev,,,,,,,,,,,,,,,,,,,,,0,0,0,0,0,1,Afetivo,Neutro,0.0,,,,,,,,,,,,error,True
FERNANDA_TORRES_2195,Fernanda_Torres,Viva @user 🇧🇷🏆,🇧🇷 🏆,,,N.A.,N.A.: rev,,,,,,,,,,,,,,,,,,,,,0,0,0,0,0,1,Afetivo,Neutro,0.0,,,,,,,,,,,,error,True
FERNANDA_TORRES_2196,Fernanda_Torres,Viva a família Paiva 🇧🇷❤️Viva a cultura brasileira 🏆🇧🇷,🇧🇷 🏆 ❤️,,,N.A.,N.A.: rev,,,,,,,,,,,,,,,,,,,,,0,0,0,0,0,1,Afetivo,Neutro,0.0,,,,,,,,,,,,error,True
FERNANDA_TORRES_2197,Fernanda_Torres,@user is a beast! What a performance in I’m still here!😱💕,😱 💕,,,N.A.,N.A.: rev,,,,,,,,,,,,,,,,,,,,,0,0,0,0,0,1,Afetivo,Neutro,0.0,,,,,,,,,,,,error,True
FERNANDA_TORRES_2198,Fernanda_Torres,the pride of the seventh art 🥹,🥹,,,N.A.,N.A.: rev,,,,,,,,,,,,,,,,,,,,,0,0,0,0,0,1,Afetivo,Neutro,0.0,,,,,,,,,,,,error,True
FERNANDA_TORRES_2200,Fernanda_Torres,MARAVILHOSA,,,,N.A.,N.A.: rev,,,,,,,,,,,,,,,,,,,,,0,0,0,0,0,1,Afetivo,Neutro,0.0,,,,,,,,,,,,error,True
FERNANDA_TORRES_2204,Fernanda_Torres,RAINHAAAA,,,,N.A.,N.A.: rev,,,,,,,,,,,,,,,,,,,,,0,0,0,0,0,1,Afetivo,Neutro,0.0,,,,,,,,,,,,error,True
FERNANDA_TORRES_2209,Fernanda_Torres,"Suddenly the world knows a star who doesn't need jewelry or a lot of makeup to shine. She has simplicity, elegance and a lot of talent. Who is this woman who shines at 59 years of age? What is her story? I've been told that she represents a nation.",,,,N.A.,N.A.: rev,,,,,,,,,,,,,,,,,,,,,0,0,0,0,0,1,Afetivo,Neutro,0.0,,,,,,,,,,,,error,True
FERNANDA_TORRES_2213,Fernanda_Torres,Maravilhosa ❤️❤️,❤️,,,N.A.,N.A.: rev,,,,,,,,,,,,,,,,,,,,,0,0,0,0,0,1,Afetivo,Neutro,0.0,,,,,,,,,,,,error,True
FERNANDA_TORRES_2214,Fernanda_Torres,@user nosso moviemaker oficial dos bastidores,,,,N.A.,N.A.: rev,,,,,,,,,,,,,,,,,,,,,0,0,0,0,0,1,Afetivo,Neutro,0.0,,,,,,,,,,,,error,True
FERNANDA_TORRES_2216,Fernanda_Torres,The best✨,✨,,,N.A.,N.A.: rev,,,,,,,,,,,,,,,,,,,,,0,0,0,0,0,1,Afetivo,Neutro,0.0,,,,,,,,,,,,error,True
FERNANDA_TORRES_2219,Fernanda_Torres,A melhor mãe 😍,😍,,,N.A.,N.A.: rev,,,,,,,,,,,,,,,,,,,,,0,0,0,0,0,1,Afetivo,Neutro,0.0,,,,,,,,,,,,error,True
FERNANDA_TORRES_2221,Fernanda_Torres,Campeã ❤️,❤️,,,N.A.,N.A.: rev,,,,,,,,,,,,,,,,,,,,,0,0,0,0,0,1,Afetivo,Neutro,0.0,,,,,,,,,,,,error,True
FERNANDA_TORRES_2222,Fernanda_Torres,É do 🇧🇷,🇧🇷,,,N.A.,N.A.: rev,,,,,,,,,,,,,,,,,,,,,0,0,0,0,0,1,Afetivo,Neutro,0.0,,,,,,,,,,,,error,True
FERNANDA_TORRES_2223,Fernanda_Torres,WINNER 🇧🇷🇧🇷🇧🇷🏆🏆🏆🏆,🇧🇷 🏆,,,N.A.,N.A.: rev,,,,,,,,,,,,,,,,,,,,,0,0,0,0,0,1,Afetivo,Neutro,0.0,,,,,,,,,,,,error,True
FERNANDA_TORRES_2226,Fernanda_Torres,A melhor ! 🇧🇷🏆,🇧🇷 🏆,,,N.A.,N.A.: rev,,,,,,,,,,,,,,,,,,,,,0,0,0,0,0,1,Afetivo,Neutro,0.0,,,,,,,,,,,,error,True
FERNANDA_TORRES_2229,Fernanda_Torres,"Fernanda Torres is a complete actress... Extremely versatile, from comedy to drama. Cinema and TV novelas gain so much from the talent, charisma, ethics, and respect she brings with her. Watching her performance is being open to feeling emotion.",,,,N.A.,N.A.: rev,,,,,,,,,,,,,,,,,,,,,0,0,0,0,0,1,Afetivo,Neutro,0.0,,,,,,,,,,,,error,True
FERNANDA_TORRES_2230,Fernanda_Torres,The Top,,,,N.A.,N.A.: rev,,,,,,,,,,,,,,,,,,,,,0,0,0,0,0,1,Afetivo,Neutro,0.0,,,,,,,,,,,,error,True
FERNANDA_TORRES_2231,Fernanda_Torres,Wow,,,,N.A.,N.A.: rev,,,,,,,,,,,,,,,,,,,,,0,0,0,0,0,1,Afetivo,Neutro,0.0,,,,,,,,,,,,error,True
FERNANDA_TORRES_2232,Fernanda_Torres,"É amor, gente! É amor!!!! ❤️❤️❤️❤️",❤️,,,N.A.,N.A.: rev,,,,,,,,,,,,,,,,,,,,,0,0,0,0,0,1,Afetivo,Neutro,0.0,,,,,,,,,,,,error,True
FERNANDA_TORRES_2234,Fernanda_Torres,A MAIOR DE TODAAAAASSSSS 🇧🇷🇧🇷,🇧🇷,,,N.A.,N.A.: rev,,,,,,,,,,,,,,,,,,,,,0,0,0,0,0,1,Afetivo,Neutro,0.0,,,,,,,,,,,,error,True
FERNANDA_TORRES_2236,Fernanda_Torres,A melhor 🏆❤️,🏆 ❤️,,,N.A.,N.A.: rev,,,,,,,,,,,,,,,,,,,,,0,0,0,0,0,1,Afetivo,Neutro,0.0,,,,,,,,,,,,error,True
FERNANDA_TORRES_2237,Fernanda_Torres,She deserves very much.,,,,N.A.,N.A.: rev,,,,,,,,,,,,,,,,,,,,,0,0,0,0,0,1,Afetivo,Neutro,0.0,,,,,,,,,,,,error,True
FERNANDA_TORRES_2238,Fernanda_Torres,"Vai, Fernanda 🇧🇷🏆",🇧🇷 🏆,,,N.A.,N.A.: rev,,,,,,,,,,,,,,,,,,,,,0,0,0,0,0,1,Afetivo,Neutro,0.0,,,,,,,,,,,,error,True
FERNANDA_TORRES_2240,Fernanda_Torres,DIVA,,,,N.A.,N.A.: rev,,,,,,,,,,,,,,,,,,,,,0,0,0,0,0,1,Afetivo,Neutro,0.0,,,,,,,,,,,,error,True
FERNANDA_TORRES_2241,Fernanda_Torres,Ela é um espetáculo!!! 🏆🏆🏆,🏆,,,N.A.,N.A.: rev,,,,,,,,,,,,,,,,,,,,,0,0,0,0,0,1,Afetivo,Neutro,0.0,,,,,,,,,,,,error,True
FERNANDA_TORRES_2243,Fernanda_Torres,😍 Perfeita 👏 🤩,😍 👏 🤩,,,N.A.,N.A.: rev,,,,,,,,,,,,,,,,,,,,,0,0,0,0,0,1,Afetivo,Neutro,0.0,,,,,,,,,,,,error,True
FERNANDA_TORRES_2244,Fernanda_Torres,The Best!,,,,N.A.,N.A.: rev,,,,,,,,,,,,,,,,,,,,,0,0,0,0,0,1,Afetivo,Neutro,0.0,,,,,,,,,,,,error,True
FERNANDA_TORRES_2246,Fernanda_Torres,Belíssima!,,,,N.A.,N.A.: rev,,,,,,,,,,,,,,,,,,,,,0,0,0,0,0,1,Afetivo,Neutro,0.0,,,,,,,,,,,,error,True
FERNANDA_TORRES_2247,Fernanda_Torres,🏆🏆🏆🏆🏆🏆🥇,🏆 🥇,,,N.A.,N.A.: rev,,,,,,,,,,,,,,,,,,,,,0,0,0,0,0,1,Afetivo,Neutro,0.0,,,,,,,,,,,,error,True
FERNANDA_TORRES_2248,Fernanda_Torres,E segue intacta!!!!,,,,N.A.,N.A.: rev,,,,,,,,,,,,,,,,,,,,,0,0,0,0,0,1,Afetivo,Neutro,0.0,,,,,,,,,,,,error,True
FERNANDA_TORRES_2250,Fernanda_Torres,Our Fernanda !!🇧🇷❤️,🇧🇷 ❤️,,,N.A.,N.A.: rev,,,,,,,,,,,,,,,,,,,,,0,0,0,0,0,1,Afetivo,Neutro,0.0,,,,,,,,,,,,error,True
FERNANDA_TORRES_2252,Fernanda_Torres,Maioral,,,,N.A.,N.A.: rev,,,,,,,,,,,,,,,,,,,,,0,0,0,0,0,1,Afetivo,Neutro,0.0,,,,,,,,,,,,error,True
FERNANDA_TORRES_2253,Fernanda_Torres,Lendária,,,,N.A.,N.A.: rev,,,,,,,,,,,,,,,,,,,,,0,0,0,0,0,1,Afetivo,Neutro,0.0,,,,,,,,,,,,error,True
FERNANDA_TORRES_2254,Fernanda_Torres,FERNANDA TORRES!!!!! 😍🏆🇧🇷🇧🇷🇧🇷,😍 🏆 🇧🇷,,,N.A.,N.A.: rev,,,,,,,,,,,,,,,,,,,,,0,0,0,0,0,1,Afetivo,Neutro,0.0,,,,,,,,,,,,error,True
FERNANDA_TORRES_2257,Fernanda_Torres,Yesss,,,,N.A.,N.A.: rev,,,,,,,,,,,,,,,,,,,,,0,0,0,0,0,1,Afetivo,Neutro,0.0,,,,,,,,,,,,error,True
FERNANDA_TORRES_2258,Fernanda_Torres,Má ôeeee!!! 🇧🇷🏆,🇧🇷 🏆,,,N.A.,N.A.: rev,,,,,,,,,,,,,,,,,,,,,0,0,0,0,0,1,Afetivo,Neutro,0.0,,,,,,,,,,,,error,True
FERNANDA_TORRES_2261,Fernanda_Torres,@user You have no idea how @user is amazing at everything he does! I'm Still Here l It's just a small sample of the big star that she is. 🏆✨,🏆 ✨,,,N.A.,N.A.: rev,,,,,,,,,,,,,,,,,,,,,0,0,0,0,0,1,Afetivo,Neutro,0.0,,,,,,,,,,,,error,True
FERNANDA_TORRES_3984,Fernanda_Torres,Que talento! 😍👏👏👏,😍 👏,,,N.A.,N.A.: rev,,,,,,,,,,,,,,,,,,,,,0,0,0,0,0,1,Afetivo,Neutro,0.0,,,,,,,,,,,,error,True
FERNANDA_TORRES_3985,Fernanda_Torres,É do Brasilllllll,,,,N.A.,N.A.: rev,,,,,,,,,,,,,,,,,,,,,0,0,0,0,0,1,Afetivo,Neutro,0.0,,,,,,,,,,,,error,True
FERNANDA_TORRES_3992,Fernanda_Torres,"Que orgulho, Fernanda Torres! O coração do Brasil bate por você!",,,,N.A.,N.A.: rev,,,,,,,,,,,,,,,,,,,,,0,0,0,0,0,1,Afetivo,Neutro,0.0,,,,,,,,,,,,error,True
FERNANDA_TORRES_3993,Fernanda_Torres,Maravilhosa!!!,,,,N.A.,N.A.: rev,,,,,,,,,,,,,,,,,,,,,0,0,0,0,0,1,Afetivo,Neutro,0.0,,,,,,,,,,,,error,True
FERNANDA_TORRES_3995,Fernanda_Torres,É hoje Fernandinha 🇧🇷,🇧🇷,,,N.A.,N.A.: rev,,,,,,,,,,,,,,,,,,,,,0,0,0,0,0,1,Afetivo,Neutro,0.0,,,,,,,,,,,,error,True
FERNANDA_TORRES_3997,Fernanda_Torres,Vai que é sua Fernanda Torres! Da época em que eu ainda curtia a seleção 🗣️,🗣️,,,N.A.,N.A.: rev,,,,,,,,,,,,,,,,,,,,,0,0,0,0,0,1,Afetivo,Neutro,0.0,,,,,,,,,,,,error,True
FERNANDA_TORRES_3998,Fernanda_Torres,🇧🇷 🏆✨ queen,🇧🇷 🏆 ✨,,,N.A.,N.A.: rev,,,,,,,,,,,,,,,,,,,,,0,0,0,0,0,1,Afetivo,Neutro,0.0,,,,,,,,,,,,error,True
FERNANDA_TORRES_3999,Fernanda_Torres,Torcendo pela Fernanda 🇧🇷🇧🇷🇧🇷🇧🇷🇧🇷🇧🇷🇧🇷,🇧🇷,,,N.A.,N.A.: rev,,,,,,,,,,,,,,,,,,,,,0,0,0,0,0,1,Afetivo,Neutro,0.0,,,,,,,,,,,,error,True
FERNANDA_TORRES_4001,Fernanda_Torres,🇧🇷🏆 a melhor,🇧🇷 🏆,,,N.A.,N.A.: rev,,,,,,,,,,,,,,,,,,,,,0,0,0,0,0,1,Afetivo,Neutro,0.0,,,,,,,,,,,,error,True
FERNANDA_TORRES_4002,Fernanda_Torres,"Hoje é dia de Oscar, bebê! ✨🇧🇷 Vai, Fernanda ✨❤️",🇧🇷 ❤️ ✨,,,N.A.,N.A.: rev,,,,,,,,,,,,,,,,,,,,,0,0,0,0,0,1,Afetivo,Neutro,0.0,,,,,,,,,,,,error,True
FERNANDA_TORRES_4003,Fernanda_Torres,Mulher incrível ❤️❤️❤️,❤️,,,N.A.,N.A.: rev,,,,,,,,,,,,,,,,,,,,,0,0,0,0,0,1,Afetivo,Neutro,0.0,,,,,,,,,,,,error,True
FERNANDA_TORRES_4004,Fernanda_Torres,Perfeita!!!!👏👏👏,👏,,,N.A.,N.A.: rev,,,,,,,,,,,,,,,,,,,,,0,0,0,0,0,1,Afetivo,Neutro,0.0,,,,,,,,,,,,error,True
FERNANDA_TORRES_4005,Fernanda_Torres,"congaratulations Fer,",,,,N.A.,N.A.: rev,,,,,,,,,,,,,,,,,,,,,0,0,0,0,0,1,Afetivo,Neutro,0.0,,,,,,,,,,,,error,True
FERNANDA_TORRES_4007,Fernanda_Torres,O Brasil é dos brasileiros,,,,N.A.,N.A.: rev,,,,,,,,,,,,,,,,,,,,,0,0,0,0,0,1,Afetivo,Neutro,0.0,,,,,,,,,,,,error,True
FERNANDA_TORRES_4012,Fernanda_Torres,Sorte Fernanda! Estamos torcendo por você!👏👏👏🇧🇷,🇧🇷 👏,,,N.A.,N.A.: rev,,,,,,,,,,,,,,,,,,,,,0,0,0,0,0,1,Afetivo,Neutro,0.0,,,,,,,,,,,,error,True
FERNANDA_TORRES_4013,Fernanda_Torres,É hoje 🇧🇷🏆✨,🇧🇷 🏆 ✨,,,N.A.,N.A.: rev,,,,,,,,,,,,,,,,,,,,,0,0,0,0,0,1,Afetivo,Neutro,0.0,,,,,,,,,,,,error,True
FERNANDA_TORRES_4014,Fernanda_Torres,Com orgulho já estamos! 👏🏆✨,🏆 👏 ✨,,,N.A.,N.A.: rev,,,,,,,,,,,,,,,,,,,,,0,0,0,0,0,1,Afetivo,Neutro,0.0,,,,,,,,,,,,error,True
FERNANDA_TORRES_4018,Fernanda_Torres,"Vaaamooooos Fernanda aaah, é hoje 🇧🇷❤️❤️❤️",🇧🇷 ❤️,,,N.A.,N.A.: rev,,,,,,,,,,,,,,,,,,,,,0,0,0,0,0,1,Afetivo,Neutro,0.0,,,,,,,,,,,,error,True
FERNANDA_TORRES_4019,Fernanda_Torres,"O discurso da entrega: eu escolho você, pikachu 🏆!!!",🏆,,,N.A.,N.A.: rev,,,,,,,,,,,,,,,,,,,,,0,0,0,0,0,1,Afetivo,Neutro,0.0,,,,,,,,,,,,error,True
FERNANDA_TORRES_4020,Fernanda_Torres,Só orgulho! Maravilhosa! 🇧🇷🏆,🇧🇷 🏆,,,N.A.,N.A.: rev,,,,,,,,,,,,,,,,,,,,,0,0,0,0,0,1,Afetivo,Neutro,0.0,,,,,,,,,,,,error,True
FERNANDA_TORRES_4021,Fernanda_Torres,Brasil 🇧🇷🏆,🇧🇷 🏆,,,N.A.,N.A.: rev,,,,,,,,,,,,,,,,,,,,,0,0,0,0,0,1,Afetivo,Neutro,0.0,,,,,,,,,,,,error,True
FERNANDA_TORRES_4023,Fernanda_Torres,Linda! É hoje!,,,,N.A.,N.A.: rev,,,,,,,,,,,,,,,,,,,,,0,0,0,0,0,1,Afetivo,Neutro,0.0,,,,,,,,,,,,error,True
FERNANDA_TORRES_4026,Fernanda_Torres,Esse Oscar já é SEU @user 🏆🇧🇷,🇧🇷 🏆,,,N.A.,N.A.: rev,,,,,,,,,,,,,,,,,,,,,0,0,0,0,0,1,Afetivo,Neutro,0.0,,,,,,,,,,,,error,True
FERNANDA_TORRES_4027,Fernanda_Torres,"@user, você sempre foi, e será eternamente maravilhosa e talentosa. O Brasil está com você nessa caminhada 🏆❤️",🏆 ❤️,,,N.A.,N.A.: rev,,,,,,,,,,,,,,,,,,,,,0,0,0,0,0,1,Afetivo,Neutro,0.0,,,,,,,,,,,,error,True
FERNANDA_TORRES_4029,Fernanda_Torres,"Nosssaaaaaaa Fernanda Torres, a melhor do mundo",,,,N.A.,N.A.: rev,,,,,,,,,,,,,,,,,,,,,0,0,0,0,0,1,Afetivo,Neutro,0.0,,,,,,,,,,,,error,True
FERNANDA_TORRES_4031,Fernanda_Torres,Se derrubar na área é pênalti 🔥,🔥,,,N.A.,N.A.: rev,,,,,,,,,,,,,,,,,,,,,0,0,0,0,0,1,Afetivo,Neutro,0.0,,,,,,,,,,,,error,True
FERNANDA_TORRES_4032,Fernanda_Torres,Potência feminina💛💛💛,💛,,,N.A.,N.A.: rev,,,,,,,,,,,,,,,,,,,,,0,0,0,0,0,1,Afetivo,Neutro,0.0,,,,,,,,,,,,error,True
FERNANDA_TORRES_4035,Fernanda_Torres,É hoje! 🏆🇧🇷😍,🇧🇷 🏆 😍,,,N.A.,N.A.: rev,,,,,,,,,,,,,,,,,,,,,0,0,0,0,0,1,Afetivo,Neutro,0.0,,,,,,,,,,,,error,True
FERNANDA_TORRES_4037,Fernanda_Torres,🏆🇧🇷🇧🇷 Queen ❤️,🇧🇷 🏆 ❤️,,,N.A.,N.A.: rev,,,,,,,,,,,,,,,,,,,,,0,0,0,0,0,1,Afetivo,Neutro,0.0,,,,,,,,,,,,error,True
FERNANDA_TORRES_4038,Fernanda_Torres,🇧🇷❤️ que mulher incrível!,🇧🇷 ❤️,,,N.A.,N.A.: rev,,,,,,,,,,,,,,,,,,,,,0,0,0,0,0,1,Afetivo,Neutro,0.0,,,,,,,,,,,,error,True
FERNANDA_TORRES_4040,Fernanda_Torres,Divaaaa ❤️🇧🇷,🇧🇷 ❤️,,,N.A.,N.A.: rev,,,,,,,,,,,,,,,,,,,,,0,0,0,0,0,1,Afetivo,Neutro,0.0,,,,,,,,,,,,error,True
FERNANDA_TORRES_4041,Fernanda_Torres,Maravilhosa,,,,N.A.,N.A.: rev,,,,,,,,,,,,,,,,,,,,,0,0,0,0,0,1,Afetivo,Neutro,0.0,,,,,,,,,,,,error,True
FERNANDA_TORRES_4043,Fernanda_Torres,"Já levou nosso coração, só falta o Oscar ❤️",❤️,,,N.A.,N.A.: rev,,,,,,,,,,,,,,,,,,,,,0,0,0,0,0,1,Afetivo,Neutro,0.0,,,,,,,,,,,,error,True
FERNANDA_TORRES_4045,Fernanda_Torres,Mami 🇧🇷,🇧🇷,,,N.A.,N.A.: rev,,,,,,,,,,,,,,,,,,,,,0,0,0,0,0,1,Afetivo,Neutro,0.0,,,,,,,,,,,,error,True
FERNANDA_TORRES_4046,Fernanda_Torres,Vamossss. 🇧🇷🏆,🇧🇷 🏆,,,N.A.,N.A.: rev,,,,,,,,,,,,,,,,,,,,,0,0,0,0,0,1,Afetivo,Neutro,0.0,,,,,,,,,,,,error,True
FERNANDA_TORRES_4047,Fernanda_Torres,ja pode comemorar?,,,,N.A.,N.A.: rev,,,,,,,,,,,,,,,,,,,,,0,0,0,0,0,1,Afetivo,Neutro,0.0,,,,,,,,,,,,error,True
FERNANDA_TORRES_4052,Fernanda_Torres,🏆 se não for eh treta! ❤️,🏆 ❤️,,,N.A.,N.A.: rev,,,,,,,,,,,,,,,,,,,,,0,0,0,0,0,1,Afetivo,Neutro,0.0,,,,,,,,,,,,error,True
FERNANDA_TORRES_4053,Fernanda_Torres,Winner 🏆👏,🏆 👏,,,N.A.,N.A.: rev,,,,,,,,,,,,,,,,,,,,,0,0,0,0,0,1,Afetivo,Neutro,0.0,,,,,,,,,,,,error,True
FERNANDA_TORRES_4054,Fernanda_Torres,The best 🇧🇷🏆👏👏👏👏👏👏,🇧🇷 🏆 👏,,,N.A.,N.A.: rev,,,,,,,,,,,,,,,,,,,,,0,0,0,0,0,1,Afetivo,Neutro,0.0,,,,,,,,,,,,error,True
FERNANDA_TORRES_4055,Fernanda_Torres,Rainha 👑 ✨,👑 ✨,,,N.A.,N.A.: rev,,,,,,,,,,,,,,,,,,,,,0,0,0,0,0,1,Afetivo,Neutro,0.0,,,,,,,,,,,,error,True
FERNANDA_TORRES_4057,Fernanda_Torres,É hoje!,,,,N.A.,N.A.: rev,,,,,,,,,,,,,,,,,,,,,0,0,0,0,0,1,Afetivo,Neutro,0.0,,,,,,,,,,,,error,True
FERNANDA_TORRES_4058,Fernanda_Torres,Melhorrrrrrrrr,,,,N.A.,N.A.: rev,,,,,,,,,,,,,,,,,,,,,0,0,0,0,0,1,Afetivo,Neutro,0.0,,,,,,,,,,,,error,True
FERNANDA_TORRES_4072,Fernanda_Torres,Por favor Deus nunca te pedi nada,,,,N.A.,N.A.: rev,,,,,,,,,,,,,,,,,,,,,0,0,0,0,0,1,Afetivo,Neutro,0.0,,,,,,,,,,,,error,True
FERNANDA_TORRES_4079,Fernanda_Torres,A maior 🇧🇷,🇧🇷,,,N.A.,N.A.: rev,,,,,,,,,,,,,,,,,,,,,0,0,0,0,0,1,Afetivo,Neutro,0.0,,,,,,,,,,,,error,True
FERNANDA_TORRES_4083,Fernanda_Torres,A MAIOR DE TODAS! ÚNICA E INCOMPARÁVEL! A MELHOR DO MUNDO. 🇧🇷 Uma atriz que vai da comédia ao drama com a mesma perfeição. QUEEN @user,🇧🇷,,,N.A.,N.A.: rev,,,,,,,,,,,,,,,,,,,,,0,0,0,0,0,1,Afetivo,Neutro,0.0,,,,,,,,,,,,error,True
FERNANDA_TORRES_4084,Fernanda_Torres,MOTHER🏆❤️,🏆 ❤️,,,N.A.,N.A.: rev,,,,,,,,,,,,,,,,,,,,,0,0,0,0,0,1,Afetivo,Neutro,0.0,,,,,,,,,,,,error,True
FERNANDA_TORRES_4089,Fernanda_Torres,É hojeeeeeee,,,,N.A.,N.A.: rev,,,,,,,,,,,,,,,,,,,,,0,0,0,0,0,1,Afetivo,Neutro,0.0,,,,,,,,,,,,error,True
FERNANDA_TORRES_4092,Fernanda_Torres,LETS GOOOOOOOO,,,,N.A.,N.A.: rev,,,,,,,,,,,,,,,,,,,,,0,0,0,0,0,1,Afetivo,Neutro,0.0,,,,,,,,,,,,error,True
FERNANDA_TORRES_4093,Fernanda_Torres,Go Fernandaaaa,,,,N.A.,N.A.: rev,,,,,,,,,,,,,,,,,,,,,0,0,0,0,0,1,Afetivo,Neutro,0.0,,,,,,,,,,,,error,True
FERNANDA_TORRES_4099,Fernanda_Torres,É hoje gente: vamos ganhar!!,,,,N.A.,N.A.: rev,,,,,,,,,,,,,,,,,,,,,0,0,0,0,0,1,Afetivo,Neutro,0.0,,,,,,,,,,,,error,True
FERNANDA_TORRES_4100,Fernanda_Torres,Vai Brasil!!!🇧🇷,🇧🇷,,,N.A.,N.A.: rev,,,,,,,,,,,,,,,,,,,,,0,0,0,0,0,1,Afetivo,Neutro,0.0,,,,,,,,,,,,error,True
FERNANDA_TORRES_4101,Fernanda_Torres,A melhor do mundo e só isso importa!!! ❤️🇧🇷👏🏆,🏆 🇧🇷 👏 ❤️,,,N.A.,N.A.: rev,,,,,,,,,,,,,,,,,,,,,0,0,0,0,0,1,Afetivo,Neutro,0.0,,,,,,,,,,,,error,True
FERNANDA_TORRES_4103,Fernanda_Torres,chegou o diaaaa,,,,N.A.,N.A.: rev,,,,,,,,,,,,,,,,,,,,,0,0,0,0,0,1,Afetivo,Neutro,0.0,,,,,,,,,,,,error,True
FERNANDA_TORRES_4104,Fernanda_Torres,A melhorrrr🇧🇷🇧🇷🇧🇷,🇧🇷,,,N.A.,N.A.: rev,,,,,,,,,,,,,,,,,,,,,0,0,0,0,0,1,Afetivo,Neutro,0.0,,,,,,,,,,,,error,True
FERNANDA_TORRES_4107,Fernanda_Torres,Queen ❤️🥰❤️🥰,🥰 ❤️,,,N.A.,N.A.: rev,,,,,,,,,,,,,,,,,,,,,0,0,0,0,0,1,Afetivo,Neutro,0.0,,,,,,,,,,,,error,True
FERNANDA_TORRES_4110,Fernanda_Torres,Filme maravilhoso! 🇧🇷,🇧🇷,,,N.A.,N.A.: rev,,,,,,,,,,,,,,,,,,,,,0,0,0,0,0,1,Afetivo,Neutro,0.0,,,,,,,,,,,,error,True
FERNANDA_TORRES_4111,Fernanda_Torres,The Best 🙌,🙌,,,N.A.,N.A.: rev,,,,,,,,,,,,,,,,,,,,,0,0,0,0,0,1,Afetivo,Neutro,0.0,,,,,,,,,,,,error,True
FERNANDA_TORRES_4112,Fernanda_Torres,Maravilhosa!!!!🏆🏆🏆❤️❤️❤️,🏆 ❤️,,,N.A.,N.A.: rev,,,,,,,,,,,,,,,,,,,,,0,0,0,0,0,1,Afetivo,Neutro,0.0,,,,,,,,,,,,error,True
FERNANDA_TORRES_4117,Fernanda_Torres,Fernanda 🏆🏆🏆🏆🏆,🏆,,,N.A.,N.A.: rev,,,,,,,,,,,,,,,,,,,,,0,0,0,0,0,1,Afetivo,Neutro,0.0,,,,,,,,,,,,error,True
FERNANDA_TORRES_4118,Fernanda_Torres,Maravilhosaaaaaaaaa!!!!!,,,,N.A.,N.A.: rev,,,,,,,,,,,,,,,,,,,,,0,0,0,0,0,1,Afetivo,Neutro,0.0,,,,,,,,,,,,error,True
FERNANDA_TORRES_4121,Fernanda_Torres,A melhor! 🏆🏆🏆🏆🏆✨✨✨✨✨🇧🇷🇧🇷🇧🇷🇧🇷🇧🇷🇧🇷🇧🇷🇧🇷🇧🇷,🇧🇷 🏆 ✨,,,N.A.,N.A.: rev,,,,,,,,,,,,,,,,,,,,,0,0,0,0,0,1,Afetivo,Neutro,0.0,,,,,,,,,,,,error,True
FERNANDA_TORRES_4127,Fernanda_Torres,GO FERNANDA TOWERS,,,,N.A.,N.A.: rev,,,,,,,,,,,,,,,,,,,,,0,0,0,0,0,1,Afetivo,Neutro,0.0,,,,,,,,,,,,error,True
FERNANDA_TORRES_4131,Fernanda_Torres,BRASIL 🇧🇷🇧🇷🇧🇷🇧🇷🇧🇷,🇧🇷,,,N.A.,N.A.: rev,,,,,,,,,,,,,,,,,,,,,0,0,0,0,0,1,Afetivo,Neutro,0.0,,,,,,,,,,,,error,True
FERNANDA_TORRES_4132,Fernanda_Torres,Fernandaaaaaaaa ja ganhouuuuuu 🏆🏆🏆🏆🏆🇧🇷🇧🇷🇧🇷🇧🇷🇧🇷🇧🇷❤️❤️❤️❤️,🇧🇷 🏆 ❤️,,,N.A.,N.A.: rev,,,,,,,,,,,,,,,,,,,,,0,0,0,0,0,1,Afetivo,Neutro,0.0,,,,,,,,,,,,error,True
FERNANDA_TORRES_4142,Fernanda_Torres,Today is the day!!!,,,,N.A.,N.A.: rev,,,,,,,,,,,,,,,,,,,,,0,0,0,0,0,1,Afetivo,Neutro,0.0,,,,,,,,,,,,error,True
FERNANDA_TORRES_4143,Fernanda_Torres,"O Oscar é teu, DIVA!!!😍👏😍👏",😍 👏,,,N.A.,N.A.: rev,,,,,,,,,,,,,,,,,,,,,0,0,0,0,0,1,Afetivo,Neutro,0.0,,,,,,,,,,,,error,True
FERNANDA_TORRES_4146,Fernanda_Torres,É HOJEEEEE!!!!🇧🇷🏆✨🔥,🇧🇷 🏆 🔥 ✨,,,N.A.,N.A.: rev,,,,,,,,,,,,,,,,,,,,,0,0,0,0,0,1,Afetivo,Neutro,0.0,,,,,,,,,,,,error,True
FERNANDA_TORRES_4147,Fernanda_Torres,Queen ❤️,❤️,,,N.A.,N.A.: rev,,,,,,,,,,,,,,,,,,,,,0,0,0,0,0,1,Afetivo,Neutro,0.0,,,,,,,,,,,,error,True
FERNANDA_TORRES_4149,Fernanda_Torres,Diva 🇧🇷🏆,🇧🇷 🏆,,,N.A.,N.A.: rev,,,,,,,,,,,,,,,,,,,,,0,0,0,0,0,1,Afetivo,Neutro,0.0,,,,,,,,,,,,error,True
FERNANDA_TORRES_4150,Fernanda_Torres,Já ganhouuuuuuuu,,,,N.A.,N.A.: rev,,,,,,,,,,,,,,,,,,,,,0,0,0,0,0,1,Afetivo,Neutro,0.0,,,,,,,,,,,,error,True
FERNANDA_TORRES_4151,Fernanda_Torres,Rainha 🇧🇷,🇧🇷,,,N.A.,N.A.: rev,,,,,,,,,,,,,,,,,,,,,0,0,0,0,0,1,Afetivo,Neutro,0.0,,,,,,,,,,,,error,True
FERNANDA_TORRES_4154,Fernanda_Torres,Today is the day: go Fernanda!,,,,N.A.,N.A.: rev,,,,,,,,,,,,,,,,,,,,,0,0,0,0,0,1,Afetivo,Neutro,0.0,,,,,,,,,,,,error,True
FERNANDA_TORRES_4157,Fernanda_Torres,É hojeeeeeee❤️❤️❤️❤️❤️,❤️,,,N.A.,N.A.: rev,,,,,,,,,,,,,,,,,,,,,0,0,0,0,0,1,Afetivo,Neutro,0.0,,,,,,,,,,,,error,True
FERNANDA_TORRES_4158,Fernanda_Torres,Vem vem vem vem🇧🇷🇧🇷🇧🇷🇧🇷🇧🇷🏆🏆🏆🏆🏆🏆,🇧🇷 🏆,,,N.A.,N.A.: rev,,,,,,,,,,,,,,,,,,,,,0,0,0,0,0,1,Afetivo,Neutro,0.0,,,,,,,,,,,,error,True
FERNANDA_TORRES_4169,Fernanda_Torres,The best,,,,N.A.,N.A.: rev,,,,,,,,,,,,,,,,,,,,,0,0,0,0,0,1,Afetivo,Neutro,0.0,,,,,,,,,,,,error,True
FERNANDA_TORRES_4177,Fernanda_Torres,Perfeita!❤️🇧🇷✨,🇧🇷 ❤️ ✨,,,N.A.,N.A.: rev,,,,,,,,,,,,,,,,,,,,,0,0,0,0,0,1,Afetivo,Neutro,0.0,,,,,,,,,,,,error,True
FERNANDA_TORRES_4188,Fernanda_Torres,Perfect 😍❤️🏆✨,😍 🏆 ❤️ ✨,,,N.A.,N.A.: rev,,,,,,,,,,,,,,,,,,,,,0,0,0,0,0,1,Afetivo,Neutro,0.0,,,,,,,,,,,,error,True
FERNANDA_TORRES_4189,Fernanda_Torres,Pra cimaaaaaaa Fernanda é hoje que você coloca o Brasil no mapa e quebra de vez o paradigma o Hexa está mais próximo do que imaginamos!!!!🏆🏆🏆🏆,🏆,,,N.A.,N.A.: rev,,,,,,,,,,,,,,,,,,,,,0,0,0,0,0,1,Afetivo,Neutro,0.0,,,,,,,,,,,,error,True
FERNANDA_TORRES_4190,Fernanda_Torres,🏆 nossa campeã 🇧🇷 🏆✨ ❤️🙌👏👏 she is Mother,👏 ✨ 🙌 🇧🇷 🏆 ❤️,,,N.A.,N.A.: rev,,,,,,,,,,,,,,,,,,,,,0,0,0,0,0,1,Afetivo,Neutro,0.0,,,,,,,,,,,,error,True
FERNANDA_TORRES_4200,Fernanda_Torres,Musaaaaa!!! 🇧🇷🇧🇷🇧🇷🇧🇷🇧🇷,🇧🇷,,,N.A.,N.A.: rev,,,,,,,,,,,,,,,,,,,,,0,0,0,0,0,1,Afetivo,Neutro,0.0,,,,,,,,,,,,error,True
FERNANDA_TORRES_4202,Fernanda_Torres,🇧🇷🇧🇷🇧🇷 Obrigada Fernanda por essa alegria,🇧🇷,,,N.A.,N.A.: rev,,,,,,,,,,,,,,,,,,,,,0,0,0,0,0,1,Afetivo,Neutro,0.0,,,,,,,,,,,,error,True
FERNANDA_TORRES_4204,Fernanda_Torres,"Maravilha, sensacional.",,,,N.A.,N.A.: rev,,,,,,,,,,,,,,,,,,,,,0,0,0,0,0,1,Afetivo,Neutro,0.0,,,,,,,,,,,,error,True
FERNANDA_TORRES_4205,Fernanda_Torres,🔥 Shine bright! She’s the Queen of Carnival! 🇧🇷🏆🇧🇷,🔥 🏆 🇧🇷,,,N.A.,N.A.: rev,,,,,,,,,,,,,,,,,,,,,0,0,0,0,0,1,Afetivo,Neutro,0.0,,,,,,,,,,,,error,True
FERNANDA_TORRES_4206,Fernanda_Torres,"Fernanda Torres, minha querida! Você é tipo aquele vinho que só melhora com o tempo, ou aquele prato que a gente repete no restaurante porque é bom demais. Levei meus filhos pra te ver, e agora eles tão aí, adolescentes, mas já com um gosto refinado pra arte, graças a você! Seja minha madrinha artística, ou pelo menos me adota nas redes? 😂🎭 #fernandatorres #minhainspiracao 🍷✨",😂 🎭 🍷 ✨,,,N.A.,N.A.: rev,,,,,,,,,,,,,,,,,,,,,0,0,0,0,0,1,Afetivo,Neutro,0.0,,,,,,,,,,,,error,True
FERNANDA_TORRES_4212,Fernanda_Torres,Eh hoje!!!❤️🇧🇷,🇧🇷 ❤️,,,N.A.,N.A.: rev,,,,,,,,,,,,,,,,,,,,,0,0,0,0,0,1,Afetivo,Neutro,0.0,,,,,,,,,,,,error,True
FERNANDA_TORRES_4217,Fernanda_Torres,INCOMPARÁVEL🏆❤️👏,🏆 👏 ❤️,,,N.A.,N.A.: rev,,,,,,,,,,,,,,,,,,,,,0,0,0,0,0,1,Afetivo,Neutro,0.0,,,,,,,,,,,,error,True
FERNANDA_TORRES_4223,Fernanda_Torres,Maravilhosa ❤️🏆,🏆 ❤️,,,N.A.,N.A.: rev,,,,,,,,,,,,,,,,,,,,,0,0,0,0,0,1,Afetivo,Neutro,0.0,,,,,,,,,,,,error,True
FERNANDA_TORRES_4224,Fernanda_Torres,Olha onde a Fátima chegou,,,,N.A.,N.A.: rev,,,,,,,,,,,,,,,,,,,,,0,0,0,0,0,1,Afetivo,Neutro,0.0,,,,,,,,,,,,error,True
FERNANDA_TORRES_4227,Fernanda_Torres,Maravilhosa 🇧🇷🇧🇷🇧🇷,🇧🇷,,,N.A.,N.A.: rev,,,,,,,,,,,,,,,,,,,,,0,0,0,0,0,1,Afetivo,Neutro,0.0,,,,,,,,,,,,error,True
FERNANDA_TORRES_4230,Fernanda_Torres,VAMOOOO 🇧🇷🇧🇷🔥,🇧🇷 🔥,,,N.A.,N.A.: rev,,,,,,,,,,,,,,,,,,,,,0,0,0,0,0,1,Afetivo,Neutro,0.0,,,,,,,,,,,,error,True
FERNANDA_TORRES_4236,Fernanda_Torres,Belíssima!!!!🇧🇷🇧🇷🇧🇷🇧🇷❤️❤️❤️❤️,🇧🇷 ❤️,,,N.A.,N.A.: rev,,,,,,,,,,,,,,,,,,,,,0,0,0,0,0,1,Afetivo,Neutro,0.0,,,,,,,,,,,,error,True
FERNANDA_TORRES_4237,Fernanda_Torres,👏🏻👏🏼,👏🏼 👏🏻,,,N.A.,N.A.: rev,,,,,,,,,,,,,,,,,,,,,0,0,0,0,0,1,Afetivo,Neutro,0.0,,,,,,,,,,,,error,True
FERNANDA_TORRES_4239,Fernanda_Torres,@user estamos na torcida! 😍🇧🇷,😍 🇧🇷,,,N.A.,N.A.: rev,,,,,,,,,,,,,,,,,,,,,0,0,0,0,0,1,Afetivo,Neutro,0.0,,,,,,,,,,,,error,True
FERNANDA_TORRES_4241,Fernanda_Torres,Vai fernandaaaaaaa…,,,,N.A.,N.A.: rev,,,,,,,,,,,,,,,,,,,,,0,0,0,0,0,1,Afetivo,Neutro,0.0,,,,,,,,,,,,error,True
FERNANDA_TORRES_4243,Fernanda_Torres,Fernanda ❤️❤️❤️🇧🇷🏆,🇧🇷 🏆 ❤️,,,N.A.,N.A.: rev,,,,,,,,,,,,,,,,,,,,,0,0,0,0,0,1,Afetivo,Neutro,0.0,,,,,,,,,,,,error,True
FERNANDA_TORRES_4244,Fernanda_Torres,É ela❤️,❤️,,,N.A.,N.A.: rev,,,,,,,,,,,,,,,,,,,,,0,0,0,0,0,1,Afetivo,Neutro,0.0,,,,,,,,,,,,error,True
FERNANDA_TORRES_4245,Fernanda_Torres,Brasil🇧🇷,🇧🇷,,,N.A.,N.A.: rev,,,,,,,,,,,,,,,,,,,,,0,0,0,0,0,1,Afetivo,Neutro,0.0,,,,,,,,,,,,error,True
FERNANDA_TORRES_4246,Fernanda_Torres,LENDÁRIA 🇧🇷🏆,🇧🇷 🏆,,,N.A.,N.A.: rev,,,,,,,,,,,,,,,,,,,,,0,0,0,0,0,1,Afetivo,Neutro,0.0,,,,,,,,,,,,error,True
FERNANDA_TORRES_4247,Fernanda_Torres,Vai Raiiiinhaaaaaa,,,,N.A.,N.A.: rev,,,,,,,,,,,,,,,,,,,,,0,0,0,0,0,1,Afetivo,Neutro,0.0,,,,,,,,,,,,error,True
FERNANDA_TORRES_4255,Fernanda_Torres,Incrível é elaaaa,,,,N.A.,N.A.: rev,,,,,,,,,,,,,,,,,,,,,0,0,0,0,0,1,Afetivo,Neutro,0.0,,,,,,,,,,,,error,True
FERNANDA_TORRES_4259,Fernanda_Torres,Gloriosa🇧🇷🏆,🇧🇷 🏆,,,N.A.,N.A.: rev,,,,,,,,,,,,,,,,,,,,,0,0,0,0,0,1,Afetivo,Neutro,0.0,,,,,,,,,,,,error,True
FERNANDA_TORRES_4262,Fernanda_Torres,A melhor . Top,,,,N.A.,N.A.: rev,,,,,,,,,,,,,,,,,,,,,0,0,0,0,0,1,Afetivo,Neutro,0.0,,,,,,,,,,,,error,True
FERNANDA_TORRES_4263,Fernanda_Torres,Tem que levar 🇧🇷😍❤️❤️❤️,🇧🇷 ❤️ 😍,,,N.A.,N.A.: rev,,,,,,,,,,,,,,,,,,,,,0,0,0,0,0,1,Afetivo,Neutro,0.0,,,,,,,,,,,,error,True
FERNANDA_TORRES_4268,Fernanda_Torres,The best,,,,N.A.,N.A.: rev,,,,,,,,,,,,,,,,,,,,,0,0,0,0,0,1,Afetivo,Neutro,0.0,,,,,,,,,,,,error,True
FERNANDA_TORRES_4271,Fernanda_Torres,Vai Brasil porra,,,,N.A.,N.A.: rev,,,,,,,,,,,,,,,,,,,,,0,0,0,0,0,1,Afetivo,Neutro,0.0,,,,,,,,,,,,error,True
FERNANDA_TORRES_4273,Fernanda_Torres,Vai Fernanda! O Brasil está com você 🏆🇧🇷❤️,🇧🇷 🏆 ❤️,,,N.A.,N.A.: rev,,,,,,,,,,,,,,,,,,,,,0,0,0,0,0,1,Afetivo,Neutro,0.0,,,,,,,,,,,,error,True
FERNANDA_TORRES_4275,Fernanda_Torres,vc vai vencer confia,,,,N.A.,N.A.: rev,,,,,,,,,,,,,,,,,,,,,0,0,0,0,0,1,Afetivo,Neutro,0.0,,,,,,,,,,,,error,True
FERNANDA_TORRES_4280,Fernanda_Torres,Pra cimaaaaaaa,,,,N.A.,N.A.: rev,,,,,,,,,,,,,,,,,,,,,0,0,0,0,0,1,Afetivo,Neutro,0.0,,,,,,,,,,,,error,True
FERNANDA_TORRES_4282,Fernanda_Torres,NOSSA RAINHA 👑🏆❤️🇧🇷,🇧🇷 🏆 ❤️ 👑,,,N.A.,N.A.: rev,,,,,,,,,,,,,,,,,,,,,0,0,0,0,0,1,Afetivo,Neutro,0.0,,,,,,,,,,,,error,True
FERNANDA_TORRES_4283,Fernanda_Torres,já ganhou tan tan tan,,,,N.A.,N.A.: rev,,,,,,,,,,,,,,,,,,,,,0,0,0,0,0,1,Afetivo,Neutro,0.0,,,,,,,,,,,,error,True
FERNANDA_TORRES_4286,Fernanda_Torres,Vai Fernanda ❤️,❤️,,,N.A.,N.A.: rev,,,,,,,,,,,,,,,,,,,,,0,0,0,0,0,1,Afetivo,Neutro,0.0,,,,,,,,,,,,error,True
FERNANDA_TORRES_4287,Fernanda_Torres,Excelente atriz,,,,N.A.,N.A.: rev,,,,,,,,,,,,,,,,,,,,,0,0,0,0,0,1,Afetivo,Neutro,0.0,,,,,,,,,,,,error,True
FERNANDA_TORRES_4290,Fernanda_Torres,"Bora, Feranandaaaaa!!! 🙏🏻🙏🏻🙏🏻🙏🏻",🙏🏻,,,N.A.,N.A.: rev,,,,,,,,,,,,,,,,,,,,,0,0,0,0,0,1,Afetivo,Neutro,0.0,,,,,,,,,,,,error,True
FERNANDA_TORRES_4291,Fernanda_Torres,The best,,,,N.A.,N.A.: rev,,,,,,,,,,,,,,,,,,,,,0,0,0,0,0,1,Afetivo,Neutro,0.0,,,,,,,,,,,,error,True
FERNANDA_TORRES_4295,Fernanda_Torres,NOSSA MÃE,,,,N.A.,N.A.: rev,,,,,,,,,,,,,,,,,,,,,0,0,0,0,0,1,Afetivo,Neutro,0.0,,,,,,,,,,,,error,True
FERNANDA_TORRES_4296,Fernanda_Torres,JÁ VENCEU,,,,N.A.,N.A.: rev,,,,,,,,,,,,,,,,,,,,,0,0,0,0,0,1,Afetivo,Neutro,0.0,,,,,,,,,,,,error,True
FERNANDA_TORRES_4301,Fernanda_Torres,This is Brazil 🇧🇷🇧🇷🏆❤️,🇧🇷 🏆 ❤️,,,N.A.,N.A.: rev,,,,,,,,,,,,,,,,,,,,,0,0,0,0,0,1,Afetivo,Neutro,0.0,,,,,,,,,,,,error,True
FERNANDA_TORRES_4302,Fernanda_Torres,Maravilhosa🇧🇷❤️,🇧🇷 ❤️,,,N.A.,N.A.: rev,,,,,,,,,,,,,,,,,,,,,0,0,0,0,0,1,Afetivo,Neutro,0.0,,,,,,,,,,,,error,True
FERNANDA_TORRES_4306,Fernanda_Torres,Everyone in Brazil is supporting Fernanda and the movie “i’m still here” tonight!!,,,,N.A.,N.A.: rev,,,,,,,,,,,,,,,,,,,,,0,0,0,0,0,1,Afetivo,Neutro,0.0,,,,,,,,,,,,error,True
FERNANDA_TORRES_4307,Fernanda_Torres,Bença Mãe! 🙏🏻,🙏🏻,,,N.A.,N.A.: rev,,,,,,,,,,,,,,,,,,,,,0,0,0,0,0,1,Afetivo,Neutro,0.0,,,,,,,,,,,,error,True
FERNANDA_TORRES_4311,Fernanda_Torres,É nosso,,,,N.A.,N.A.: rev,,,,,,,,,,,,,,,,,,,,,0,0,0,0,0,1,Afetivo,Neutro,0.0,,,,,,,,,,,,error,True
FERNANDA_TORRES_4316,Fernanda_Torres,🏆🏆 Maravilhosa,🏆,,,N.A.,N.A.: rev,,,,,,,,,,,,,,,,,,,,,0,0,0,0,0,1,Afetivo,Neutro,0.0,,,,,,,,,,,,error,True
FERNANDA_TORRES_4317,Fernanda_Torres,She is the Best 🇧🇷😍🏆❤️,🇧🇷 🏆 ❤️ 😍,,,N.A.,N.A.: rev,,,,,,,,,,,,,,,,,,,,,0,0,0,0,0,1,Afetivo,Neutro,0.0,,,,,,,,,,,,error,True
FERNANDA_TORRES_4318,Fernanda_Torres,NOSSA RAINHAAAAAA,,,,N.A.,N.A.: rev,,,,,,,,,,,,,,,,,,,,,0,0,0,0,0,1,Afetivo,Neutro,0.0,,,,,,,,,,,,error,True
FERNANDA_TORRES_4319,Fernanda_Torres,NOSSA PIKACHUUUUUU,,,,N.A.,N.A.: rev,,,,,,,,,,,,,,,,,,,,,0,0,0,0,0,1,Afetivo,Neutro,0.0,,,,,,,,,,,,error,True
FERNANDA_TORRES_4329,Fernanda_Torres,Deusaaaa ❤️,❤️,,,N.A.,N.A.: rev,,,,,,,,,,,,,,,,,,,,,0,0,0,0,0,1,Afetivo,Neutro,0.0,,,,,,,,,,,,error,True
FERNANDA_TORRES_4331,Fernanda_Torres,Nós vamos sorrir!😍🇧🇷🏆🏆✨,😍 🏆 🇧🇷 ✨,,,N.A.,N.A.: rev,,,,,,,,,,,,,,,,,,,,,0,0,0,0,0,1,Afetivo,Neutro,0.0,,,,,,,,,,,,error,True
FERNANDA_TORRES_4335,Fernanda_Torres,Nós vamos sorrir!!!! 🇧🇷,🇧🇷,,,N.A.,N.A.: rev,,,,,,,,,,,,,,,,,,,,,0,0,0,0,0,1,Afetivo,Neutro,0.0,,,,,,,,,,,,error,True
FERNANDA_TORRES_4337,Fernanda_Torres,Perfeita ❤️,❤️,,,N.A.,N.A.: rev,,,,,,,,,,,,,,,,,,,,,0,0,0,0,0,1,Afetivo,Neutro,0.0,,,,,,,,,,,,error,True
FERNANDA_TORRES_4339,Fernanda_Torres,Oscar 2025 goin to Fernanda Torres 🏆 @user,🏆,,,N.A.,N.A.: rev,,,,,,,,,,,,,,,,,,,,,0,0,0,0,0,1,Afetivo,Neutro,0.0,,,,,,,,,,,,error,True
FERNANDA_TORRES_4341,Fernanda_Torres,"A melhor, já ganhou!!! 🇧🇷👏🇧🇷👏🇧🇷👏",🇧🇷 👏,,,N.A.,N.A.: rev,,,,,,,,,,,,,,,,,,,,,0,0,0,0,0,1,Afetivo,Neutro,0.0,,,,,,,,,,,,error,True
FERNANDA_TORRES_4343,Fernanda_Torres,Mamacitaaaaaaaa🏆🏆🏆🏆,🏆,,,N.A.,N.A.: rev,,,,,,,,,,,,,,,,,,,,,0,0,0,0,0,1,Afetivo,Neutro,0.0,,,,,,,,,,,,error,True
FERNANDA_TORRES_4345,Fernanda_Torres,🏆🏆🏆 Brazil - Fernanda Torres,🏆,,,N.A.,N.A.: rev,,,,,,,,,,,,,,,,,,,,,0,0,0,0,0,1,Afetivo,Neutro,0.0,,,,,,,,,,,,error,True
FERNANDA_TORRES_4346,Fernanda_Torres,Totalmente aclamada! The Oscar Goes to Fernanda Torres 🏆🇧🇷🇧🇷👏,🇧🇷 🏆 👏,,,N.A.,N.A.: rev,,,,,,,,,,,,,,,,,,,,,0,0,0,0,0,1,Afetivo,Neutro,0.0,,,,,,,,,,,,error,True
FERNANDA_TORRES_4347,Fernanda_Torres,❤️ Oscar - Fernanda Torres @user 🏆🏆🏆,🏆 ❤️,,,N.A.,N.A.: rev,,,,,,,,,,,,,,,,,,,,,0,0,0,0,0,1,Afetivo,Neutro,0.0,,,,,,,,,,,,error,True
FERNANDA_TORRES_4350,Fernanda_Torres,MARAVILHOSA!! 🇧🇷,🇧🇷,,,N.A.,N.A.: rev,,,,,,,,,,,,,,,,,,,,,0,0,0,0,0,1,Afetivo,Neutro,0.0,,,,,,,,,,,,error,True
FERNANDA_TORRES_4351,Fernanda_Torres,🇧🇷🇧🇷🇧🇷🇧🇷🇧🇷 Go @user,🇧🇷,,,N.A.,N.A.: rev,,,,,,,,,,,,,,,,,,,,,0,0,0,0,0,1,Afetivo,Neutro,0.0,,,,,,,,,,,,error,True
FERNANDA_TORRES_4352,Fernanda_Torres,E vamo que vamos,,,,N.A.,N.A.: rev,,,,,,,,,,,,,,,,,,,,,0,0,0,0,0,1,Afetivo,Neutro,0.0,,,,,,,,,,,,error,True
FERNANDA_TORRES_4354,Fernanda_Torres,Sa porra travou em 856mil?,,,,N.A.,N.A.: rev,,,,,,,,,,,,,,,,,,,,,0,0,0,0,0,1,Afetivo,Neutro,0.0,,,,,,,,,,,,error,True
FERNANDA_TORRES_4356,Fernanda_Torres,Divaaa,,,,N.A.,N.A.: rev,,,,,,,,,,,,,,,,,,,,,0,0,0,0,0,1,Afetivo,Neutro,0.0,,,,,,,,,,,,error,True
FERNANDA_TORRES_4357,Fernanda_Torres,A MELHOR,,,,N.A.,N.A.: rev,,,,,,,,,,,,,,,,,,,,,0,0,0,0,0,1,Afetivo,Neutro,0.0,,,,,,,,,,,,error,True
FERNANDA_TORRES_4359,Fernanda_Torres,Queen FERNANDAAA,,,,N.A.,N.A.: rev,,,,,,,,,,,,,,,,,,,,,0,0,0,0,0,1,Afetivo,Neutro,0.0,,,,,,,,,,,,error,True
FERNANDA_TORRES_4361,Fernanda_Torres,@user Nunca terá uma artista tão grandiosa como a Fernanda Torres em uma premiação!😌✨,✨ 😌,,,N.A.,N.A.: rev,,,,,,,,,,,,,,,,,,,,,0,0,0,0,0,1,Afetivo,Neutro,0.0,,,,,,,,,,,,error,True
FERNANDA_TORRES_4362,Fernanda_Torres,Talento é dela,,,,N.A.,N.A.: rev,,,,,,,,,,,,,,,,,,,,,0,0,0,0,0,1,Afetivo,Neutro,0.0,,,,,,,,,,,,error,True
FERNANDA_TORRES_4364,Fernanda_Torres,Top 🏆😍,😍 🏆,,,N.A.,N.A.: rev,,,,,,,,,,,,,,,,,,,,,0,0,0,0,0,1,Afetivo,Neutro,0.0,,,,,,,,,,,,error,True
FERNANDA_TORRES_4365,Fernanda_Torres,Grandiosa 🙌🔥,🙌 🔥,,,N.A.,N.A.: rev,,,,,,,,,,,,,,,,,,,,,0,0,0,0,0,1,Afetivo,Neutro,0.0,,,,,,,,,,,,error,True
FERNANDA_TORRES_4373,Fernanda_Torres,É elaaaaaaaaa 🏆,🏆,,,N.A.,N.A.: rev,,,,,,,,,,,,,,,,,,,,,0,0,0,0,0,1,Afetivo,Neutro,0.0,,,,,,,,,,,,error,True
FERNANDA_TORRES_4374,Fernanda_Torres,Diva,,,,N.A.,N.A.: rev,,,,,,,,,,,,,,,,,,,,,0,0,0,0,0,1,Afetivo,Neutro,0.0,,,,,,,,,,,,error,True
FERNANDA_TORRES_4376,Fernanda_Torres,Entrega logo o prêmio pra ela 🏆👏🙌,🙌 🏆 👏,,,N.A.,N.A.: rev,,,,,,,,,,,,,,,,,,,,,0,0,0,0,0,1,Afetivo,Neutro,0.0,,,,,,,,,,,,error,True
FERNANDA_TORRES_4377,Fernanda_Torres,I've never rooted so much for Fernanda to win the Oscar,,,,N.A.,N.A.: rev,,,,,,,,,,,,,,,,,,,,,0,0,0,0,0,1,Afetivo,Neutro,0.0,,,,,,,,,,,,error,True
FERNANDA_TORRES_4378,Fernanda_Torres,Boraaaa 🇧🇷😍,🇧🇷 😍,,,N.A.,N.A.: rev,,,,,,,,,,,,,,,,,,,,,0,0,0,0,0,1,Afetivo,Neutro,0.0,,,,,,,,,,,,error,True
FERNANDA_TORRES_4379,Fernanda_Torres,Eu vim do futuro pra avisar... É nosso,,,,N.A.,N.A.: rev,,,,,,,,,,,,,,,,,,,,,0,0,0,0,0,1,Afetivo,Neutro,0.0,,,,,,,,,,,,error,True
FERNANDA_TORRES_4380,Fernanda_Torres,É ELAAAAA,,,,N.A.,N.A.: rev,,,,,,,,,,,,,,,,,,,,,0,0,0,0,0,1,Afetivo,Neutro,0.0,,,,,,,,,,,,error,True
FERNANDA_TORRES_4382,Fernanda_Torres,É ELAAAAA,,,,N.A.,N.A.: rev,,,,,,,,,,,,,,,,,,,,,0,0,0,0,0,1,Afetivo,Neutro,0.0,,,,,,,,,,,,error,True
FERNANDA_TORRES_4384,Fernanda_Torres,O OSCAR É SEU DIVAAAAAAA,,,,N.A.,N.A.: rev,,,,,,,,,,,,,,,,,,,,,0,0,0,0,0,1,Afetivo,Neutro,0.0,,,,,,,,,,,,error,True
FERNANDA_TORRES_4386,Fernanda_Torres,DEEM UM OSCAR PRA ELAAAAA,,,,N.A.,N.A.: rev,,,,,,,,,,,,,,,,,,,,,0,0,0,0,0,1,Afetivo,Neutro,0.0,,,,,,,,,,,,error,True
FERNANDA_TORRES_4390,Fernanda_Torres,Avisa que é elaaaa 🇧🇷🇧🇷🇧🇷🇧🇷,🇧🇷,,,N.A.,N.A.: rev,,,,,,,,,,,,,,,,,,,,,0,0,0,0,0,1,Afetivo,Neutro,0.0,,,,,,,,,,,,error,True
FERNANDA_TORRES_4391,Fernanda_Torres,Our queen! The winner! 🏆🔥,🔥 🏆,,,N.A.,N.A.: rev,,,,,,,,,,,,,,,,,,,,,0,0,0,0,0,1,Afetivo,Neutro,0.0,,,,,,,,,,,,error,True
FERNANDA_TORRES_4392,Fernanda_Torres,MOMMYYYY 🇧🇷,🇧🇷,,,N.A.,N.A.: rev,,,,,,,,,,,,,,,,,,,,,0,0,0,0,0,1,Afetivo,Neutro,0.0,,,,,,,,,,,,error,True
FERNANDA_TORRES_4395,Fernanda_Torres,Voces tem juizo. Parabens.,,,,N.A.,N.A.: rev,,,,,,,,,,,,,,,,,,,,,0,0,0,0,0,1,Afetivo,Neutro,0.0,,,,,,,,,,,,error,True
FERNANDA_TORRES_4396,Fernanda_Torres,O Oscar é nosso!🇧🇷🔥❤️,🇧🇷 ❤️ 🔥,,,N.A.,N.A.: rev,,,,,,,,,,,,,,,,,,,,,0,0,0,0,0,1,Afetivo,Neutro,0.0,,,,,,,,,,,,error,True
FERNANDA_TORRES_4397,Fernanda_Torres,Maeeee,,,,N.A.,N.A.: rev,,,,,,,,,,,,,,,,,,,,,0,0,0,0,0,1,Afetivo,Neutro,0.0,,,,,,,,,,,,error,True
FERNANDA_TORRES_4399,Fernanda_Torres,WINNEEEER 🏆,🏆,,,N.A.,N.A.: rev,,,,,,,,,,,,,,,,,,,,,0,0,0,0,0,1,Afetivo,Neutro,0.0,,,,,,,,,,,,error,True
FERNANDA_TORRES_4400,Fernanda_Torres,Brasil 🇧🇷 Brasil 🇧🇷 🇧🇷,🇧🇷,,,N.A.,N.A.: rev,,,,,,,,,,,,,,,,,,,,,0,0,0,0,0,1,Afetivo,Neutro,0.0,,,,,,,,,,,,error,True
FERNANDA_TORRES_4406,Fernanda_Torres,#imstillhere,,,,N.A.,N.A.: rev,,,,,,,,,,,,,,,,,,,,,0,0,0,0,0,1,Afetivo,Neutro,0.0,,,,,,,,,,,,error,True
FERNANDA_TORRES_4414,Fernanda_Torres,A mais mais,,,,N.A.,N.A.: rev,,,,,,,,,,,,,,,,,,,,,0,0,0,0,0,1,Afetivo,Neutro,0.0,,,,,,,,,,,,error,True
FERNANDA_TORRES_4416,Fernanda_Torres,EU TE SMO FERNANDA,,,,N.A.,N.A.: rev,,,,,,,,,,,,,,,,,,,,,0,0,0,0,0,1,Afetivo,Neutro,0.0,,,,,,,,,,,,error,True
FERNANDA_TORRES_4422,Fernanda_Torres,A grandona é elaaaaaa!!!!,,,,N.A.,N.A.: rev,,,,,,,,,,,,,,,,,,,,,0,0,0,0,0,1,Afetivo,Neutro,0.0,,,,,,,,,,,,error,True
FERNANDA_TORRES_4429,Fernanda_Torres,Rainha 🇧🇷🇧🇷🇧🇷,🇧🇷,,,N.A.,N.A.: rev,,,,,,,,,,,,,,,,,,,,,0,0,0,0,0,1,Afetivo,Neutro,0.0,,,,,,,,,,,,error,True
FERNANDA_TORRES_4430,Fernanda_Torres,❤,❤,,,N.A.,N.A.: rev,,,,,,,,,,,,,,,,,,,,,0,0,0,0,0,1,Afetivo,Neutro,0.0,,,,,,,,,,,,error,True
FERNANDA_TORRES_4431,Fernanda_Torres,Parabéns 🏆🏆🏆🏆🇧🇷🇧🇷🇧🇷🇧🇷🇧🇷,🇧🇷 🏆,,,N.A.,N.A.: rev,,,,,,,,,,,,,,,,,,,,,0,0,0,0,0,1,Afetivo,Neutro,0.0,,,,,,,,,,,,error,True
FERNANDA_TORRES_4432,Fernanda_Torres,Rainhaaaaaaa,,,,N.A.,N.A.: rev,,,,,,,,,,,,,,,,,,,,,0,0,0,0,0,1,Afetivo,Neutro,0.0,,,,,,,,,,,,error,True
FERNANDA_TORRES_4433,Fernanda_Torres,O maior orgulho do Brasil!!!!,,,,N.A.,N.A.: rev,,,,,,,,,,,,,,,,,,,,,0,0,0,0,0,1,Afetivo,Neutro,0.0,,,,,,,,,,,,error,True
FERNANDA_TORRES_4434,Fernanda_Torres,TOTALMENTE PREMIADA!!!,,,,N.A.,N.A.: rev,,,,,,,,,,,,,,,,,,,,,0,0,0,0,0,1,Afetivo,Neutro,0.0,,,,,,,,,,,,error,True
FERNANDA_TORRES_4437,Fernanda_Torres,Nandaaaa ❤️❤️❤️❤️,❤️,,,N.A.,N.A.: rev,,,,,,,,,,,,,,,,,,,,,0,0,0,0,0,1,Afetivo,Neutro,0.0,,,,,,,,,,,,error,True
FERNANDA_TORRES_4440,Fernanda_Torres,MARAVILHOSA 🇧🇷🇧🇷🇧🇷🇧🇷🏆✨✨,🇧🇷 🏆 ✨,,,N.A.,N.A.: rev,,,,,,,,,,,,,,,,,,,,,0,0,0,0,0,1,Afetivo,Neutro,0.0,,,,,,,,,,,,error,True
FERNANDA_TORRES_4448,Fernanda_Torres,Tá chegando! Maravilhosa!✨🏆,🏆 ✨,,,N.A.,N.A.: rev,,,,,,,,,,,,,,,,,,,,,0,0,0,0,0,1,Afetivo,Neutro,0.0,,,,,,,,,,,,error,True
FERNANDA_TORRES_6118,Fernanda_Torres,Ainda Estou Aqui - 23/10/25 💚💛🇧🇷,🇧🇷 💚 💛,,,N.A.,N.A.: rev,,,,,,,,,,,,,,,,,,,,,0,0,0,0,0,1,Afetivo,Neutro,0.0,,,,,,,,,,,,error,True
FERNANDA_TORRES_6121,Fernanda_Torres,I'm Still Here 🇧🇷🇧🇷🇧🇷🇧🇷,🇧🇷,,,N.A.,N.A.: rev,,,,,,,,,,,,,,,,,,,,,0,0,0,0,0,1,Afetivo,Neutro,0.0,,,,,,,,,,,,error,True
FERNANDA_TORRES_6123,Fernanda_Torres,💚🇧🇷🇧🇷 ainda estou aqui 26/10/2025,🇧🇷 💚,,,N.A.,N.A.: rev,,,,,,,,,,,,,,,,,,,,,0,0,0,0,0,1,Afetivo,Neutro,0.0,,,,,,,,,,,,error,True
FERNANDA_TORRES_6124,Fernanda_Torres,Ainda estou aqui 🇧🇷,🇧🇷,,,N.A.,N.A.: rev,,,,,,,,,,,,,,,,,,,,,0,0,0,0,0,1,Afetivo,Neutro,0.0,,,,,,,,,,,,error,True
FERNANDA_TORRES_6126,Fernanda_Torres,Ainda estou aqui 28/10/2026🇧🇷,🇧🇷,,,N.A.,N.A.: rev,,,,,,,,,,,,,,,,,,,,,0,0,0,0,0,1,Afetivo,Neutro,0.0,,,,,,,,,,,,error,True
FERNANDA_TORRES_6132,Fernanda_Torres,Ainda estou aquiii 🇧🇷🇧🇷,🇧🇷,,,N.A.,N.A.: rev,,,,,,,,,,,,,,,,,,,,,0,0,0,0,0,1,Afetivo,Neutro,0.0,,,,,,,,,,,,error,True
FERNANDA_TORRES_6133,Fernanda_Torres,Incrível 🇧🇷🔥,🇧🇷 🔥,,,N.A.,N.A.: rev,,,,,,,,,,,,,,,,,,,,,0,0,0,0,0,1,Afetivo,Neutro,0.0,,,,,,,,,,,,error,True
FERNANDA_TORRES_6134,Fernanda_Torres,"A maior, ainda estamos aqui!",,,,N.A.,N.A.: rev,,,,,,,,,,,,,,,,,,,,,0,0,0,0,0,1,Afetivo,Neutro,0.0,,,,,,,,,,,,error,True
FERNANDA_TORRES_6137,Fernanda_Torres,Revisitando essa foto maravilhosa😍,😍,,,N.A.,N.A.: rev,,,,,,,,,,,,,,,,,,,,,0,0,0,0,0,1,Afetivo,Neutro,0.0,,,,,,,,,,,,error,True
FERNANDA_TORRES_6142,Fernanda_Torres,Coisa linda,,,,N.A.,N.A.: rev,,,,,,,,,,,,,,,,,,,,,0,0,0,0,0,1,Afetivo,Neutro,0.0,,,,,,,,,,,,error,True
FERNANDA_TORRES_6144,Fernanda_Torres,Ainda estamos aqui ❤️❤️❤️@user 😍❤️,😍 ❤️,,,N.A.,N.A.: rev,,,,,,,,,,,,,,,,,,,,,0,0,0,0,0,1,Afetivo,Neutro,0.0,,,,,,,,,,,,error,True
FERNANDA_TORRES_6147,Fernanda_Torres,❤️ Ainda Estou Aqui!!!,❤️,,,N.A.,N.A.: rev,,,,,,,,,,,,,,,,,,,,,0,0,0,0,0,1,Afetivo,Neutro,0.0,,,,,,,,,,,,error,True
FERNANDA_TORRES_6149,Fernanda_Torres,Voltei 1 ano de publicacao pra dizer que te amo ❤️,❤️,,,N.A.,N.A.: rev,,,,,,,,,,,,,,,,,,,,,0,0,0,0,0,1,Afetivo,Neutro,0.0,,,,,,,,,,,,error,True
FERNANDA_TORRES_6150,Fernanda_Torres,One year later and I’m still in love with this picture. I have to frame this! @user we love you SO much and we’re so proud of you!,,,,N.A.,N.A.: rev,,,,,,,,,,,,,,,,,,,,,0,0,0,0,0,1,Afetivo,Neutro,0.0,,,,,,,,,,,,error,True
FERNANDA_TORRES_6151,Fernanda_Torres,"Voltando aqui depois de ver a foto do Wagner que saiu hoje no mesmo evento, o Brasil voltou!",,,,N.A.,N.A.: rev,,,,,,,,,,,,,,,,,,,,,0,0,0,0,0,1,Afetivo,Neutro,0.0,,,,,,,,,,,,error,True
FERNANDA_TORRES_6156,Fernanda_Torres,Ainda estamos aqui ❤️🇧🇷,🇧🇷 ❤️,,,N.A.,N.A.: rev,,,,,,,,,,,,,,,,,,,,,0,0,0,0,0,1,Afetivo,Neutro,0.0,,,,,,,,,,,,error,True
FERNANDA_TORRES_6157,Fernanda_Torres,A MAIOR DE TODAS PARA SEMPRE ❤️,❤️,,,N.A.,N.A.: rev,,,,,,,,,,,,,,,,,,,,,0,0,0,0,0,1,Afetivo,Neutro,0.0,,,,,,,,,,,,error,True
FERNANDA_TORRES_6160,Fernanda_Torres,A MAIOR DE TODAS ❤️,❤️,,,N.A.,N.A.: rev,,,,,,,,,,,,,,,,,,,,,0,0,0,0,0,1,Afetivo,Neutro,0.0,,,,,,,,,,,,error,True
FERNANDA_TORRES_6163,Fernanda_Torres,Vim aqui conferir o engajamento para comparar com a foto do Wagner. Espero no mínimo a mesma quantidade. ❤️,❤️,,,N.A.,N.A.: rev,,,,,,,,,,,,,,,,,,,,,0,0,0,0,0,1,Afetivo,Neutro,0.0,,,,,,,,,,,,error,True
FERNANDA_TORRES_6165,Fernanda_Torres,Um ano dessa maravilha ❤️❤️❤️ Diva demais,❤️,,,N.A.,N.A.: rev,,,,,,,,,,,,,,,,,,,,,0,0,0,0,0,1,Afetivo,Neutro,0.0,,,,,,,,,,,,error,True
FERNANDA_TORRES_6166,Fernanda_Torres,"Vim dar uma olhada, maravilhosa ❤️",❤️,,,N.A.,N.A.: rev,,,,,,,,,,,,,,,,,,,,,0,0,0,0,0,1,Afetivo,Neutro,0.0,,,,,,,,,,,,error,True
FERNANDA_TORRES_6168,Fernanda_Torres,I'm still here...complaining about how she got stolen!!!!!,,,,N.A.,N.A.: rev,,,,,,,,,,,,,,,,,,,,,0,0,0,0,0,1,Afetivo,Neutro,0.0,,,,,,,,,,,,error,True
FERNANDA_TORRES_6169,Fernanda_Torres,🫶🏻🫶🏻🫶🏻🫶🏻🫶🏻🫶🏻🫶🏻,🫶🏻,,,N.A.,N.A.: rev,,,,,,,,,,,,,,,,,,,,,0,0,0,0,0,1,Afetivo,Neutro,0.0,,,,,,,,,,,,error,True
FERNANDA_TORRES_6170,Fernanda_Torres,Atuação inesquecível ❤️.,❤️,,,N.A.,N.A.: rev,,,,,,,,,,,,,,,,,,,,,0,0,0,0,0,1,Afetivo,Neutro,0.0,,,,,,,,,,,,error,True
FERNANDA_TORRES_6176,Fernanda_Torres,MOTHER ❤️❤️❤️❤️,❤️,,,N.A.,N.A.: rev,,,,,,,,,,,,,,,,,,,,,0,0,0,0,0,1,Afetivo,Neutro,0.0,,,,,,,,,,,,error,True
FERNANDA_TORRES_6177,Fernanda_Torres,Relembrando quando essa loucurinha começou. ❤️,❤️,,,N.A.,N.A.: rev,,,,,,,,,,,,,,,,,,,,,0,0,0,0,0,1,Afetivo,Neutro,0.0,,,,,,,,,,,,error,True
FERNANDA_TORRES_6182,Fernanda_Torres,A maior 🇧🇷,🇧🇷,,,N.A.,N.A.: rev,,,,,,,,,,,,,,,,,,,,,0,0,0,0,0,1,Afetivo,Neutro,0.0,,,,,,,,,,,,error,True
FERNANDA_TORRES_6183,Fernanda_Torres,Voltamos aqui!,,,,N.A.,N.A.: rev,,,,,,,,,,,,,,,,,,,,,0,0,0,0,0,1,Afetivo,Neutro,0.0,,,,,,,,,,,,error,True
FERNANDA_TORRES_6184,Fernanda_Torres,842.000 comentários 😂😂😂😂,😂,,,N.A.,N.A.: rev,,,,,,,,,,,,,,,,,,,,,0,0,0,0,0,1,Afetivo,Neutro,0.0,,,,,,,,,,,,error,True
FERNANDA_TORRES_6185,Fernanda_Torres,Matando as saudades dessa foto! Rumo a um milhão de comentários 🇧🇷🤍💙💚,💙 💚 🇧🇷 🤍,,,N.A.,N.A.: rev,,,,,,,,,,,,,,,,,,,,,0,0,0,0,0,1,Afetivo,Neutro,0.0,,,,,,,,,,,,error,True
FERNANDA_TORRES_6186,Fernanda_Torres,Até voltei aqui por causa de Waguinho ❤️😅,😅 ❤️,,,N.A.,N.A.: rev,,,,,,,,,,,,,,,,,,,,,0,0,0,0,0,1,Afetivo,Neutro,0.0,,,,,,,,,,,,error,True
FERNANDA_TORRES_6191,Fernanda_Torres,"Vai começar dnv, Brasil!!!!!!! Vamos engajar o Wagner Moura hahahahahahahahahha 🇧🇷🇧🇷🇧🇷🇧🇷🇧🇷🇧🇷",🇧🇷,,,N.A.,N.A.: rev,,,,,,,,,,,,,,,,,,,,,0,0,0,0,0,1,Afetivo,Neutro,0.0,,,,,,,,,,,,error,True
FERNANDA_TORRES_6192,Fernanda_Torres,Ainda estou aqui 🇧🇷🇧🇷🇧🇷🇧🇷,🇧🇷,,,N.A.,N.A.: rev,,,,,,,,,,,,,,,,,,,,,0,0,0,0,0,1,Afetivo,Neutro,0.0,,,,,,,,,,,,error,True
FERNANDA_TORRES_6193,Fernanda_Torres,Ainda estamos aqui 😍,😍,,,N.A.,N.A.: rev,,,,,,,,,,,,,,,,,,,,,0,0,0,0,0,1,Afetivo,Neutro,0.0,,,,,,,,,,,,error,True
FERNANDA_TORRES_6194,Fernanda_Torres,Voltando aqui pra relembrar esse dia 🇧🇷,🇧🇷,,,N.A.,N.A.: rev,,,,,,,,,,,,,,,,,,,,,0,0,0,0,0,1,Afetivo,Neutro,0.0,,,,,,,,,,,,error,True
FERNANDA_TORRES_6196,Fernanda_Torres,"Ainda estamos aqui🇧🇷❤️ com Wagner Molho, ops... Moura😍",🇧🇷 ❤️ 😍,,,N.A.,N.A.: rev,,,,,,,,,,,,,,,,,,,,,0,0,0,0,0,1,Afetivo,Neutro,0.0,,,,,,,,,,,,error,True
FERNANDA_TORRES_6197,Fernanda_Torres,"Já que Waguinho tá no Oscar, bora voltar nessa musa do último Oscar",,,,N.A.,N.A.: rev,,,,,,,,,,,,,,,,,,,,,0,0,0,0,0,1,Afetivo,Neutro,0.0,,,,,,,,,,,,error,True
FERNANDA_TORRES_6199,Fernanda_Torres,Ainda estou aqui 🇧🇷❤️,🇧🇷 ❤️,,,N.A.,N.A.: rev,,,,,,,,,,,,,,,,,,,,,0,0,0,0,0,1,Afetivo,Neutro,0.0,,,,,,,,,,,,error,True
FERNANDA_TORRES_6200,Fernanda_Torres,CHAMEM ELA NOVAMENTE,,,,N.A.,N.A.: rev,,,,,,,,,,,,,,,,,,,,,0,0,0,0,0,1,Afetivo,Neutro,0.0,,,,,,,,,,,,error,True
FERNANDA_TORRES_6201,Fernanda_Torres,SAUDADE DA MÃE,,,,N.A.,N.A.: rev,,,,,,,,,,,,,,,,,,,,,0,0,0,0,0,1,Afetivo,Neutro,0.0,,,,,,,,,,,,error,True
FERNANDA_TORRES_6202,Fernanda_Torres,17/11/25 e eu Ainda Estou Aqui 🇧🇷,🇧🇷,,,N.A.,N.A.: rev,,,,,,,,,,,,,,,,,,,,,0,0,0,0,0,1,Afetivo,Neutro,0.0,,,,,,,,,,,,error,True
FERNANDA_TORRES_6207,Fernanda_Torres,the most beloved woman of the country 🇧🇷❤️,🇧🇷 ❤️,,,N.A.,N.A.: rev,,,,,,,,,,,,,,,,,,,,,0,0,0,0,0,1,Afetivo,Neutro,0.0,,,,,,,,,,,,error,True
FERNANDA_TORRES_6210,Fernanda_Torres,A maior 🇧🇷❤️,🇧🇷 ❤️,,,N.A.,N.A.: rev,,,,,,,,,,,,,,,,,,,,,0,0,0,0,0,1,Afetivo,Neutro,0.0,,,,,,,,,,,,error,True
FERNANDA_TORRES_6211,Fernanda_Torres,🇧🇷🇧🇷🇧🇷🇧🇷 vim aqui matar a saudade. Que dias gloriosos de expectativa foram aqueles. Foi melhor que uma Copa ❤️,🇧🇷 ❤️,,,N.A.,N.A.: rev,,,,,,,,,,,,,,,,,,,,,0,0,0,0,0,1,Afetivo,Neutro,0.0,,,,,,,,,,,,error,True
FERNANDA_TORRES_6216,Fernanda_Torres,Linda demais ❤️,❤️,,,N.A.,N.A.: rev,,,,,,,,,,,,,,,,,,,,,0,0,0,0,0,1,Afetivo,Neutro,0.0,,,,,,,,,,,,error,True
FERNANDA_TORRES_6218,Fernanda_Torres,Também vim matar sdds e engajar de novo,,,,N.A.,N.A.: rev,,,,,,,,,,,,,,,,,,,,,0,0,0,0,0,1,Afetivo,Neutro,0.0,,,,,,,,,,,,error,True
FERNANDA_TORRES_6219,Fernanda_Torres,Maravilhosa! ❤️🇧🇷,🇧🇷 ❤️,,,N.A.,N.A.: rev,,,,,,,,,,,,,,,,,,,,,0,0,0,0,0,1,Afetivo,Neutro,0.0,,,,,,,,,,,,error,True
FERNANDA_TORRES_6220,Fernanda_Torres,Revivendo esse momento agora com @user Wagner Moura ❤️🇧🇷🇧🇷,🇧🇷 ❤️,,,N.A.,N.A.: rev,,,,,,,,,,,,,,,,,,,,,0,0,0,0,0,1,Afetivo,Neutro,0.0,,,,,,,,,,,,error,True
FERNANDA_TORRES_6221,Fernanda_Torres,Vamos dar o mesmo engajamento pro nosso baiano ❤️🇧🇷,🇧🇷 ❤️,,,N.A.,N.A.: rev,,,,,,,,,,,,,,,,,,,,,0,0,0,0,0,1,Afetivo,Neutro,0.0,,,,,,,,,,,,error,True
FERNANDA_TORRES_6222,Fernanda_Torres,Se vc quer se sentir feliz. Volte nesse post,,,,N.A.,N.A.: rev,,,,,,,,,,,,,,,,,,,,,0,0,0,0,0,1,Afetivo,Neutro,0.0,,,,,,,,,,,,error,True
FERNANDA_TORRES_6223,Fernanda_Torres,Voltando sempre aqui 🇧🇷🇧🇷🇧🇷🇧🇷❤️❤️❤️❤️,🇧🇷 ❤️,,,N.A.,N.A.: rev,,,,,,,,,,,,,,,,,,,,,0,0,0,0,0,1,Afetivo,Neutro,0.0,,,,,,,,,,,,error,True
FERNANDA_TORRES_6224,Fernanda_Torres,A maior ❤️,❤️,,,N.A.,N.A.: rev,,,,,,,,,,,,,,,,,,,,,0,0,0,0,0,1,Afetivo,Neutro,0.0,,,,,,,,,,,,error,True
FERNANDA_TORRES_6225,Fernanda_Torres,Musa ❤️,❤️,,,N.A.,N.A.: rev,,,,,,,,,,,,,,,,,,,,,0,0,0,0,0,1,Afetivo,Neutro,0.0,,,,,,,,,,,,error,True
FERNANDA_TORRES_6228,Fernanda_Torres,Ela ainda está aqui.,,,,N.A.,N.A.: rev,,,,,,,,,,,,,,,,,,,,,0,0,0,0,0,1,Afetivo,Neutro,0.0,,,,,,,,,,,,error,True
FERNANDA_TORRES_6232,Fernanda_Torres,SAUDADE,,,,N.A.,N.A.: rev,,,,,,,,,,,,,,,,,,,,,0,0,0,0,0,1,Afetivo,Neutro,0.0,,,,,,,,,,,,error,True
FERNANDA_TORRES_6235,Fernanda_Torres,engajando novamente 🇧🇷🇧🇷🇧🇷❤️❤️❤️,🇧🇷 ❤️,,,N.A.,N.A.: rev,,,,,,,,,,,,,,,,,,,,,0,0,0,0,0,1,Afetivo,Neutro,0.0,,,,,,,,,,,,error,True
FERNANDA_TORRES_6237,Fernanda_Torres,Ainda estou aqui ❤️,❤️,,,N.A.,N.A.: rev,,,,,,,,,,,,,,,,,,,,,0,0,0,0,0,1,Afetivo,Neutro,0.0,,,,,,,,,,,,error,True
FERNANDA_TORRES_6238,Fernanda_Torres,MOTHER ❤️,❤️,,,N.A.,N.A.: rev,,,,,,,,,,,,,,,,,,,,,0,0,0,0,0,1,Afetivo,Neutro,0.0,,,,,,,,,,,,error,True
FERNANDA_TORRES_6251,Fernanda_Torres,A maior do Brasil 🇧🇷🇧🇷🇧🇷,🇧🇷,,,N.A.,N.A.: rev,,,,,,,,,,,,,,,,,,,,,0,0,0,0,0,1,Afetivo,Neutro,0.0,,,,,,,,,,,,error,True
FERNANDA_TORRES_6252,Fernanda_Torres,Aínda está aqui,,,,N.A.,N.A.: rev,,,,,,,,,,,,,,,,,,,,,0,0,0,0,0,1,Afetivo,Neutro,0.0,,,,,,,,,,,,error,True
FERNANDA_TORRES_6253,Fernanda_Torres,Uma das melhores atrizes do mundo,,,,N.A.,N.A.: rev,,,,,,,,,,,,,,,,,,,,,0,0,0,0,0,1,Afetivo,Neutro,0.0,,,,,,,,,,,,error,True
FERNANDA_TORRES_6254,Fernanda_Torres,Mãe do Brasil,,,,N.A.,N.A.: rev,,,,,,,,,,,,,,,,,,,,,0,0,0,0,0,1,Afetivo,Neutro,0.0,,,,,,,,,,,,error,True
FERNANDA_TORRES_6256,Fernanda_Torres,Diva 😍,😍,,,N.A.,N.A.: rev,,,,,,,,,,,,,,,,,,,,,0,0,0,0,0,1,Afetivo,Neutro,0.0,,,,,,,,,,,,error,True
FERNANDA_TORRES_6259,Fernanda_Torres,Vcs erraram muito na premiaçao,,,,N.A.,N.A.: rev,,,,,,,,,,,,,,,,,,,,,0,0,0,0,0,1,Afetivo,Neutro,0.0,,,,,,,,,,,,error,True
FERNANDA_TORRES_6260,Fernanda_Torres,"2,9mi curtidas? Quebrou a banca...",,,,N.A.,N.A.: rev,,,,,,,,,,,,,,,,,,,,,0,0,0,0,0,1,Afetivo,Neutro,0.0,,,,,,,,,,,,error,True
FERNANDA_TORRES_6261,Fernanda_Torres,até hje isso aqui é surreal 😍😍,😍,,,N.A.,N.A.: rev,,,,,,,,,,,,,,,,,,,,,0,0,0,0,0,1,Afetivo,Neutro,0.0,,,,,,,,,,,,error,True
FERNANDA_TORRES_6262,Fernanda_Torres,"Surreal🇧🇷, bora bate o do Walter👏❤️",🇧🇷 👏 ❤️,,,N.A.,N.A.: rev,,,,,,,,,,,,,,,,,,,,,0,0,0,0,0,1,Afetivo,Neutro,0.0,,,,,,,,,,,,error,True
FERNANDA_TORRES_6268,Fernanda_Torres,Amooooo,,,,N.A.,N.A.: rev,,,,,,,,,,,,,,,,,,,,,0,0,0,0,0,1,Afetivo,Neutro,0.0,,,,,,,,,,,,error,True
FERNANDA_TORRES_6271,Fernanda_Torres,Até hj tem gente comentando na Foto. Chocada 🇧🇷,🇧🇷,,,N.A.,N.A.: rev,,,,,,,,,,,,,,,,,,,,,0,0,0,0,0,1,Afetivo,Neutro,0.0,,,,,,,,,,,,error,True
FERNANDA_TORRES_6272,Fernanda_Torres,Ainda estamos aqui,,,,N.A.,N.A.: rev,,,,,,,,,,,,,,,,,,,,,0,0,0,0,0,1,Afetivo,Neutro,0.0,,,,,,,,,,,,error,True
FERNANDA_TORRES_6277,Fernanda_Torres,ainda estamos aqui comentando 🇧🇷,🇧🇷,,,N.A.,N.A.: rev,,,,,,,,,,,,,,,,,,,,,0,0,0,0,0,1,Afetivo,Neutro,0.0,,,,,,,,,,,,error,True
FERNANDA_TORRES_6279,Fernanda_Torres,Ainda estamos aquiiiii🇧🇷🇧🇷🇧🇷,🇧🇷,,,N.A.,N.A.: rev,,,,,,,,,,,,,,,,,,,,,0,0,0,0,0,1,Afetivo,Neutro,0.0,,,,,,,,,,,,error,True
FERNANDA_TORRES_6281,Fernanda_Torres,Vamos bater 3 milhões aqui! 😍🇧🇷,😍 🇧🇷,,,N.A.,N.A.: rev,,,,,,,,,,,,,,,,,,,,,0,0,0,0,0,1,Afetivo,Neutro,0.0,,,,,,,,,,,,error,True
FERNANDA_TORRES_6284,Fernanda_Torres,Voltando nesse altar pra orar e celebrar,,,,N.A.,N.A.: rev,,,,,,,,,,,,,,,,,,,,,0,0,0,0,0,1,Afetivo,Neutro,0.0,,,,,,,,,,,,error,True
FERNANDA_TORRES_6285,Fernanda_Torres,Nesse momento tamo vivendo essa fase com Wagner. Ai vim visitar vocês dois por aqui.,,,,N.A.,N.A.: rev,,,,,,,,,,,,,,,,,,,,,0,0,0,0,0,1,Afetivo,Neutro,0.0,,,,,,,,,,,,error,True
FERNANDA_TORRES_6286,Fernanda_Torres,Confesso que essa fantasia de carnaval me caiu melhor do que se eu tentar ir de Wagner de terno.,,,,N.A.,N.A.: rev,,,,,,,,,,,,,,,,,,,,,0,0,0,0,0,1,Afetivo,Neutro,0.0,,,,,,,,,,,,error,True
FERNANDA_TORRES_6288,Fernanda_Torres,Nos somos doidos 😂,😂,,,N.A.,N.A.: rev,,,,,,,,,,,,,,,,,,,,,0,0,0,0,0,1,Afetivo,Neutro,0.0,,,,,,,,,,,,error,True
FERNANDA_TORRES_6290,Fernanda_Torres,MOTHER,,,,N.A.,N.A.: rev,,,,,,,,,,,,,,,,,,,,,0,0,0,0,0,1,Afetivo,Neutro,0.0,,,,,,,,,,,,error,True
FERNANDA_TORRES_6291,Fernanda_Torres,Há um ano ❤️❤️❤️,❤️,,,N.A.,N.A.: rev,,,,,,,,,,,,,,,,,,,,,0,0,0,0,0,1,Afetivo,Neutro,0.0,,,,,,,,,,,,error,True
FERNANDA_TORRES_6294,Fernanda_Torres,Pai amado,,,,N.A.,N.A.: rev,,,,,,,,,,,,,,,,,,,,,0,0,0,0,0,1,Afetivo,Neutro,0.0,,,,,,,,,,,,error,True
FERNANDA_TORRES_6295,Fernanda_Torres,"😍😍😍😍😍😍😍 voltando só para dizer que você continua um espetáculo, vamos engajar",😍,,,N.A.,N.A.: rev,,,,,,,,,,,,,,,,,,,,,0,0,0,0,0,1,Afetivo,Neutro,0.0,,,,,,,,,,,,error,True
FERNANDA_TORRES_6298,Fernanda_Torres,Eu não fui a única louca que tive a ideia de voltar aqui 😂🇧🇷🇧🇷🇧🇷🇧🇷,🇧🇷 😂,,,N.A.,N.A.: rev,,,,,,,,,,,,,,,,,,,,,0,0,0,0,0,1,Afetivo,Neutro,0.0,,,,,,,,,,,,error,True
FERNANDA_TORRES_6300,Fernanda_Torres,"Sim, você não foi o único que voltou 🇧🇷❤️",🇧🇷 ❤️,,,N.A.,N.A.: rev,,,,,,,,,,,,,,,,,,,,,0,0,0,0,0,1,Afetivo,Neutro,0.0,,,,,,,,,,,,error,True
FERNANDA_TORRES_6301,Fernanda_Torres,Diva icônica,,,,N.A.,N.A.: rev,,,,,,,,,,,,,,,,,,,,,0,0,0,0,0,1,Afetivo,Neutro,0.0,,,,,,,,,,,,error,True
FERNANDA_TORRES_6305,Fernanda_Torres,linda,,,,N.A.,N.A.: rev,,,,,,,,,,,,,,,,,,,,,0,0,0,0,0,1,Afetivo,Neutro,0.0,,,,,,,,,,,,error,True
FERNANDA_TORRES_6309,Fernanda_Torres,Devine!,,,,N.A.,N.A.: rev,,,,,,,,,,,,,,,,,,,,,0,0,0,0,0,1,Afetivo,Neutro,0.0,,,,,,,,,,,,error,True
FERNANDA_TORRES_6311,Fernanda_Torres,Sempre que eu volto aqui tem comentário brasileiro novo e eu AMO isso,,,,N.A.,N.A.: rev,,,,,,,,,,,,,,,,,,,,,0,0,0,0,0,1,Afetivo,Neutro,0.0,,,,,,,,,,,,error,True
FERNANDA_TORRES_6313,Fernanda_Torres,Diva ❤️,❤️,,,N.A.,N.A.: rev,,,,,,,,,,,,,,,,,,,,,0,0,0,0,0,1,Afetivo,Neutro,0.0,,,,,,,,,,,,error,True
FERNANDA_TORRES_6326,Fernanda_Torres,Divônica🇧🇷👏👏,🇧🇷 👏,,,N.A.,N.A.: rev,,,,,,,,,,,,,,,,,,,,,0,0,0,0,0,1,Afetivo,Neutro,0.0,,,,,,,,,,,,error,True
FERNANDA_TORRES_6328,Fernanda_Torres,A mais mais❤️❤️🔥🇧🇷,🔥 🇧🇷 ❤️,,,N.A.,N.A.: rev,,,,,,,,,,,,,,,,,,,,,0,0,0,0,0,1,Afetivo,Neutro,0.0,,,,,,,,,,,,error,True
FERNANDA_TORRES_6329,Fernanda_Torres,Maravilindaaaaaaaaaa🇧🇷❤️❤️,🇧🇷 ❤️,,,N.A.,N.A.: rev,,,,,,,,,,,,,,,,,,,,,0,0,0,0,0,1,Afetivo,Neutro,0.0,,,,,,,,,,,,error,True
FERNANDA_TORRES_6335,Fernanda_Torres,CARALHAAAA 3M de curtida 😍,😍,,,N.A.,N.A.: rev,,,,,,,,,,,,,,,,,,,,,0,0,0,0,0,1,Afetivo,Neutro,0.0,,,,,,,,,,,,error,True
FERNANDA_TORRES_6336,Fernanda_Torres,I’m still here! Now for @user 🇧🇷,🇧🇷,,,N.A.,N.A.: rev,,,,,,,,,,,,,,,,,,,,,0,0,0,0,0,1,Afetivo,Neutro,0.0,,,,,,,,,,,,error,True
FERNANDA_TORRES_6337,Fernanda_Torres,Pra relembrar que AINDA ESTAMOS AQUI!! 🇧🇷🇧🇷🇧🇷🔥🔥,🇧🇷 🔥,,,N.A.,N.A.: rev,,,,,,,,,,,,,,,,,,,,,0,0,0,0,0,1,Afetivo,Neutro,0.0,,,,,,,,,,,,error,True
FERNANDA_TORRES_6338,Fernanda_Torres,Voltamos 😈🇧🇷,🇧🇷 😈,,,N.A.,N.A.: rev,,,,,,,,,,,,,,,,,,,,,0,0,0,0,0,1,Afetivo,Neutro,0.0,,,,,,,,,,,,error,True
FERNANDA_TORRES_6342,Fernanda_Torres,Voltamos,,,,N.A.,N.A.: rev,,,,,,,,,,,,,,,,,,,,,0,0,0,0,0,1,Afetivo,Neutro,0.0,,,,,,,,,,,,error,True
FERNANDA_TORRES_6344,Fernanda_Torres,Aqui tem história🇧🇷 MOTHER,🇧🇷,,,N.A.,N.A.: rev,,,,,,,,,,,,,,,,,,,,,0,0,0,0,0,1,Afetivo,Neutro,0.0,,,,,,,,,,,,error,True
FERNANDA_TORRES_6347,Fernanda_Torres,A maiorrr,,,,N.A.,N.A.: rev,,,,,,,,,,,,,,,,,,,,,0,0,0,0,0,1,Afetivo,Neutro,0.0,,,,,,,,,,,,error,True
FERNANDA_TORRES_6349,Fernanda_Torres,Maior,,,,N.A.,N.A.: rev,,,,,,,,,,,,,,,,,,,,,0,0,0,0,0,1,Afetivo,Neutro,0.0,,,,,,,,,,,,error,True
FERNANDA_TORRES_6352,Fernanda_Torres,A maior 🇧🇷,🇧🇷,,,N.A.,N.A.: rev,,,,,,,,,,,,,,,,,,,,,0,0,0,0,0,1,Afetivo,Neutro,0.0,,,,,,,,,,,,error,True
FERNANDA_TORRES_6413,Fernanda_Torres,Ainda estamos aqui 🇧🇷❤️,🇧🇷 ❤️,,,N.A.,N.A.: rev,,,,,,,,,,,,,,,,,,,,,0,0,0,0,0,1,Afetivo,Neutro,0.0,,,,,,,,,,,,error,True
FERNANDA_TORRES_6432,Fernanda_Torres,"Queremos o Oscar para Wagner Moura (best actor ) , não cometam o mesmo erro 🇧🇷🇧🇷🇧🇷🇧🇷🇧🇷🇧🇷🇧🇷",🇧🇷,,,N.A.,N.A.: rev,,,,,,,,,,,,,,,,,,,,,0,0,0,0,0,1,Afetivo,Neutro,0.0,,,,,,,,,,,,error,True
FERNANDA_TORRES_6433,Fernanda_Torres,UAU!!!!!MAIS DE 2 MILHÕES DE LIKES. É RECORD ABSOLUTO 😂😂😂😂😂😂😂,😂,,,N.A.,N.A.: rev,,,,,,,,,,,,,,,,,,,,,0,0,0,0,0,1,Afetivo,Neutro,0.0,,,,,,,,,,,,error,True
FERNANDA_TORRES_6447,Fernanda_Torres,Pena que não dá pra curtir 2x,,,,N.A.,N.A.: rev,,,,,,,,,,,,,,,,,,,,,0,0,0,0,0,1,Afetivo,Neutro,0.0,,,,,,,,,,,,error,True
FERNANDA_TORRES_6448,Fernanda_Torres,É pra gente vir engajar aqui outra vez?,,,,N.A.,N.A.: rev,,,,,,,,,,,,,,,,,,,,,0,0,0,0,0,1,Afetivo,Neutro,0.0,,,,,,,,,,,,error,True
FERNANDA_TORRES_6459,Fernanda_Torres,Vim aqui só pra lembrar dessa mulher incrível,,,,N.A.,N.A.: rev,,,,,,,,,,,,,,,,,,,,,0,0,0,0,0,1,Afetivo,Neutro,0.0,,,,,,,,,,,,error,True
FERNANDA_TORRES_6462,Fernanda_Torres,vindo aqui só pra lembrar que é a maioral 🇧🇷❤️,🇧🇷 ❤️,,,N.A.,N.A.: rev,,,,,,,,,,,,,,,,,,,,,0,0,0,0,0,1,Afetivo,Neutro,0.0,,,,,,,,,,,,error,True
FERNANDA_TORRES_6463,Fernanda_Torres,🇧🇷❤️ Fernanda 🇧🇷❤️,🇧🇷 ❤️,,,N.A.,N.A.: rev,,,,,,,,,,,,,,,,,,,,,0,0,0,0,0,1,Afetivo,Neutro,0.0,,,,,,,,,,,,error,True
FERNANDA_TORRES_6471,Fernanda_Torres,Voltei depois de 1 ano 🇧🇷👏,🇧🇷 👏,,,N.A.,N.A.: rev,,,,,,,,,,,,,,,,,,,,,0,0,0,0,0,1,Afetivo,Neutro,0.0,,,,,,,,,,,,error,True
FERNANDA_TORRES_6476,Fernanda_Torres,The greatest still! 🇧🇷🔥,🇧🇷 🔥,,,N.A.,N.A.: rev,,,,,,,,,,,,,,,,,,,,,0,0,0,0,0,1,Afetivo,Neutro,0.0,,,,,,,,,,,,error,True
FERNANDA_TORRES_6477,Fernanda_Torres,"Ai, tinha que voltar pra apreciar essa mulher mds 😭🇧🇷",🇧🇷 😭,,,N.A.,N.A.: rev,,,,,,,,,,,,,,,,,,,,,0,0,0,0,0,1,Afetivo,Neutro,0.0,,,,,,,,,,,,error,True
FERNANDA_TORRES_6479,Fernanda_Torres,Maravilhosa,,,,N.A.,N.A.: rev,,,,,,,,,,,,,,,,,,,,,0,0,0,0,0,1,Afetivo,Neutro,0.0,,,,,,,,,,,,error,True
FERNANDA_TORRES_6481,Fernanda_Torres,Estou aqui 01 ano depois,,,,N.A.,N.A.: rev,,,,,,,,,,,,,,,,,,,,,0,0,0,0,0,1,Afetivo,Neutro,0.0,,,,,,,,,,,,error,True
FERNANDA_TORRES_6484,Fernanda_Torres,Voltei pra rever a foto da Diva Maior! Super Fernanda Torres o Brasil é seu!,,,,N.A.,N.A.: rev,,,,,,,,,,,,,,,,,,,,,0,0,0,0,0,1,Afetivo,Neutro,0.0,,,,,,,,,,,,error,True
FERNANDA_TORRES_6485,Fernanda_Torres,AINDA ESTAMOS AQUI. É A MÃE DO BRASIL JUNTO COM O WAGNER MOURA 🇧🇷🇧🇷🇧🇷,🇧🇷,,,N.A.,N.A.: rev,,,,,,,,,,,,,,,,,,,,,0,0,0,0,0,1,Afetivo,Neutro,0.0,,,,,,,,,,,,error,True
FERNANDA_TORRES_6486,Fernanda_Torres,❤️ tive de vir aqui novamente. Deveria deixar curtir novamente😍,😍 ❤️,,,N.A.,N.A.: rev,,,,,,,,,,,,,,,,,,,,,0,0,0,0,0,1,Afetivo,Neutro,0.0,,,,,,,,,,,,error,True
FERNANDA_TORRES_6487,Fernanda_Torres,"Votando só pra dizer que ….Ainda estamos, aquiiiiii!!!! #gowagnermoura",,,,N.A.,N.A.: rev,,,,,,,,,,,,,,,,,,,,,0,0,0,0,0,1,Afetivo,Neutro,0.0,,,,,,,,,,,,error,True
FERNANDA_TORRES_6488,Fernanda_Torres,Diva❤️,❤️,,,N.A.,N.A.: rev,,,,,,,,,,,,,,,,,,,,,0,0,0,0,0,1,Afetivo,Neutro,0.0,,,,,,,,,,,,error,True
FERNANDA_TORRES_6489,Fernanda_Torres,Voltando para dizer que ainda estamos aquii ❤️❤️,❤️,,,N.A.,N.A.: rev,,,,,,,,,,,,,,,,,,,,,0,0,0,0,0,1,Afetivo,Neutro,0.0,,,,,,,,,,,,error,True
FERNANDA_TORRES_6490,Fernanda_Torres,não fui o único que procurou essa foto recentemente só pra olhar pra ela de novo kkkkk,,,,N.A.,N.A.: rev,,,,,,,,,,,,,,,,,,,,,0,0,0,0,0,1,Afetivo,Neutro,0.0,,,,,,,,,,,,error,True
FERNANDA_TORRES_6492,Fernanda_Torres,Mother 🔥,🔥,,,N.A.,N.A.: rev,,,,,,,,,,,,,,,,,,,,,0,0,0,0,0,1,Afetivo,Neutro,0.0,,,,,,,,,,,,error,True
FERNANDA_TORRES_6493,Fernanda_Torres,Ainda Estamos Aqui e ninguém vai tirar o BRASIL🇧🇷🇧🇷🇧🇷🇧🇷❤❤❤❤,🇧🇷 ❤,,,N.A.,N.A.: rev,,,,,,,,,,,,,,,,,,,,,0,0,0,0,0,1,Afetivo,Neutro,0.0,,,,,,,,,,,,error,True
FERNANDA_TORRES_6494,Fernanda_Torres,nosso pikachuuuuu,,,,N.A.,N.A.: rev,,,,,,,,,,,,,,,,,,,,,0,0,0,0,0,1,Afetivo,Neutro,0.0,,,,,,,,,,,,error,True
FERNANDA_TORRES_6504,Fernanda_Torres,O mundo ainda não entendeu que com o brasileiro não se mexe!,,,,N.A.,N.A.: rev,,,,,,,,,,,,,,,,,,,,,0,0,0,0,0,1,Afetivo,Neutro,0.0,,,,,,,,,,,,error,True
FERNANDA_TORRES_6505,Fernanda_Torres,O orgulho sempre vai prevalecer 🇧🇷,🇧🇷,,,N.A.,N.A.: rev,,,,,,,,,,,,,,,,,,,,,0,0,0,0,0,1,Afetivo,Neutro,0.0,,,,,,,,,,,,error,True
FERNANDA_TORRES_6508,Fernanda_Torres,!,,,,N.A.,N.A.: rev,,,,,,,,,,,,,,,,,,,,,0,0,0,0,0,1,Afetivo,Neutro,0.0,,,,,,,,,,,,error,True
FERNANDA_TORRES_6509,Fernanda_Torres,Go back ever. Queen das Queens ❤️❤️❤️🇧🇷🇧🇷🇧🇷,🇧🇷 ❤️,,,N.A.,N.A.: rev,,,,,,,,,,,,,,,,,,,,,0,0,0,0,0,1,Afetivo,Neutro,0.0,,,,,,,,,,,,error,True
FERNANDA_TORRES_6510,Fernanda_Torres,We still here! 🇧🇷🔥 E agora nossa torcida é pro #WagnerMoura e pra #TheSecretAgent. 🤞✨️🇧🇷,✨ 🇧🇷 🤞 🔥,,,N.A.,N.A.: rev,,,,,,,,,,,,,,,,,,,,,0,0,0,0,0,1,Afetivo,Neutro,0.0,,,,,,,,,,,,error,True
FERNANDA_TORRES_6512,Fernanda_Torres,MOTHER,,,,N.A.,N.A.: rev,,,,,,,,,,,,,,,,,,,,,0,0,0,0,0,1,Afetivo,Neutro,0.0,,,,,,,,,,,,error,True
FERNANDA_TORRES_6513,Fernanda_Torres,te amo 🇧🇷,🇧🇷,,,N.A.,N.A.: rev,,,,,,,,,,,,,,,,,,,,,0,0,0,0,0,1,Afetivo,Neutro,0.0,,,,,,,,,,,,error,True
FERNANDA_TORRES_6514,Fernanda_Torres,❤,❤,,,N.A.,N.A.: rev,,,,,,,,,,,,,,,,,,,,,0,0,0,0,0,1,Afetivo,Neutro,0.0,,,,,,,,,,,,error,True
FERNANDA_TORRES_6522,Fernanda_Torres,Esse dia foi lendário,,,,N.A.,N.A.: rev,,,,,,,,,,,,,,,,,,,,,0,0,0,0,0,1,Afetivo,Neutro,0.0,,,,,,,,,,,,error,True
FERNANDA_TORRES_6524,Fernanda_Torres,Diva🇧🇷,🇧🇷,,,N.A.,N.A.: rev,,,,,,,,,,,,,,,,,,,,,0,0,0,0,0,1,Afetivo,Neutro,0.0,,,,,,,,,,,,error,True
FERNANDA_TORRES_6540,Fernanda_Torres,"Passado, a foto quase batendo 3 milhões de curtidas 😍",😍,,,N.A.,N.A.: rev,,,,,,,,,,,,,,,,,,,,,0,0,0,0,0,1,Afetivo,Neutro,0.0,,,,,,,,,,,,error,True
FERNANDA_TORRES_6541,Fernanda_Torres,iconic,,,,N.A.,N.A.: rev,,,,,,,,,,,,,,,,,,,,,0,0,0,0,0,1,Afetivo,Neutro,0.0,,,,,,,,,,,,error,True
FERNANDA_TORRES_6546,Fernanda_Torres,A MAIORAL! Perfeita!!! 🔥🇧🇷,🔥 🇧🇷,,,N.A.,N.A.: rev,,,,,,,,,,,,,,,,,,,,,0,0,0,0,0,1,Afetivo,Neutro,0.0,,,,,,,,,,,,error,True
FERNANDA_TORRES_6547,Fernanda_Torres,Nunca duvidei que vc e sua mãe eu a do cão 🐕‍🦺,🐕‍🦺,,,N.A.,N.A.: rev,,,,,,,,,,,,,,,,,,,,,0,0,0,0,0,1,Afetivo,Neutro,0.0,,,,,,,,,,,,error,True
FERNANDA_TORRES_6549,Fernanda_Torres,"Tal mãe, tal filha. ❤️",❤️,,,N.A.,N.A.: rev,,,,,,,,,,,,,,,,,,,,,0,0,0,0,0,1,Afetivo,Neutro,0.0,,,,,,,,,,,,error,True
FERNANDA_TORRES_6553,Fernanda_Torres,Diva ❤️🇧🇷,🇧🇷 ❤️,,,N.A.,N.A.: rev,,,,,,,,,,,,,,,,,,,,,0,0,0,0,0,1,Afetivo,Neutro,0.0,,,,,,,,,,,,error,True
FERNANDA_TORRES_6554,Fernanda_Torres,Até hoje a foto mais curtida dessa página… 👏👏👏,👏,,,N.A.,N.A.: rev,,,,,,,,,,,,,,,,,,,,,0,0,0,0,0,1,Afetivo,Neutro,0.0,,,,,,,,,,,,error,True
FERNANDA_TORRES_6556,Fernanda_Torres,!,,,,N.A.,N.A.: rev,,,,,,,,,,,,,,,,,,,,,0,0,0,0,0,1,Afetivo,Neutro,0.0,,,,,,,,,,,,error,True
